competitor,route_start,route_dest,from_alternateId,to_alternateId,CODE,pax_1,pax_2,pax_3,pax_4,pax_5,pax_6,pax_7,pax_8,pax_9,pax_10,pax_11,pax_12,pax_13,pax_14,pax_15,pax_16,Retry
Sun,Aarhus Airport (AAR),Aalborg,44265,29459,AAR,,,,,,,,,,,,,,,,,
Sun,Aarhus Airport (AAR),Aarhus,44265,29460,AAR,,,,,,,,,,,,,,,,,
Sun,Aarhus Airport (AAR),Billund,44265,29458,AAR,,,,,,,,,,,,,,,,,
Sun,Aarhus Airport (AAR),Herning,44265,30776,AAR,,,,,,,,,,,,,,,,,
Sun,Aarhus Airport (AAR),Kolding,44265,29461,AAR,,,,,,,,,,,,,,,,,
Sun,Aarhus Airport (AAR),Middelfart,44265,32060,AAR,,,,,,,,,,,,,,,,,
Sun,Aarhus Airport (AAR),Odense,44265,29462,AAR,,,,,,,,,,,,,,,,,
Sun,Aarhus Airport (AAR),Ribe,44265,30757,AAR,,,,,,,,,,,,,,,,,
Sun,Aarhus Airport (AAR),Sønderborg,44265,31919,AAR,,,,,,,,,,,,,,,,,
Sun,Aarhus Airport (AAR),Svendborg,44265,30853,AAR,,,,,,,,,,,,,,,,,
Sun,Aarhus Airport (AAR),Vejle,44265,29463,AAR,,,,,,,,,,,,,,,,,
Sun,Aberdeen Airport (ABZ),Aberdeen,28068,27958,ABZ,,,,,,,,,,,,,,,,,
Sun,Aberdeen Airport (ABZ),Banff,28068,29328,ABZ,,,,,,,,,,,,,,,,,
Sun,Aberdeen Airport (ABZ),Brechin,28068,29352,ABZ,,,,,,,,,,,,,,,,,
Sun,Aberdeen Airport (ABZ),Cove Bay,28068,34455,ABZ,,,,,,,,,,,,,,,,,
Sun,Aberdeen Airport (ABZ),Edinburgh,28068,27954,ABZ,,,,,,,,,,,,,,,,,
Sun,Aberdeen Airport (ABZ),Fraserburgh,28068,29441,ABZ,,,,,,,,,,,,,,,,,
Sun,Aberdeen Airport (ABZ),Inverness,28068,27960,ABZ,,,,,,,,,,,,,,,,,
Sun,Aberdeen Airport (ABZ),Portlethen,28068,29666,ABZ,,,,,,,,,,,,,,,,,
Sun,Abu Dhabi Airport,Al Barsha,24989,27300,AUH,,,,,,,,,,,,,,,,,
Sun,Abu Dhabi Airport,Al Mamzar,24989,31690,AUH,,,,,,,,,,,,,,,,,
Sun,Abu Dhabi Airport,Al Maqta,24989,33162,AUH,,,,,,,,,,,,,,,,,
Sun,Abu Dhabi Airport,Danat Jebel Dhanna Resort,24989,25495,AUH,,,,,,,,,,,,,,,,,
Sun,Abu Dhabi Airport,Mirdif,24989,33127,AUH,,,,,,,,,,,,,,,,,
Sun,Abu Dhabi Airport,Qasr Al Sarab,24989,25493,AUH,,,,,,,,,,,,,,,,,
Sun,Abu Dhabi Airport,Saadiyat Island,24989,33967,AUH,,,,,,,,,,,,,,,,,
Sun,Acapulco Airport,Acapulco,28399,26547,ACA,,,,,,,,,,,,,,,,,
Sun,Acapulco Airport,Akumal,28399,26555,ACA,,,,,,,,,,,,,,,,,
Sun,Acapulco Airport,Chichén Itzá,28399,34281,ACA,,,,,,,,,,,,,,,,,
Sun,Acapulco Airport,Colonia Juan N. Alvarez,28399,34187,ACA,,,,,,,,,,,,,,,,,
Sun,Acapulco Airport,Mexico City Centre,28399,26546,ACA,,,,,,,,,,,,,,,,,
Sun,Acapulco Airport,Pie De La Cuesta,28399,34270,ACA,,,,,,,,,,,,,,,,,
Sun,Acapulco Airport,Taxco,28399,26548,ACA,,,,,,,,,,,,,,,,,
Sun,Acapulco Airport,Valle De Bravo,28399,28959,ACA,,,,,,,,,,,,,,,,,
Sun,Agadir Airport,Aourir,21455,27125,AGA,,,,,,,,,,,,,,,,,
Sun,Agadir Airport,Asni,21455,21428,AGA,,,,,,,,,,,,,,,,,
Sun,Agadir Airport,Beni-Mellal,21455,35161,AGA,,,,,,,,,,,,,,,,,
Sun,Agadir Airport,Casablanca,21455,22357,AGA,,,,,,,,,,,,,,,,,
Sun,Agadir Airport,El Jadida,21455,21438,AGA,,,,,,,,,,,,,,,,,
Sun,Agadir Airport,Essaouira,21455,20713,AGA,,,,,,,,,,,,,,,,,
Sun,Agadir Airport,Founty,21455,39974,AGA,,,,,,,,,,,,,,,,,
Sun,Agadir Airport,Imi Ouaddar,21455,29691,AGA,,,,,,,,,,,,,,,,,
Sun,Agadir Airport,Imlil,21455,21429,AGA,,,,,,,,,,,,,,,,,
Sun,Agadir Airport,Immouzzer,21455,21430,AGA,,,,,,,,,,,,,,,,,
Sun,Agadir Airport,Imsouane,21455,36944,AGA,,,,,,,,,,,,,,,,,
Sun,Agadir Airport,Inezgane,21455,39999,AGA,,,,,,,,,,,,,,,,,
Sun,Agadir Airport,Kenitra,21455,27050,AGA,,,,,,,,,,,,,,,,,
Sun,Agadir Airport,Khouribga,21455,33311,AGA,,,,,,,,,,,,,,,,,
Sun,Agadir Airport,Marrakech Airport,21455,20710,AGA,,,,,,,,,,,,,,,,,
Sun,Agadir Airport,Marrakech City (Excl. Medina),21455,20715,AGA,,,,,,,,,,,,,,,,,
Sun,Agadir Airport,Marrakech Medina (Main Entrance),21455,40270,AGA,,,,,,,,,,,,,,,,,
Sun,Agadir Airport,Meknes,21455,21440,AGA,,,,,,,,,,,,,,,,,
Sun,Agadir Airport,Ouirgane,21455,21431,AGA,,,,,,,,,,,,,,,,,
Sun,Agadir Airport,Paradis Plage,21455,35271,AGA,,,,,,,,,,,,,,,,,
Sun,Agadir Airport,Rabat,21455,10954,AGA,,,,,,,,,,,,,,,,,
Sun,Agadir Airport,Safi (Morocco),21455,29693,AGA,,,,,,,,,,,,,,,,,
Sun,Agadir Airport,Settat,21455,35519,AGA,,,,,,,,,,,,,,,,,
Sun,Agadir Airport,Setti Fadma,21455,21432,AGA,,,,,,,,,,,,,,,,,
Sun,Agadir Airport,Sidi Ifni,21455,29690,AGA,,,,,,,,,,,,,,,,,
Sun,Agadir Airport,Sidi Kaouki,21455,33218,AGA,,,,,,,,,,,,,,,,,
Sun,Agadir Airport,Tafraoute,21455,21433,AGA,,,,,,,,,,,,,,,,,
Sun,Agadir Airport,Taghazout,21455,21434,AGA,,,,,,,,,,,,,,,,,
Sun,Agadir Airport,Tamraght,21455,29685,AGA,,,,,,,,,,,,,,,,,
Sun,Agadir Airport,Tantan,21455,29687,AGA,,,,,,,,,,,,,,,,,
Sun,Agadir Airport,Taroudant,21455,21436,AGA,,,,,,,,,,,,,,,,,
Sun,Agadir Airport,Tiguert,21455,40171,AGA,,,,,,,,,,,,,,,,,
Sun,Agadir Airport,Zagora,21455,21452,AGA,,,,,,,,,,,,,,,,,
Sun,Agra Airport,Agra,27746,27747,AGR,,,,,,,,,,,,,,,,,
Sun,Agra Airport,Delhi,27746,27743,AGR,,,,,,,,,,,,,,,,,
Sun,Agra Airport,Delhi Airport,27746,27742,AGR,,,,,,,,,,,,,,,,,
Sun,Agra Airport,Faridabad,27746,30010,AGR,,,,,,,,,,,,,,,,,
Sun,Agra Airport,Gwalior,27746,28871,AGR,,,,,,,,,,,,,,,,,
Sun,Agra Airport,Jaipur,27746,27769,AGR,,,,,,,,,,,,,,,,,
Sun,Agra Airport,Moradabad,27746,35453,AGR,,,,,,,,,,,,,,,,,
Sun,Agra Airport,Vrindavan,27746,36523,AGR,,,,,,,,,,,,,,,,,
Sun,Ahmedabad Airport,Ahmedabad,27748,27749,AMD,,,,,,,,,,,,,,,,,
Sun,Ahmedabad Airport,Ankleshwar,27748,32095,AMD,,,,,,,,,,,,,,,,,
Sun,Ahmedabad Airport,Arpora,27748,30023,AMD,,,,,,,,,,,,,,,,,
Sun,Ahmedabad Airport,Bogmalo Beach,27748,30026,AMD,,,,,,,,,,,,,,,,,
Sun,Ahmedabad Airport,Carmona,27748,10296,AMD,,,,,,,,,,,,,,,,,
Sun,Ahmedabad Airport,Delhi,27748,27743,AMD,,,,,,,,,,,,,,,,,
Sun,Ahmedabad Airport,Mount Abu,27748,39647,AMD,,,,,,,,,,,,,,,,,
Sun,Ahmedabad Airport,Neemuch,27748,35630,AMD,,,,,,,,,,,,,,,,,
Sun,Ahmedabad Airport,North Goa,27748,27759,AMD,,,,,,,,,,,,,,,,,
Sun,Ahmedabad Airport,Rajkot,27748,33883,AMD,,,,,,,,,,,,,,,,,
Sun,Ahmedabad Airport,Udaipur,27748,27779,AMD,,,,,,,,,,,,,,,,,
Sun,Ajaccio Airport,Calcatoggio,24461,27303,AJA,,,,,,,,,,,,,,,,,
Sun,Ajaccio Airport,Calenzana,24461,27512,AJA,,,,,,,,,,,,,,,,,
Sun,Ajaccio Airport,Figari,24461,27514,AJA,,,,,,,,,,,,,,,,,
Sun,Ajaccio Airport,Ile-Rousse,24461,27516,AJA,,,,,,,,,,,,,,,,,
Sun,Ajaccio Airport,Zonza,24461,33709,AJA,,,,,,,,,,,,,,,,,
Sun,Alexandria Borg El Arab Airport,Dahab,43002,25553,HBE,,,,,,,,,,,,,,,,,
Sun,Alexandria Borg El Arab Airport,Damietta,43002,36967,HBE,,,,,,,,,,,,,,,,,
Sun,Alexandria Borg El Arab Airport,Ismailia,43002,31432,HBE,,,,,,,,,,,,,,,,,
Sun,Alexandria Borg El Arab Airport,Marsa Alam Airport,43002,32703,HBE,,,,,,,,,,,,,,,,,
Sun,Alexandria Borg El Arab Airport,Naama Bay,43002,25550,HBE,,,,,,,,,,,,,,,,,
Sun,Alexandria Borg El Arab Airport,Nabq Bay,43002,25551,HBE,,,,,,,,,,,,,,,,,
Sun,Alexandria Borg El Arab Airport,Nuweiba,43002,25554,HBE,,,,,,,,,,,,,,,,,
Sun,Alexandria Borg El Arab Airport,Port Said,43002,31683,HBE,,,,,,,,,,,,,,,,,
Sun,Alexandria Borg El Arab Airport,Qena,43002,35674,HBE,,,,,,,,,,,,,,,,,
Sun,Alexandria Borg El Arab Airport,Ras Nasrani,43002,25561,HBE,,,,,,,,,,,,,,,,,
Sun,Alexandria Borg El Arab Airport,Sharks Bay,43002,25556,HBE,,,,,,,,,,,,,,,,,
Sun,Alexandria Borg El Arab Airport,Sharm El Sheikh,43002,25552,HBE,,,,,,,,,,,,,,,,,
Sun,Alexandria Borg El Arab Airport,Sharm El Sheikh Airport,43002,25546,HBE,,,,,,,,,,,,,,,,,
Sun,Alexandria Borg El Arab Airport,Tanta,43002,36210,HBE,,,,,,,,,,,,,,,,,
Sun,Alexandroupolis Airport,Chrisoupoli,33540,33816,AXD,,,,,,,,,,,,,,,,,
Sun,Alexandroupolis Airport,Didimoticho,33540,33848,AXD,,,,,,,,,,,,,,,,,
Sun,Alexandroupolis Airport,Kavala,33540,25369,AXD,,,,,,,,,,,,,,,,,
Sun,Alexandroupolis Airport,Orestiada,33540,33849,AXD,,,,,,,,,,,,,,,,,
Sun,Alexandroupolis Airport,Ormenio,33540,33850,AXD,,,,,,,,,,,,,,,,,
Sun,Alexandroupolis Airport,Soufli,33540,33847,AXD,,,,,,,,,,,,,,,,,
Sun,Alghero Airport,Arbatax,26370,26366,AHO,,,,,,,,,,,,,,,,,
Sun,Alghero Airport,Badesi,26370,26371,AHO,,,,,,,,,,,,,,,,,
Sun,Alghero Airport,Bosa,26370,26356,AHO,,,,,,,,,,,,,,,,,
Sun,Alghero Airport,Budoni,26370,26419,AHO,,,,,,,,,,,,,,,,,
Sun,Alghero Airport,Cala Gonone,26370,26363,AHO,,,,,,,,,,,,,,,,,
Sun,Alghero Airport,Cannigione,26370,26412,AHO,,,,,,,,,,,,,,,,,
Sun,Alghero Airport,Castelsardo,26370,26373,AHO,,,,,,,,,,,,,,,,,
Sun,Alghero Airport,Costa Paradiso,26370,26374,AHO,,,,,,,,,,,,,,,,,
Sun,Alghero Airport,Fertilia,26370,31943,AHO,,,,,,,,,,,,,,,,,
Sun,Alghero Airport,Golfo Aranci,26370,26396,AHO,,,,,,,,,,,,,,,,,
Sun,Alghero Airport,Isola Rossa,26370,26376,AHO,,,,,,,,,,,,,,,,,
Sun,Alghero Airport,La Ciaccia,26370,35523,AHO,,,,,,,,,,,,,,,,,
Sun,Alghero Airport,Nuoro,26370,26357,AHO,,,,,,,,,,,,,,,,,
Sun,Alghero Airport,Palau,26370,26378,AHO,,,,,,,,,,,,,,,,,
Sun,Alghero Airport,Platamona,26370,26379,AHO,,,,,,,,,,,,,,,,,
Sun,Alghero Airport,Portisco,26370,26398,AHO,,,,,,,,,,,,,,,,,
Sun,Alghero Airport,Porto Cervo,26370,26414,AHO,,,,,,,,,,,,,,,,,
Sun,Alghero Airport,Porto Conte,26370,26380,AHO,,,,,,,,,,,,,,,,,
Sun,Alghero Airport,Porto San Paolo,26370,26394,AHO,,,,,,,,,,,,,,,,,
Sun,Alghero Airport,Porto Torres,26370,26361,AHO,,,,,,,,,,,,,,,,,
Sun,Alghero Airport,San Teodoro,26370,26381,AHO,,,,,,,,,,,,,,,,,
Sun,Alghero Airport,Santa Teresa Gallura,26370,26382,AHO,,,,,,,,,,,,,,,,,
Sun,Alghero Airport,Sassari,26370,26383,AHO,,,,,,,,,,,,,,,,,
Sun,Alghero Airport,Sorso,26370,26384,AHO,,,,,,,,,,,,,,,,,
Sun,Alghero Airport,Stintino,26370,26385,AHO,,,,,,,,,,,,,,,,,
Sun,Alghero Airport,Tortoli,26370,26365,AHO,,,,,,,,,,,,,,,,,
Sun,Alghero Airport,Valledoria,26370,26386,AHO,,,,,,,,,,,,,,,,,
Sun,Alghero Airport,Vignola Mare,26370,26439,AHO,,,,,,,,,,,,,,,,,
Sun,Alghero Airport,Villasimius,26370,26341,AHO,,,,,,,,,,,,,,,,,
Sun,Alicante Airport,Albir,10569,10001,ALC,,,,,,,,,,,,,,,,,
Sun,Alicante Airport,Alfas Del Pi,10569,20695,ALC,,,,,,,,,,,,,,,,,
Sun,Alicante Airport,Algorfa,10569,21671,ALC,,,,,,,,,,,,,,,,,
Sun,Alicante Airport,Alicante Airport,10569,10569,ALC,,,,,,,,,,,,,,,,,
Sun,Alicante Airport,Alicante Train Station,10569,40506,ALC,,,,,,,,,,,,,,,,,
Sun,Alicante Airport,Altea,10569,10003,ALC,,,,,,,,,,,,,,,,,
Sun,Alicante Airport,Arenales Del Sol,10569,21316,ALC,,,,,,,,,,,,,,,,,
Sun,Alicante Airport,Benidoleig,10569,22373,ALC,,,,,,,,,,,,,,,,,
Sun,Alicante Airport,Benidorm,10569,10004,ALC,,,,,,,,,,,,,,,,,
Sun,Alicante Airport,Benimar,10569,23395,ALC,,,,,,,,,,,,,,,,,
Sun,Alicante Airport,Benissa,10569,20694,ALC,,,,,,,,,,,,,,,,,
Sun,Alicante Airport,Benitachell,10569,22490,ALC,,,,,,,,,,,,,,,,,
Sun,Alicante Airport,Bolnuevo,10569,31386,ALC,,,,,,,,,,,,,,,,,
Sun,Alicante Airport,Busot,10569,23344,ALC,,,,,,,,,,,,,,,,,
Sun,Alicante Airport,Cabo De Palos,10569,22200,ALC,,,,,,,,,,,,,,,,,
Sun,Alicante Airport,Cabo Roig,10569,10005,ALC,,,,,,,,,,,,,,,,,
Sun,Alicante Airport,Cala D'or,10569,10409,ALC,,,,,,,,,,,,,,,,,
Sun,Alicante Airport,Callosa De Segura,10569,21317,ALC,,,,,,,,,,,,,,,,,
Sun,Alicante Airport,Calpe,10569,10006,ALC,,,,,,,,,,,,,,,,,
Sun,Alicante Airport,Campoamor (Dehesa De Campoamor),10569,21318,ALC,,,,,,,,,,,,,,,,,
Sun,Alicante Airport,Cartagena,10569,10008,ALC,,,,,,,,,,,,,,,,,
Sun,Alicante Airport,Coveta Fuma,10569,22496,ALC,,,,,,,,,,,,,,,,,
Sun,Alicante Airport,Daimús,10569,24961,ALC,,,,,,,,,,,,,,,,,
Sun,Alicante Airport,Dénia,10569,10010,ALC,,,,,,,,,,,,,,,,,
Sun,Alicante Airport,El Campello,10569,21274,ALC,,,,,,,,,,,,,,,,,
Sun,Alicante Airport,Finestrat,10569,35363,ALC,,,,,,,,,,,,,,,,,
Sun,Alicante Airport,Gandia,10569,10013,ALC,,,,,,,,,,,,,,,,,
Sun,Alicante Airport,Gran Alacant,10569,10905,ALC,,,,,,,,,,,,,,,,,
Sun,Alicante Airport,Guardamar Del Segura,10569,10014,ALC,,,,,,,,,,,,,,,,,
Sun,Alicante Airport,Hondón De Las Nieves,10569,22387,ALC,,,,,,,,,,,,,,,,,
Sun,Alicante Airport,Ibi,10569,21279,ALC,,,,,,,,,,,,,,,,,
Sun,Alicante Airport,Jesus Pobre,10569,37164,ALC,,,,,,,,,,,,,,,,,
Sun,Alicante Airport,L'Altet,10569,42692,ALC,,,,,,,,,,,,,,,,,
Sun,Alicante Airport,La Manga Club,10569,10016,ALC,,,,,,,,,,,,,,,,,
Sun,Alicante Airport,La Manga Del Mar Menor,10569,10017,ALC,,,,,,,,,,,,,,,,,
Sun,Alicante Airport,La Marina,10569,10623,ALC,,,,,,,,,,,,,,,,,
Sun,Alicante Airport,La Nucia,10569,10018,ALC,,,,,,,,,,,,,,,,,
Sun,Alicante Airport,La Zenia,10569,10904,ALC,,,,,,,,,,,,,,,,,
Sun,Alicante Airport,Lo Pagán,10569,22208,ALC,,,,,,,,,,,,,,,,,
Sun,Alicante Airport,Lorca,10569,20718,ALC,,,,,,,,,,,,,,,,,
Sun,Alicante Airport,Los Altos (Urb.),10569,23099,ALC,,,,,,,,,,,,,,,,,
Sun,Alicante Airport,Malaga Airport,10569,10577,ALC,,,,,,,,,,,,,,,,,
Sun,Alicante Airport,Mar Menor Golf Resort,10569,10684,ALC,,,,,,,,,,,,,,,,,
Sun,Alicante Airport,Mazarrón,10569,21125,ALC,,,,,,,,,,,,,,,,,
Sun,Alicante Airport,Mil Palmeras,10569,20703,ALC,,,,,,,,,,,,,,,,,
Sun,Alicante Airport,Mojacar,10569,10019,ALC,,,,,,,,,,,,,,,,,
Sun,Alicante Airport,Murcia Airport,10569,10579,ALC,,,,,,,,,,,,,,,,,
Sun,Alicante Airport,Mutxamel,10569,21290,ALC,,,,,,,,,,,,,,,,,
Sun,Alicante Airport,Oliva,10569,10022,ALC,,,,,,,,,,,,,,,,,
Sun,Alicante Airport,Orba,10569,24392,ALC,,,,,,,,,,,,,,,,,
Sun,Alicante Airport,Orihuela Costa,10569,22210,ALC,,,,,,,,,,,,,,,,,
Sun,Alicante Airport,Pedreguer,10569,21334,ALC,,,,,,,,,,,,,,,,,
Sun,Alicante Airport,Pilar De La Horadada,10569,21335,ALC,,,,,,,,,,,,,,,,,
Sun,Alicante Airport,Pinar De Campoverde,10569,20699,ALC,,,,,,,,,,,,,,,,,
Sun,Alicante Airport,Playa De San Juan,10569,38315,ALC,,,,,,,,,,,,,,,,,
Sun,Alicante Airport,Playa Flamenca,10569,10024,ALC,,,,,,,,,,,,,,,,,
Sun,Alicante Airport,Polop,10569,38316,ALC,,,,,,,,,,,,,,,,,
Sun,Alicante Airport,Rojales,10569,22117,ALC,,,,,,,,,,,,,,,,,
Sun,Alicante Airport,Roldán,10569,24406,ALC,,,,,,,,,,,,,,,,,
Sun,Alicante Airport,Roquetas De Mar,10569,10027,ALC,,,,,,,,,,,,,,,,,
Sun,Alicante Airport,San Fulgencio,10569,22118,ALC,,,,,,,,,,,,,,,,,
Sun,Alicante Airport,San Javier,10569,22119,ALC,,,,,,,,,,,,,,,,,
Sun,Alicante Airport,San Pedro Del Pinatar,10569,21338,ALC,,,,,,,,,,,,,,,,,
Sun,Alicante Airport,Sant Joan D'alacant,10569,10029,ALC,,,,,,,,,,,,,,,,,
Sun,Alicante Airport,Sant Vicent Del Raspeig,10569,21339,ALC,,,,,,,,,,,,,,,,,
Sun,Alicante Airport,Santa Pola,10569,21188,ALC,,,,,,,,,,,,,,,,,
Sun,Alicante Airport,Santiago De La Ribera,10569,27140,ALC,,,,,,,,,,,,,,,,,
Sun,Alicante Airport,Teulada,10569,26343,ALC,,,,,,,,,,,,,,,,,
Sun,Alicante Airport,Torre De La Horadada,10569,22401,ALC,,,,,,,,,,,,,,,,,
Sun,Alicante Airport,Torrevieja,10569,10030,ALC,,,,,,,,,,,,,,,,,
Sun,Alicante Airport,Turre,10569,10067,ALC,,,,,,,,,,,,,,,,,
Sun,Alicante Airport,Vera Playa,10569,10032,ALC,,,,,,,,,,,,,,,,,
Sun,Alicante Airport,Villajoyosa,10569,10033,ALC,,,,,,,,,,,,,,,,,
Sun,Alicante Airport,Yecla,10569,21314,ALC,,,,,,,,,,,,,,,,,
Sun,Alicante Train Station,Benidorm,40506,10004,NULL,,,,,,,,,,,,,,,,,
Sun,Alicante Train Station,Calpe,40506,10006,NULL,,,,,,,,,,,,,,,,,
Sun,Alicante Train Station,Torrevieja,40506,10030,NULL,,,,,,,,,,,,,,,,,
Sun,Alicante Train Station,Villajoyosa,40506,10033,NULL,,,,,,,,,,,,,,,,,
Sun,Almaty Airport,Almaty,32761,32777,ALA,,,,,,,,,,,,,,,,,
Sun,Almeria Airport,Albox,10570,21469,LEI,,,,,,,,,,,,,,,,,
Sun,Almeria Airport,Almerimar,10570,10038,LEI,,,,,,,,,,,,,,,,,
Sun,Almeria Airport,Arboleas,10570,21467,LEI,,,,,,,,,,,,,,,,,
Sun,Almeria Airport,Bahía Serena (Roquetas De Mar),10570,27358,LEI,,,,,,,,,,,,,,,,,
Sun,Almeria Airport,Carboneras,10570,10041,LEI,,,,,,,,,,,,,,,,,
Sun,Almeria Airport,El Éjido,10570,23819,LEI,,,,,,,,,,,,,,,,,
Sun,Almeria Airport,El Toyo,10570,21460,LEI,,,,,,,,,,,,,,,,,
Sun,Almeria Airport,Garrucha,10570,10044,LEI,,,,,,,,,,,,,,,,,
Sun,Almeria Airport,Los Gallardos,10570,27207,LEI,,,,,,,,,,,,,,,,,
Sun,Almeria Airport,Malaga Airport,10570,10577,LEI,,,,,,,,,,,,,,,,,
Sun,Almeria Airport,Mojacar,10570,10019,LEI,,,,,,,,,,,,,,,,,
Sun,Almeria Airport,Níjar,10570,10061,LEI,,,,,,,,,,,,,,,,,
Sun,Almeria Airport,Retamar,10570,10057,LEI,,,,,,,,,,,,,,,,,
Sun,Almeria Airport,Roquetas De Mar,10570,10027,LEI,,,,,,,,,,,,,,,,,
Sun,Almeria Airport,San Juan De Los Terreros,10570,22214,LEI,,,,,,,,,,,,,,,,,
Sun,Almeria Airport,Turre,10570,10067,LEI,,,,,,,,,,,,,,,,,
Sun,Almeria Airport,Vera,10570,10624,LEI,,,,,,,,,,,,,,,,,
Sun,Almeria Airport,Vera Playa,10570,10032,LEI,,,,,,,,,,,,,,,,,
Sun,Almeria Airport,Villaricos,10570,21466,LEI,,,,,,,,,,,,,,,,,
Sun,Amritsar Airport,Amritsar,27750,27751,ATQ,,,,,,,,,,,,,,,,,
Sun,Amritsar Airport,Bathinda,27750,31678,ATQ,,,,,,,,,,,,,,,,,
Sun,Amritsar Airport,Bogmalo Beach,27750,30026,ATQ,,,,,,,,,,,,,,,,,
Sun,Amritsar Airport,Carmona,27750,10296,ATQ,,,,,,,,,,,,,,,,,
Sun,Amritsar Airport,Chandigarh,27750,30011,ATQ,,,,,,,,,,,,,,,,,
Sun,Amritsar Airport,Delhi,27750,27743,ATQ,,,,,,,,,,,,,,,,,
Sun,Amritsar Airport,Dharamsala,27750,29989,ATQ,,,,,,,,,,,,,,,,,
Sun,Amritsar Airport,Dwarka,27750,36139,ATQ,,,,,,,,,,,,,,,,,
Sun,Amritsar Airport,Jalandhar,27750,28946,ATQ,,,,,,,,,,,,,,,,,
Sun,Amritsar Airport,Phagwara,27750,27858,ATQ,,,,,,,,,,,,,,,,,
Sun,Amsterdam Schiphol Airport,Almere,22410,26312,AMS,,,,,,,,,,,,,,,,,
Sun,Amsterdam Schiphol Airport,Amersfoort,22410,25279,AMS,,,,,,,,,,,,,,,,,
Sun,Amsterdam Schiphol Airport,Amstelveen,22410,25280,AMS,,,,,,,,,,,,,,,,,
Sun,Amsterdam Schiphol Airport,Antwerpen,22410,22413,AMS,,,,,,,,,,,,,,,,,
Sun,Amsterdam Schiphol Airport,Biddinghuizen,22410,35003,AMS,,,,,,,,,,,,,,,,,
Sun,Amsterdam Schiphol Airport,Brugge,22410,22427,AMS,,,,,,,,,,,,,,,,,
Sun,Ancona Airport,Ancona,25759,25724,AOI,,,,,,,,,,,,,,,,,
Sun,Ancona Airport,Bologna,25759,25518,AOI,,,,,,,,,,,,,,,,,
Sun,Ancona Airport,Cattolica,25759,27096,AOI,,,,,,,,,,,,,,,,,
Sun,Ancona Airport,Faenza,25759,25732,AOI,,,,,,,,,,,,,,,,,
Sun,Ancona Airport,Ferrara,25759,25733,AOI,,,,,,,,,,,,,,,,,
Sun,Ancona Airport,Gabicce Mare,25759,27359,AOI,,,,,,,,,,,,,,,,,
Sun,Ancona Airport,Lucca,25759,25590,AOI,,,,,,,,,,,,,,,,,
Sun,Ancona Airport,Macerata,25759,42189,AOI,,,,,,,,,,,,,,,,,
Sun,Ancona Airport,Modena,25759,25598,AOI,,,,,,,,,,,,,,,,,
Sun,Ancona Airport,Padova,25759,21611,AOI,,,,,,,,,,,,,,,,,
Sun,Ancona Airport,Parma,25759,25740,AOI,,,,,,,,,,,,,,,,,
Sun,Ancona Airport,Pesaro,25759,25742,AOI,,,,,,,,,,,,,,,,,
Sun,Ancona Airport,Piacenza,25759,25743,AOI,,,,,,,,,,,,,,,,,
Sun,Ancona Airport,Reggio Emilia,25759,25746,AOI,,,,,,,,,,,,,,,,,
Sun,Ancona Airport,Rovigo,25759,21619,AOI,,,,,,,,,,,,,,,,,
Sun,Ancona Airport,Senigallia,25759,34262,AOI,,,,,,,,,,,,,,,,,
Sun,Ancona Airport,Venice Piazzale Roma,25759,21642,AOI,,,,,,,,,,,,,,,,,
Sun,Ancona Airport,Verona,25759,21645,AOI,,,,,,,,,,,,,,,,,
Sun,Annecy Airport,Auris-En-Oisans,10810,10631,NCY,,,,,,,,,,,,,,,,,
Sun,Annecy Airport,Belleville (Savoie),10810,10734,NCY,,,,,,,,,,,,,,,,,
Sun,Annecy Airport,Chamrousse,10810,10638,NCY,,,,,,,,,,,,,,,,,
Sun,Annecy Airport,Combloux,10810,10771,NCY,,,,,,,,,,,,,,,,,
Sun,Annecy Airport,Courchevel,10810,10641,NCY,,,,,,,,,,,,,,,,,
Sun,Annecy Airport,Crest-Voland,10810,10723,NCY,,,,,,,,,,,,,,,,,
Sun,Annecy Airport,Essert Romand,10810,10763,NCY,,,,,,,,,,,,,,,,,
Sun,Annecy Airport,Flaine,10810,10773,NCY,,,,,,,,,,,,,,,,,
Sun,Annecy Airport,La Grande Terche,10810,10758,NCY,,,,,,,,,,,,,,,,,
Sun,Annecy Airport,La Rosiere (Montvalezan),10810,10746,NCY,,,,,,,,,,,,,,,,,
Sun,Annecy Airport,La Tania,10810,10648,NCY,,,,,,,,,,,,,,,,,
Sun,Annecy Airport,Lake Annecy,10810,21804,NCY,,,,,,,,,,,,,,,,,
Sun,Annecy Airport,Le Corbier,10810,10701,NCY,,,,,,,,,,,,,,,,,
Sun,Annecy Airport,Les Arcs (1950 / 2000),10810,10652,NCY,,,,,,,,,,,,,,,,,
Sun,Annecy Airport,Les Contamines,10810,10770,NCY,,,,,,,,,,,,,,,,,
Sun,Annecy Airport,Les Gets,10810,10748,NCY,,,,,,,,,,,,,,,,,
Sun,Annecy Airport,Les Houches,10810,10754,NCY,,,,,,,,,,,,,,,,,
Sun,Annecy Airport,Les Menuires,10810,10654,NCY,,,,,,,,,,,,,,,,,
Sun,Annecy Airport,Les Saisies,10810,10709,NCY,,,,,,,,,,,,,,,,,
Sun,Annecy Airport,Megeve,10810,10767,NCY,,,,,,,,,,,,,,,,,
Sun,Annecy Airport,Meribel,10810,10657,NCY,,,,,,,,,,,,,,,,,
Sun,Annecy Airport,Montriond,10810,10765,NCY,,,,,,,,,,,,,,,,,
Sun,Annecy Airport,Morzine,10810,10749,NCY,,,,,,,,,,,,,,,,,
Sun,Annecy Airport,Orelle,10810,10707,NCY,,,,,,,,,,,,,,,,,
Sun,Annecy Airport,Pralognan La Vanoise,10810,10738,NCY,,,,,,,,,,,,,,,,,
Sun,Annecy Airport,Saint-François-Longchamp,10810,10704,NCY,,,,,,,,,,,,,,,,,
Sun,Annecy Airport,Samoens,10810,10750,NCY,,,,,,,,,,,,,,,,,
Sun,Annecy Airport,Tignes,10810,10661,NCY,,,,,,,,,,,,,,,,,
Sun,Annecy Airport,Val Cenis,10810,10720,NCY,,,,,,,,,,,,,,,,,
Sun,Annecy Airport,Val Thorens,10810,10664,NCY,,,,,,,,,,,,,,,,,
Sun,Annecy Airport,Valfrejus,10810,10706,NCY,,,,,,,,,,,,,,,,,
Sun,Annecy Airport,Valloire,10810,10702,NCY,,,,,,,,,,,,,,,,,
Sun,Annecy Airport,Valmeinier,10810,10703,NCY,,,,,,,,,,,,,,,,,
Sun,Annecy Airport,Verchaix,10810,10761,NCY,,,,,,,,,,,,,,,,,
Sun,Annecy Airport,Villard De Lans,10810,10666,NCY,,,,,,,,,,,,,,,,,
Sun,Antalya Airport,Aksu,10902,10881,AYT,,,,,,,,,,,,,,,,,
Sun,Antalya Airport,Alanya,10902,10859,AYT,,,,,,,,,,,,,,,,,
Sun,Antalya Airport,Avsallar,10902,10866,AYT,,,,,,,,,,,,,,,,,
Sun,Antalya Airport,Beldibi (Antalya),10902,10886,AYT,,,,,,,,,,,,,,,,,
Sun,Antalya Airport,Belek,10902,10879,AYT,,,,,,,,,,,,,,,,,
Sun,Antalya Airport,Camyuva,10902,10889,AYT,,,,,,,,,,,,,,,,,
Sun,Antalya Airport,Cirali,10902,21965,AYT,,,,,,,,,,,,,,,,,
Sun,Antalya Airport,Colakli,10902,21967,AYT,,,,,,,,,,,,,,,,,
Sun,Antalya Airport,Evrenseki,10902,10878,AYT,,,,,,,,,,,,,,,,,
Sun,Antalya Airport,Goynuk,10902,10887,AYT,,,,,,,,,,,,,,,,,
Sun,Antalya Airport,Kadriye,10902,34902,AYT,,,,,,,,,,,,,,,,,
Sun,Antalya Airport,Karaburun (Okurcalar),10902,10868,AYT,,,,,,,,,,,,,,,,,
Sun,Antalya Airport,Kemer,10902,10888,AYT,,,,,,,,,,,,,,,,,
Sun,Antalya Airport,Kiris,10902,10890,AYT,,,,,,,,,,,,,,,,,
Sun,Antalya Airport,Kizilagac,10902,10870,AYT,,,,,,,,,,,,,,,,,
Sun,Antalya Airport,Kizilot,10902,10871,AYT,,,,,,,,,,,,,,,,,
Sun,Antalya Airport,Konakli,10902,10862,AYT,,,,,,,,,,,,,,,,,
Sun,Antalya Airport,Konyaalti,10902,10885,AYT,,,,,,,,,,,,,,,,,
Sun,Antalya Airport,Kumköy (Side),10902,10877,AYT,,,,,,,,,,,,,,,,,
Sun,Antalya Airport,Mahmutlar,10902,10857,AYT,,,,,,,,,,,,,,,,,
Sun,Antalya Airport,Manavgat,10902,10873,AYT,,,,,,,,,,,,,,,,,
Sun,Antalya Airport,Okurcalar,10902,10867,AYT,,,,,,,,,,,,,,,,,
Sun,Antalya Airport,Olympos,10902,10893,AYT,,,,,,,,,,,,,,,,,
Sun,Antalya Airport,Payallar,10902,10863,AYT,,,,,,,,,,,,,,,,,
Sun,Antalya Airport,Side,10902,10872,AYT,,,,,,,,,,,,,,,,,
Sun,Antalya Airport,Tosmur,10902,10860,AYT,,,,,,,,,,,,,,,,,
Sun,Antalya Airport,Turkler,10902,10865,AYT,,,,,,,,,,,,,,,,,
Sun,Araxos Airport,Costa Navarino,30676,30687,GPA,,,,,,,,,,,,,,,,,
Sun,Araxos Airport,Delphi,30676,21537,GPA,,,,,,,,,,,,,,,,,
Sun,Araxos Airport,Igoumenitsa Town,30676,29249,GPA,,,,,,,,,,,,,,,,,
Sun,Araxos Airport,Kalamata Airport,30676,30675,GPA,,,,,,,,,,,,,,,,,
Sun,Araxos Airport,Lefkada Town,30676,23278,GPA,,,,,,,,,,,,,,,,,
Sun,Aruba Airport,Palm Beach (Aruba),30085,31656,AUA,,,,,,,,,,,,,,,,,
Sun,Asturias Airport,Avilés,24505,24719,OVD,,,,,,,,,,,,,,,,,
Sun,Asturias Airport,Cabezón De La Sal,24505,20769,OVD,,,,,,,,,,,,,,,,,
Sun,Asturias Airport,Cangas De Onís,24505,20773,OVD,,,,,,,,,,,,,,,,,
Sun,Asturias Airport,Comillas,24505,20777,OVD,,,,,,,,,,,,,,,,,
Sun,Asturias Airport,Foz,24505,24642,OVD,,,,,,,,,,,,,,,,,
Sun,Asturias Airport,Gijón,24505,20779,OVD,,,,,,,,,,,,,,,,,
Sun,Asturias Airport,León,24505,20783,OVD,,,,,,,,,,,,,,,,,
Sun,Asturias Airport,Madrid Atocha Train Station,24505,40304,OVD,,,,,,,,,,,,,,,,,
Sun,Asturias Airport,Oviedo,24505,20788,OVD,,,,,,,,,,,,,,,,,
Sun,Asturias Airport,Ponferrada,24505,24701,OVD,,,,,,,,,,,,,,,,,
Sun,Asturias Airport,Ribadesella,24505,20797,OVD,,,,,,,,,,,,,,,,,
Sun,Asturias Airport,Sahagún,24505,33167,OVD,,,,,,,,,,,,,,,,,
Sun,Asturias Airport,San Vicente De La Barquera,24505,20798,OVD,,,,,,,,,,,,,,,,,
Sun,Asturias Airport,Soto De Luiña,24505,31636,OVD,,,,,,,,,,,,,,,,,
Sun,Aswan Airport,Burj Al Arab,26649,37482,ASW,,,,,,,,,,,,,,,,,
Sun,Aswan Airport,Dahab,26649,25553,ASW,,,,,,,,,,,,,,,,,
Sun,Aswan Airport,Damietta,26649,36967,ASW,,,,,,,,,,,,,,,,,
Sun,Aswan Airport,Marsa Alam Airport,26649,32703,ASW,,,,,,,,,,,,,,,,,
Sun,Aswan Airport,Naama Bay,26649,25550,ASW,,,,,,,,,,,,,,,,,
Sun,Aswan Airport,Nabq Bay,26649,25551,ASW,,,,,,,,,,,,,,,,,
Sun,Aswan Airport,Nuweiba,26649,25554,ASW,,,,,,,,,,,,,,,,,
Sun,Aswan Airport,Qena,26649,35674,ASW,,,,,,,,,,,,,,,,,
Sun,Aswan Airport,Ras Nasrani,26649,25561,ASW,,,,,,,,,,,,,,,,,
Sun,Aswan Airport,Sharks Bay,26649,25556,ASW,,,,,,,,,,,,,,,,,
Sun,Athens Airport,Alimos Marina,21532,23265,ATH,,,,,,,,,,,,,,,,,
Sun,Athens Airport,Anavyssos,21532,21534,ATH,,,,,,,,,,,,,,,,,
Sun,Athens Airport,Athens Train Station,21532,23766,ATH,,,,,,,,,,,,,,,,,
Sun,Athens Airport,Chalandri,21532,23795,ATH,,,,,,,,,,,,,,,,,
Sun,Athens Airport,Corinth Town,21532,21541,ATH,,,,,,,,,,,,,,,,,
Sun,Athens Airport,Costa Navarino,21532,30687,ATH,,,,,,,,,,,,,,,,,
Sun,Athens Airport,Eretria,21532,21538,ATH,,,,,,,,,,,,,,,,,
Sun,Athens Airport,Kamena Vourla,21532,21540,ATH,,,,,,,,,,,,,,,,,
Sun,Athens Airport,Kifisia,21532,23261,ATH,,,,,,,,,,,,,,,,,
Sun,Athens Airport,Kranidi,21532,30704,ATH,,,,,,,,,,,,,,,,,
Sun,Athens Airport,Lagonisi,21532,21542,ATH,,,,,,,,,,,,,,,,,
Sun,Athens Airport,Lavrio,21532,21543,ATH,,,,,,,,,,,,,,,,,
Sun,Athens Airport,Lefkada Town,21532,23278,ATH,,,,,,,,,,,,,,,,,
Sun,Athens Airport,Loutra Killinis,21532,38452,ATH,,,,,,,,,,,,,,,,,
Sun,Athens Airport,Loutraki,21532,21544,ATH,,,,,,,,,,,,,,,,,
Sun,Athens Airport,Marathon (Athens),21532,21546,ATH,,,,,,,,,,,,,,,,,
Sun,Athens Airport,Mati,21532,21548,ATH,,,,,,,,,,,,,,,,,
Sun,Athens Airport,Nafplion,21532,21549,ATH,,,,,,,,,,,,,,,,,
Sun,Athens Airport,Nea Makri,21532,21550,ATH,,,,,,,,,,,,,,,,,
Sun,Athens Airport,Nea Styra,21532,44828,ATH,,,,,,,,,,,,,,,,,
Sun,Athens Airport,Plaka (Athens),21532,23803,ATH,,,,,,,,,,,,,,,,,
Sun,Athens Airport,Poros,21532,21490,ATH,,,,,,,,,,,,,,,,,
Sun,Athens Airport,Porto Cheli,21532,31527,ATH,,,,,,,,,,,,,,,,,
Sun,Athens Airport,Porto Heli,21532,21553,ATH,,,,,,,,,,,,,,,,,
Sun,Athens Airport,Rafina Port,21532,21554,ATH,,,,,,,,,,,,,,,,,
Sun,Athens Airport,Saronida,21532,21555,ATH,,,,,,,,,,,,,,,,,
Sun,Athens Airport,Sounio,21532,21556,ATH,,,,,,,,,,,,,,,,,
Sun,Athens Airport,Tolo,21532,21557,ATH,,,,,,,,,,,,,,,,,
Sun,Athens Airport,Vari,21532,23779,ATH,,,,,,,,,,,,,,,,,
Sun,Athens Airport,Volos Port,21532,44105,ATH,,,,,,,,,,,,,,,,,
Sun,Athens Airport,Vouliagmeni,21532,21559,ATH,,,,,,,,,,,,,,,,,
Sun,Athens Airport,Vravrona,21532,21560,ATH,,,,,,,,,,,,,,,,,
Sun,Athens Airport,Zografou,21532,23786,ATH,,,,,,,,,,,,,,,,,
Sun,Atlanta International Airport,Acworth,30475,30600,ATL,,,,,,,,,,,,,,,,,
Sun,Atlanta International Airport,Alpharetta,30475,30601,ATL,,,,,,,,,,,,,,,,,
Sun,Atlanta International Airport,Covington,30475,35611,ATL,,,,,,,,,,,,,,,,,
Sun,Atlanta International Airport,Hiram (Georgia),30475,31419,ATL,,,,,,,,,,,,,,,,,
Sun,Atlanta International Airport,Jacksonville,30475,29688,ATL,,,,,,,,,,,,,,,,,
Sun,Atlanta International Airport,Johns Creek,30475,30610,ATL,,,,,,,,,,,,,,,,,
Sun,Atlanta International Airport,Kennesaw,30475,35266,ATL,,,,,,,,,,,,,,,,,
Sun,Atlanta International Airport,Lawrenceville,30475,30608,ATL,,,,,,,,,,,,,,,,,
Sun,Atlanta International Airport,Montgomery,30475,30377,ATL,,,,,,,,,,,,,,,,,
Sun,Atlanta International Airport,Powder Springs,30475,35052,ATL,,,,,,,,,,,,,,,,,
Sun,Atlanta International Airport,Sandy Springs,30475,33290,ATL,,,,,,,,,,,,,,,,,
Sun,Austin Bergstrom International Airport (AUS),Abilene,45236,34939,AUS,,,,,,,,,,,,,,,,,
Sun,Austin Bergstrom International Airport (AUS),San Marcos,45236,22947,AUS,,,,,,,,,,,,,,,,,
Sun,Austin Bergstrom International Airport (AUS),Victoria,45236,21879,AUS,,,,,,,,,,,,,,,,,
Sun,Avignon Airport,Alassio,21707,23297,AVN,,,,,,,,,,,,,,,,,
Sun,Avignon Airport,Antibes,21707,10814,AVN,,,,,,,,,,,,,,,,,
Sun,Avignon Airport,Arles,21707,21706,AVN,,,,,,,,,,,,,,,,,
Sun,Avignon Airport,Beaulieu Sur Mer,21707,10817,AVN,,,,,,,,,,,,,,,,,
Sun,Avignon Airport,Biot,21707,10819,AVN,,,,,,,,,,,,,,,,,
Sun,Avignon Airport,Cagnes Sur Mer,21707,10820,AVN,,,,,,,,,,,,,,,,,
Sun,Avignon Airport,Camping Chateau De Boisson,21707,30881,AVN,,,,,,,,,,,,,,,,,
Sun,Avignon Airport,Cannes,21707,10821,AVN,,,,,,,,,,,,,,,,,
Sun,Avignon Airport,Carros,21707,27546,AVN,,,,,,,,,,,,,,,,,
Sun,Avignon Airport,Cervo,21707,41147,AVN,,,,,,,,,,,,,,,,,
Sun,Avignon Airport,Eze,21707,10822,AVN,,,,,,,,,,,,,,,,,
Sun,Avignon Airport,Fontaine-De-Vaucluse,21707,38179,AVN,,,,,,,,,,,,,,,,,
Sun,Avignon Airport,Fréjus,21707,10823,AVN,,,,,,,,,,,,,,,,,
Sun,Avignon Airport,Goult,21707,24965,AVN,,,,,,,,,,,,,,,,,
Sun,Avignon Airport,L'isle-Sur-La-Sorgue,21707,22676,AVN,,,,,,,,,,,,,,,,,
Sun,Avignon Airport,Le Castellet,21707,23298,AVN,,,,,,,,,,,,,,,,,
Sun,Avignon Airport,Malaucène,21707,30974,AVN,,,,,,,,,,,,,,,,,
Sun,Avignon Airport,Ménerbes,21707,35082,AVN,,,,,,,,,,,,,,,,,
Sun,Avignon Airport,Montauroux,21707,27551,AVN,,,,,,,,,,,,,,,,,
Sun,Avignon Airport,Monteux,21707,34256,AVN,,,,,,,,,,,,,,,,,
Sun,Avignon Airport,Mormoiron,21707,34684,AVN,,,,,,,,,,,,,,,,,
Sun,Avignon Airport,Mougins,21707,10833,AVN,,,,,,,,,,,,,,,,,
Sun,Avignon Airport,Orange,21707,21719,AVN,,,,,,,,,,,,,,,,,
Sun,Avignon Airport,Pernes-Les-Fontaines,21707,25429,AVN,,,,,,,,,,,,,,,,,
Sun,Avignon Airport,Sabran,21707,34234,AVN,,,,,,,,,,,,,,,,,
Sun,Avignon Airport,Sanremo,21707,10843,AVN,,,,,,,,,,,,,,,,,
Sun,Avignon Airport,Tarascon,21707,27489,AVN,,,,,,,,,,,,,,,,,
Sun,Avignon Airport,Vaison-La-Romaine,21707,25321,AVN,,,,,,,,,,,,,,,,,
Sun,Avignon Airport,Valbonne,21707,10848,AVN,,,,,,,,,,,,,,,,,
Sun,Avignon Airport,Vallauris,21707,31822,AVN,,,,,,,,,,,,,,,,,
Sun,Avignon Airport,Vallon-Pont-D'arc,21707,27569,AVN,,,,,,,,,,,,,,,,,
Sun,Avignon Airport,Vence,21707,21790,AVN,,,,,,,,,,,,,,,,,
Sun,Avignon Airport,Viens,21707,35746,AVN,,,,,,,,,,,,,,,,,
Sun,Bali Denpasar International Airport,Bali,29994,10291,DPS,,,,,,,,,,,,,,,,,
Sun,Bali Denpasar International Airport,Banjuwedang,29994,34738,DPS,,,,,,,,,,,,,,,,,
Sun,Bali Denpasar International Airport,Bedugul,29994,29969,DPS,,,,,,,,,,,,,,,,,
Sun,Bali Denpasar International Airport,Gianyar,29994,32295,DPS,,,,,,,,,,,,,,,,,
Sun,Bali Denpasar International Airport,Karangasem,29994,29973,DPS,,,,,,,,,,,,,,,,,
Sun,Bali Denpasar International Airport,Klungkung,29994,29974,DPS,,,,,,,,,,,,,,,,,
Sun,Bali Denpasar International Airport,Kuta,29994,29975,DPS,,,,,,,,,,,,,,,,,
Sun,Bali Denpasar International Airport,Kuta Selatan,29994,30742,DPS,,,,,,,,,,,,,,,,,
Sun,Bali Denpasar International Airport,Legian Beach,29994,30954,DPS,,,,,,,,,,,,,,,,,
Sun,Bali Denpasar International Airport,Medewi,29994,29979,DPS,,,,,,,,,,,,,,,,,
Sun,Bali Denpasar International Airport,New Kuta Golf,29994,35126,DPS,,,,,,,,,,,,,,,,,
Sun,Bali Denpasar International Airport,Nirwana Bali Golf Resort,29994,30713,DPS,,,,,,,,,,,,,,,,,
Sun,Bali Denpasar International Airport,Payangan,29994,37456,DPS,,,,,,,,,,,,,,,,,
Sun,Bali Denpasar International Airport,Petjatu,29994,37487,DPS,,,,,,,,,,,,,,,,,
Sun,Bali Denpasar International Airport,Umeanyar,29994,32938,DPS,,,,,,,,,,,,,,,,,
Sun,Baltimore-Washington Airport,Allentown (Pennsylvania),31768,30645,BWI,,,,,,,,,,,,,,,,,
Sun,Baltimore-Washington Airport,Arlington,31768,21879,BWI,,,,,,,,,,,,,,,,,
Sun,Baltimore-Washington Airport,Baltimore Downtown,31768,31909,BWI,,,,,,,,,,,,,,,,,
Sun,Baltimore-Washington Airport,Blacksburg,31768,35156,BWI,,,,,,,,,,,,,,,,,
Sun,Baltimore-Washington Airport,Bowie,31768,33063,BWI,,,,,,,,,,,,,,,,,
Sun,Baltimore-Washington Airport,Boyds,31768,36254,BWI,,,,,,,,,,,,,,,,,
Sun,Baltimore-Washington Airport,Charlottesville,31768,33091,BWI,,,,,,,,,,,,,,,,,
Sun,Baltimore-Washington Airport,Dover (New Jersey),31768,35737,BWI,,,,,,,,,,,,,,,,,
Sun,Baltimore-Washington Airport,Fairfax,31768,34189,BWI,,,,,,,,,,,,,,,,,
Sun,Baltimore-Washington Airport,Harrisonburg,31768,36391,BWI,,,,,,,,,,,,,,,,,
Sun,Baltimore-Washington Airport,Manhattan Cruise Terminal,31768,29536,BWI,,,,,,,,,,,,,,,,,
Sun,Baltimore-Washington Airport,Owings Mills,31768,35455,BWI,,,,,,,,,,,,,,,,,
Sun,Baltimore-Washington Airport,Washington D.c. Downtown,31768,30948,BWI,,,,,,,,,,,,,,,,,
Sun,Baltimore-Washington Airport,York (Pennsylvania),31768,36573,BWI,,,,,,,,,,,,,,,,,
Sun,Bandung Airport,Bandung,44531,30707,BDO,,,,,,,,,,,,,,,,,
Sun,Bangalore Airport,Bengaluru,27752,27753,BLR,,,,,,,,,,,,,,,,,
Sun,Bangalore Airport,Bylakuppe,27752,36429,BLR,,,,,,,,,,,,,,,,,
Sun,Bangalore Airport,Hosur,27752,36474,BLR,,,,,,,,,,,,,,,,,
Sun,Bangalore Airport,Kolar,27752,36146,BLR,,,,,,,,,,,,,,,,,
Sun,Bangalore Airport,Krishnagiri,27752,36321,BLR,,,,,,,,,,,,,,,,,
Sun,Bangalore Airport,Mysore / Mysuru,27752,30007,BLR,,,,,,,,,,,,,,,,,
Sun,Bangalore Airport,Padmanabhanagar,27752,27986,BLR,,,,,,,,,,,,,,,,,
Sun,Bangalore Airport,Salem (Bangalore),27752,33623,BLR,,,,,,,,,,,,,,,,,
Sun,Bangalore Airport,Whitefield,27752,34813,BLR,,,,,,,,,,,,,,,,,
Sun,Bangalore Airport,Yeshwanthpur,27752,37469,BLR,,,,,,,,,,,,,,,,,
Sun,Bangkok Don Mueang Airport,Ayutthaya,27691,32536,DMK,,,,,,,,,,,,,,,,,
Sun,Bangkok Don Mueang Airport,Chanthaburi,27691,27689,DMK,,,,,,,,,,,,,,,,,
Sun,Bangkok Don Mueang Airport,Chumphon,27691,32537,DMK,,,,,,,,,,,,,,,,,
Sun,Bangkok Don Mueang Airport,Kanchanaburi,27691,27684,DMK,,,,,,,,,,,,,,,,,
Sun,Bangkok Don Mueang Airport,Laem Chabang,27691,27692,DMK,,,,,,,,,,,,,,,,,
Sun,Bangkok Don Mueang Airport,Pattaya,27691,27681,DMK,,,,,,,,,,,,,,,,,
Sun,Bangkok Don Mueang Airport,Pattaya Jomtien,27691,27694,DMK,,,,,,,,,,,,,,,,,
Sun,Bangkok Don Mueang Airport,Rayong,27691,27682,DMK,,,,,,,,,,,,,,,,,
Sun,Bangkok Don Mueang Airport,Sai Yok National Park,27691,35231,DMK,,,,,,,,,,,,,,,,,
Sun,Bangkok Don Mueang Airport,Si Racha,27691,37677,DMK,,,,,,,,,,,,,,,,,
Sun,Bangkok Suvarnabhumi Airport,Ayutthaya,27677,32536,BKK,,,,,,,,,,,,,,,,,
Sun,Bangkok Suvarnabhumi Airport,Ban Amphoe,27677,36587,BKK,,,,,,,,,,,,,,,,,
Sun,Bangkok Suvarnabhumi Airport,Ban Phe Ferry Port,27677,32535,BKK,,,,,,,,,,,,,,,,,
Sun,Bangkok Suvarnabhumi Airport,Bangkok Don Mueang Airport,27677,27691,BKK,,,,,,,,,,,,,,,,,
Sun,Bangkok Suvarnabhumi Airport,Chanthaburi,27677,27689,BKK,,,,,,,,,,,,,,,,,
Sun,Bangkok Suvarnabhumi Airport,Chonburi,27677,27690,BKK,,,,,,,,,,,,,,,,,
Sun,Bangkok Suvarnabhumi Airport,Chumphon,27677,32537,BKK,,,,,,,,,,,,,,,,,
Sun,Bangkok Suvarnabhumi Airport,Damnoen Saduak,27677,35844,BKK,,,,,,,,,,,,,,,,,
Sun,Bangkok Suvarnabhumi Airport,Huai Yang,27677,28967,BKK,,,,,,,,,,,,,,,,,
Sun,Bangkok Suvarnabhumi Airport,Kanchanaburi,27677,27684,BKK,,,,,,,,,,,,,,,,,
Sun,Bangkok Suvarnabhumi Airport,Khon Kaen,27677,32538,BKK,,,,,,,,,,,,,,,,,
Sun,Bangkok Suvarnabhumi Airport,Laem Chabang,27677,27692,BKK,,,,,,,,,,,,,,,,,
Sun,Bangkok Suvarnabhumi Airport,Lopburi,27677,27741,BKK,,,,,,,,,,,,,,,,,
Sun,Bangkok Suvarnabhumi Airport,Nakhon Nayok,27677,32375,BKK,,,,,,,,,,,,,,,,,
Sun,Bangkok Suvarnabhumi Airport,Nonthaburi,27677,27693,BKK,,,,,,,,,,,,,,,,,
Sun,Bangkok Suvarnabhumi Airport,Pattaya,27677,27681,BKK,,,,,,,,,,,,,,,,,
Sun,Bangkok Suvarnabhumi Airport,Pattaya Jomtien,27677,27694,BKK,,,,,,,,,,,,,,,,,
Sun,Bangkok Suvarnabhumi Airport,Pran Buri,27677,27686,BKK,,,,,,,,,,,,,,,,,
Sun,Bangkok Suvarnabhumi Airport,Rayong,27677,27682,BKK,,,,,,,,,,,,,,,,,
Sun,Bangkok Suvarnabhumi Airport,Sai Yok National Park,27677,35231,BKK,,,,,,,,,,,,,,,,,
Sun,Bangkok Suvarnabhumi Airport,Sathon,27677,27687,BKK,,,,,,,,,,,,,,,,,
Sun,Bangkok Suvarnabhumi Airport,Si Racha,27677,37677,BKK,,,,,,,,,,,,,,,,,
Sun,Bangkok Suvarnabhumi Airport,Surin,27677,35384,BKK,,,,,,,,,,,,,,,,,
Sun,Bangkok Suvarnabhumi Airport,Trat,27677,35732,BKK,,,,,,,,,,,,,,,,,
Sun,Barbados Airport,Bridgetown (Barbados),31936,35982,BGI,,,,,,,,,,,,,,,,,
Sun,Barbados Airport,Christ Church (Barbados),31936,38228,BGI,,,,,,,,,,,,,,,,,
Sun,Barbados Airport,Hastings (Barbados),31936,38229,BGI,,,,,,,,,,,,,,,,,
Sun,Barbados Airport,Maxwell Beach,31936,38230,BGI,,,,,,,,,,,,,,,,,
Sun,Barcelona Airport,Alella,10571,20824,BCN,,,,,,,,,,,,,,,,,
Sun,Barcelona Airport,Altafulla,10571,24234,BCN,,,,,,,,,,,,,,,,,
Sun,Barcelona Airport,Amposta,10571,10071,BCN,,,,,,,,,,,,,,,,,
Sun,Barcelona Airport,Andora,10571,28186,BCN,,,,,,,,,,,,,,,,,
Sun,Barcelona Airport,Arenys De Mar,10571,10586,BCN,,,,,,,,,,,,,,,,,
Sun,Barcelona Airport,Badalona,10571,20831,BCN,,,,,,,,,,,,,,,,,
Sun,Barcelona Airport,Barbera Del Valles,10571,20833,BCN,,,,,,,,,,,,,,,,,
Sun,Barcelona Airport,Barcelona Airport,10571,10571,BCN,,,,,,,,,,,,,,,,,
Sun,Barcelona Airport,Barcelona Cruise Port (Moll De Barcelona),10571,40290,BCN,,,,,,,,,,,,,,,,,
Sun,Barcelona Airport,Barcelona Sants Train Station,10571,40292,BCN,,,,,,,,,,,,,,,,,
Sun,Barcelona Airport,Begur,10571,10078,BCN,,,,,,,,,,,,,,,,,
Sun,Barcelona Airport,Benicassim,10571,10454,BCN,,,,,,,,,,,,,,,,,
Sun,Barcelona Airport,Blanes,10571,10080,BCN,,,,,,,,,,,,,,,,,
Sun,Barcelona Airport,Cabrils,10571,20843,BCN,,,,,,,,,,,,,,,,,
Sun,Barcelona Airport,Cadaqués,10571,10082,BCN,,,,,,,,,,,,,,,,,
Sun,Barcelona Airport,Calafell,10571,10083,BCN,,,,,,,,,,,,,,,,,
Sun,Barcelona Airport,Calella De Palafrugell,10571,10086,BCN,,,,,,,,,,,,,,,,,
Sun,Barcelona Airport,Calonge,10571,10087,BCN,,,,,,,,,,,,,,,,,
Sun,Barcelona Airport,Cambrils,10571,10088,BCN,,,,,,,,,,,,,,,,,
Sun,Barcelona Airport,Camping 3 Estrellas,10571,37726,BCN,,,,,,,,,,,,,,,,,
Sun,Barcelona Airport,Camping Cala Gogo (Calonge),10571,23199,BCN,,,,,,,,,,,,,,,,,
Sun,Barcelona Airport,Camping Cambrils Park (Cambrils),10571,22365,BCN,,,,,,,,,,,,,,,,,
Sun,Barcelona Airport,Camping Castell Montgrí,10571,28694,BCN,,,,,,,,,,,,,,,,,
Sun,Barcelona Airport,Camping El Delfín Verde,10571,24957,BCN,,,,,,,,,,,,,,,,,
Sun,Barcelona Airport,Camping La Llosa,10571,22671,BCN,,,,,,,,,,,,,,,,,
Sun,Barcelona Airport,Camping La Torre Del Sol,10571,22672,BCN,,,,,,,,,,,,,,,,,
Sun,Barcelona Airport,Camping Park Playa Bara,10571,28693,BCN,,,,,,,,,,,,,,,,,
Sun,Barcelona Airport,Camping Sanguli (Salou),10571,22314,BCN,,,,,,,,,,,,,,,,,
Sun,Barcelona Airport,Camping Tamarit Park,10571,22375,BCN,,,,,,,,,,,,,,,,,
Sun,Barcelona Airport,Camping Vendrell Platja,10571,38424,BCN,,,,,,,,,,,,,,,,,
Sun,Barcelona Airport,Camping Vilanova Park,10571,35230,BCN,,,,,,,,,,,,,,,,,
Sun,Barcelona Airport,Canet De Mar,10571,20848,BCN,,,,,,,,,,,,,,,,,
Sun,Barcelona Airport,Canyelles,10571,30389,BCN,,,,,,,,,,,,,,,,,
Sun,Barcelona Airport,Castelldefels,10571,10090,BCN,,,,,,,,,,,,,,,,,
Sun,Barcelona Airport,Cerdanyola Del Valles,10571,20857,BCN,,,,,,,,,,,,,,,,,
Sun,Barcelona Airport,Cornella De Llobregat,10571,20862,BCN,,,,,,,,,,,,,,,,,
Sun,Barcelona Airport,Cubelles,10571,10093,BCN,,,,,,,,,,,,,,,,,
Sun,Barcelona Airport,Cunit,10571,20863,BCN,,,,,,,,,,,,,,,,,
Sun,Barcelona Airport,El Prat De Llobregat,10571,20867,BCN,,,,,,,,,,,,,,,,,
Sun,Barcelona Airport,El Vendrell,10571,20868,BCN,,,,,,,,,,,,,,,,,
Sun,Barcelona Airport,Empuriabrava,10571,10095,BCN,,,,,,,,,,,,,,,,,
Sun,Barcelona Airport,Esplugues De Llobregat,10571,20870,BCN,,,,,,,,,,,,,,,,,
Sun,Barcelona Airport,Figueres,10571,10098,BCN,,,,,,,,,,,,,,,,,
Sun,Barcelona Airport,Gava,10571,20886,BCN,,,,,,,,,,,,,,,,,
Sun,Barcelona Airport,Girona,10571,10076,BCN,,,,,,,,,,,,,,,,,
Sun,Barcelona Airport,Granollers,10571,10102,BCN,,,,,,,,,,,,,,,,,
Sun,Barcelona Airport,Igualada,10571,20891,BCN,,,,,,,,,,,,,,,,,
Sun,Barcelona Airport,La Massana (Andorra),10571,10468,BCN,,,,,,,,,,,,,,,,,
Sun,Barcelona Airport,La Molina,10571,20896,BCN,,,,,,,,,,,,,,,,,
Sun,Barcelona Airport,La Pineda,10571,10106,BCN,,,,,,,,,,,,,,,,,
Sun,Barcelona Airport,Llança,10571,21345,BCN,,,,,,,,,,,,,,,,,
Sun,Barcelona Airport,Malgrat De Mar,10571,10110,BCN,,,,,,,,,,,,,,,,,
Sun,Barcelona Airport,Mataró,10571,20909,BCN,,,,,,,,,,,,,,,,,
Sun,Barcelona Airport,Miami Platja,10571,10111,BCN,,,,,,,,,,,,,,,,,
Sun,Barcelona Airport,Molins De Rei,10571,20910,BCN,,,,,,,,,,,,,,,,,
Sun,Barcelona Airport,Mollet Del Valles,10571,20911,BCN,,,,,,,,,,,,,,,,,
Sun,Barcelona Airport,Montgat,10571,20914,BCN,,,,,,,,,,,,,,,,,
Sun,Barcelona Airport,Palafrugell,10571,20927,BCN,,,,,,,,,,,,,,,,,
Sun,Barcelona Airport,Palamos,10571,10116,BCN,,,,,,,,,,,,,,,,,
Sun,Barcelona Airport,Pas De La Casa (Andorra),10571,10120,BCN,,,,,,,,,,,,,,,,,
Sun,Barcelona Airport,Peníscola,10571,10485,BCN,,,,,,,,,,,,,,,,,
Sun,Barcelona Airport,Pineda De Mar,10571,10122,BCN,,,,,,,,,,,,,,,,,
Sun,Barcelona Airport,Port Aventura - U. Mediterranea,10571,10557,BCN,,,,,,,,,,,,,,,,,
Sun,Barcelona Airport,Premia De Dalt,10571,20935,BCN,,,,,,,,,,,,,,,,,
Sun,Barcelona Airport,Premia De Mar,10571,20936,BCN,,,,,,,,,,,,,,,,,
Sun,Barcelona Airport,Reus Airport,10571,10581,BCN,,,,,,,,,,,,,,,,,
Sun,Barcelona Airport,Ripollet,10571,20943,BCN,,,,,,,,,,,,,,,,,
Sun,Barcelona Airport,Roda De Berà,10571,10976,BCN,,,,,,,,,,,,,,,,,
Sun,Barcelona Airport,Roses,10571,10128,BCN,,,,,,,,,,,,,,,,,
Sun,Barcelona Airport,Rubi,10571,20945,BCN,,,,,,,,,,,,,,,,,
Sun,Barcelona Airport,Sabadell,10571,20947,BCN,,,,,,,,,,,,,,,,,
Sun,Barcelona Airport,Salou,10571,10130,BCN,,,,,,,,,,,,,,,,,
Sun,Barcelona Airport,Sant Adria De Besos,10571,20950,BCN,,,,,,,,,,,,,,,,,
Sun,Barcelona Airport,Sant Antoni De Calonge,10571,21348,BCN,,,,,,,,,,,,,,,,,
Sun,Barcelona Airport,Sant Boi De Llobregat,10571,20954,BCN,,,,,,,,,,,,,,,,,
Sun,Barcelona Airport,Sant Cugat Del Valles,10571,20958,BCN,,,,,,,,,,,,,,,,,
Sun,Barcelona Airport,Sant Esteve Sesrovires,10571,20960,BCN,,,,,,,,,,,,,,,,,
Sun,Barcelona Airport,Sant Feliu De Guixols,10571,10184,BCN,,,,,,,,,,,,,,,,,
Sun,Barcelona Airport,Sant Joan Despí,10571,10133,BCN,,,,,,,,,,,,,,,,,
Sun,Barcelona Airport,Sant Just Desvern,10571,20966,BCN,,,,,,,,,,,,,,,,,
Sun,Barcelona Airport,Sant Pere De Ribes,10571,20967,BCN,,,,,,,,,,,,,,,,,
Sun,Barcelona Airport,Sant Pol De Mar,10571,10136,BCN,,,,,,,,,,,,,,,,,
Sun,Barcelona Airport,Santa Susanna,10571,10140,BCN,,,,,,,,,,,,,,,,,
Sun,Barcelona Airport,Segur De Calafell,10571,20977,BCN,,,,,,,,,,,,,,,,,
Sun,Barcelona Airport,Sitges,10571,10141,BCN,,,,,,,,,,,,,,,,,
Sun,Barcelona Airport,Soldeu (Andorra),10571,10499,BCN,,,,,,,,,,,,,,,,,
Sun,Barcelona Airport,Tamarit,10571,23233,BCN,,,,,,,,,,,,,,,,,
Sun,Barcelona Airport,Tarragona Port,10571,22508,BCN,,,,,,,,,,,,,,,,,
Sun,Barcelona Airport,Terrassa,10571,20982,BCN,,,,,,,,,,,,,,,,,
Sun,Barcelona Airport,Torredembarra,10571,10145,BCN,,,,,,,,,,,,,,,,,
Sun,Barcelona Airport,Tossa De Mar,10571,10147,BCN,,,,,,,,,,,,,,,,,
Sun,Barcelona Airport,Vic,10571,10613,BCN,,,,,,,,,,,,,,,,,
Sun,Barcelona Airport,Vidreres,10571,20990,BCN,,,,,,,,,,,,,,,,,
Sun,Barcelona Airport,Vila-Seca,10571,21018,BCN,,,,,,,,,,,,,,,,,
Sun,Barcelona Airport,Viladecans,10571,20993,BCN,,,,,,,,,,,,,,,,,
Sun,Barcelona Airport,Vilafortuny,10571,37334,BCN,,,,,,,,,,,,,,,,,
Sun,Barcelona Airport,Vilanova I La Geltrú,10571,10150,BCN,,,,,,,,,,,,,,,,,
Sun,Barcelona Airport,Vilassar De Dalt,10571,20995,BCN,,,,,,,,,,,,,,,,,
Sun,Barcelona Airport,Vilassar De Mar,10571,20996,BCN,,,,,,,,,,,,,,,,,
Sun,Barcelona Sants Train Station,Sitges,40292,10141,NULL,,,,,,,,,,,,,,,,,
Sun,Bari Airport,Bari Cruise Port,25804,26306,BRI,,,,,,,,,,,,,,,,,
Sun,Bari Airport,Barletta,25804,28845,BRI,,,,,,,,,,,,,,,,,
Sun,Bari Airport,Bisceglie,25804,27341,BRI,,,,,,,,,,,,,,,,,
Sun,Bari Airport,Bitonto,25804,27339,BRI,,,,,,,,,,,,,,,,,
Sun,Bari Airport,Cariati,25804,27401,BRI,,,,,,,,,,,,,,,,,
Sun,Bari Airport,Foggia,25804,27311,BRI,,,,,,,,,,,,,,,,,
Sun,Bari Airport,Giovinazzo,25804,31750,BRI,,,,,,,,,,,,,,,,,
Sun,Bari Airport,Manfredonia,25804,37507,BRI,,,,,,,,,,,,,,,,,
Sun,Bari Airport,Margherita Di Savoia,25804,34669,BRI,,,,,,,,,,,,,,,,,
Sun,Bari Airport,Mola Di Bari,25804,27338,BRI,,,,,,,,,,,,,,,,,
Sun,Bari Airport,Molfetta,25804,27070,BRI,,,,,,,,,,,,,,,,,
Sun,Basel Airport,Adelboden,22446,22576,BSL,,,,,,,,,,,,,,,,,
Sun,Basel Airport,Allschwil,22446,35318,BSL,,,,,,,,,,,,,,,,,
Sun,Basel Airport,Bad Krozingen,22446,32803,BSL,,,,,,,,,,,,,,,,,
Sun,Basel Airport,Baden,22446,31744,BSL,,,,,,,,,,,,,,,,,
Sun,Basel Airport,Besançon,22446,29918,BSL,,,,,,,,,,,,,,,,,
Sun,Basel Airport,Colmar,22446,22447,BSL,,,,,,,,,,,,,,,,,
Sun,Basel Airport,Courchevel,22446,10641,BSL,,,,,,,,,,,,,,,,,
Sun,Basel Airport,Eguisheim,22446,35080,BSL,,,,,,,,,,,,,,,,,
Sun,Basel Airport,Feldberg,22446,29284,BSL,,,,,,,,,,,,,,,,,
Sun,Basel Airport,Freiburg Im Breisgau,22446,22449,BSL,,,,,,,,,,,,,,,,,
Sun,Basel Airport,Fribourg,22446,32489,BSL,,,,,,,,,,,,,,,,,
Sun,Basel Airport,Geneva Airport,22446,10668,BSL,,,,,,,,,,,,,,,,,
Sun,Basel Airport,Gengenbach,22446,35047,BSL,,,,,,,,,,,,,,,,,
Sun,Basel Airport,Grenzach-Wyhlen,22446,29894,BSL,,,,,,,,,,,,,,,,,
Sun,Basel Airport,Grindelwald,22446,10698,BSL,,,,,,,,,,,,,,,,,
Sun,Basel Airport,Gstaad,22446,22578,BSL,,,,,,,,,,,,,,,,,
Sun,Basel Airport,Hinterzarten,22446,35118,BSL,,,,,,,,,,,,,,,,,
Sun,Basel Airport,Montbéliard,22446,24997,BSL,,,,,,,,,,,,,,,,,
Sun,Basel Airport,Mulhouse,22446,22452,BSL,,,,,,,,,,,,,,,,,
Sun,Basel Airport,Muttenz,22446,36050,BSL,,,,,,,,,,,,,,,,,
Sun,Basel Airport,Olten,22446,37687,BSL,,,,,,,,,,,,,,,,,
Sun,Basel Airport,Reinach,22446,32725,BSL,,,,,,,,,,,,,,,,,
Sun,Basel Airport,Rheinfelden,22446,25236,BSL,,,,,,,,,,,,,,,,,
Sun,Basel Airport,Riehen,22446,35498,BSL,,,,,,,,,,,,,,,,,
Sun,Basel Airport,Riquewihr,22446,27108,BSL,,,,,,,,,,,,,,,,,
Sun,Basel Airport,Schopfheim,22446,37445,BSL,,,,,,,,,,,,,,,,,
Sun,Basel Airport,Solothurn,22446,32493,BSL,,,,,,,,,,,,,,,,,
Sun,Basel Airport,Strasbourg,22446,22455,BSL,,,,,,,,,,,,,,,,,
Sun,Basel Airport,Weil Am Rhein,22446,29780,BSL,,,,,,,,,,,,,,,,,
Sun,Bastia Airport,Algajola,24462,27510,BIA,,,,,,,,,,,,,,,,,
Sun,Bastia Airport,Borgo,24462,31380,BIA,,,,,,,,,,,,,,,,,
Sun,Bastia Airport,Calenzana,24462,27512,BIA,,,,,,,,,,,,,,,,,
Sun,Bastia Airport,Calvi Airport,24462,27509,BIA,,,,,,,,,,,,,,,,,
Sun,Bastia Airport,Camping San Damiano,24462,31799,BIA,,,,,,,,,,,,,,,,,
Sun,Bastia Airport,Cervione,24462,33716,BIA,,,,,,,,,,,,,,,,,
Sun,Bastia Airport,Corte,24462,27513,BIA,,,,,,,,,,,,,,,,,
Sun,Bastia Airport,Farinole,24462,30365,BIA,,,,,,,,,,,,,,,,,
Sun,Bastia Airport,Ile-Rousse,24462,27516,BIA,,,,,,,,,,,,,,,,,
Sun,Bastia Airport,Moriani-Plage,24462,30614,BIA,,,,,,,,,,,,,,,,,
Sun,Bastia Airport,Poggio-Mezzana,24462,33701,BIA,,,,,,,,,,,,,,,,,
Sun,Bastia Airport,Prunete,24462,31686,BIA,,,,,,,,,,,,,,,,,
Sun,Bastia Airport,Sainte-Lucie De Porto-Vecchio,24462,33767,BIA,,,,,,,,,,,,,,,,,
Sun,Batumi Airport,Akhalkalaki,34943,36554,BUS,,,,,,,,,,,,,,,,,
Sun,Batumi Airport,Akhaltsikhe,34943,36555,BUS,,,,,,,,,,,,,,,,,
Sun,Batumi Airport,Borjomi,34943,36553,BUS,,,,,,,,,,,,,,,,,
Sun,Batumi Airport,Gori,34943,36552,BUS,,,,,,,,,,,,,,,,,
Sun,Batumi Airport,Gudauri,34943,36478,BUS,,,,,,,,,,,,,,,,,
Sun,Batumi Airport,Kutaisi,34943,35005,BUS,,,,,,,,,,,,,,,,,
Sun,Batumi Airport,Kvareli,34943,36548,BUS,,,,,,,,,,,,,,,,,
Sun,Batumi Airport,Mestia,34943,36549,BUS,,,,,,,,,,,,,,,,,
Sun,Batumi Airport,Sighnaghi,34943,35897,BUS,,,,,,,,,,,,,,,,,
Sun,Batumi Airport,Telavi,34943,36547,BUS,,,,,,,,,,,,,,,,,
Sun,Batumi Airport,Zestafoni,34943,36465,BUS,,,,,,,,,,,,,,,,,
Sun,Batumi Airport,Zugdidi,34943,36550,BUS,,,,,,,,,,,,,,,,,
Sun,Beijing Capital Airport,Jiading (Shanghai Outskirt),29568,32051,PEK,,,,,,,,,,,,,,,,,
Sun,Beijing Daxing Airport,Putuo (Shanghai City Centre),44690,32047,PKX,,,,,,,,,,,,,,,,,
Sun,Belfast International Airport,Antrim,27832,27835,BFS,,,,,,,,,,,,,,,,,
Sun,Belfast International Airport,Ardglass,27832,31938,BFS,,,,,,,,,,,,,,,,,
Sun,Belfast International Airport,Armagh,27832,27834,BFS,,,,,,,,,,,,,,,,,
Sun,Belfast International Airport,Ascot,27832,27796,BFS,,,,,,,,,,,,,,,,,
Sun,Belfast International Airport,Ballybofey,27832,30546,BFS,,,,,,,,,,,,,,,,,
Sun,Belfast International Airport,Ballymena,27832,27837,BFS,,,,,,,,,,,,,,,,,
Sun,Belfast International Airport,Bangor,27832,27356,BFS,,,,,,,,,,,,,,,,,
Sun,Belfast International Airport,Bushmills,27832,30548,BFS,,,,,,,,,,,,,,,,,
Sun,Belfast International Airport,Buxton,27832,27665,BFS,,,,,,,,,,,,,,,,,
Sun,Belfast International Airport,Carlingford,27832,22705,BFS,,,,,,,,,,,,,,,,,
Sun,Belfast International Airport,Coleraine,27832,30551,BFS,,,,,,,,,,,,,,,,,
Sun,Belfast International Airport,Cookstown,27832,34830,BFS,,,,,,,,,,,,,,,,,
Sun,Belfast International Airport,Donegal,27832,22824,BFS,,,,,,,,,,,,,,,,,
Sun,Belfast International Airport,Edinburgh,27832,27954,BFS,,,,,,,,,,,,,,,,,
Sun,Belfast International Airport,Enniskillen,27832,22825,BFS,,,,,,,,,,,,,,,,,
Sun,Belfast International Airport,Exeter,27832,27830,BFS,,,,,,,,,,,,,,,,,
Sun,Belfast International Airport,Hillingdon Hill,27832,28978,BFS,,,,,,,,,,,,,,,,,
Sun,Belfast International Airport,Horsham,27832,29799,BFS,,,,,,,,,,,,,,,,,
Sun,Belfast International Airport,Inverness,27832,27960,BFS,,,,,,,,,,,,,,,,,
Sun,Belfast International Airport,Knock,27832,22834,BFS,,,,,,,,,,,,,,,,,
Sun,Belfast International Airport,Londonderry,27832,27856,BFS,,,,,,,,,,,,,,,,,
Sun,Belfast International Airport,Omagh,27832,22829,BFS,,,,,,,,,,,,,,,,,
Sun,Belfast International Airport,Oxford,27832,27791,BFS,,,,,,,,,,,,,,,,,
Sun,Belfast International Airport,Portrush,27832,30557,BFS,,,,,,,,,,,,,,,,,
Sun,Belfast International Airport,Taunton,27832,27795,BFS,,,,,,,,,,,,,,,,,
Sun,Belfast International Airport,Torquay (Devon),27832,30024,BFS,,,,,,,,,,,,,,,,,
Sun,Belgrade Airport,Banja Luka,30037,27914,BEG,,,,,,,,,,,,,,,,,
Sun,Belgrade Airport,Bor?a,30037,30039,BEG,,,,,,,,,,,,,,,,,
Sun,Belgrade Airport,?a?ak,30037,30040,BEG,,,,,,,,,,,,,,,,,
Sun,Belgrade Airport,Kalu?erica,30037,30043,BEG,,,,,,,,,,,,,,,,,
Sun,Belgrade Airport,Kraljevo,30037,30045,BEG,,,,,,,,,,,,,,,,,
Sun,Belgrade Airport,Mostar,30037,27922,BEG,,,,,,,,,,,,,,,,,
Sun,Belgrade Airport,Niš,30037,30052,BEG,,,,,,,,,,,,,,,,,
Sun,Belgrade Airport,Nova Pazova,30037,30055,BEG,,,,,,,,,,,,,,,,,
Sun,Belgrade Airport,Novi Sad,30037,30057,BEG,,,,,,,,,,,,,,,,,
Sun,Belgrade Airport,Rovinj,30037,25348,BEG,,,,,,,,,,,,,,,,,
Sun,Belgrade Airport,Šabac,30037,30063,BEG,,,,,,,,,,,,,,,,,
Sun,Belgrade Airport,Sarajevo,30037,27923,BEG,,,,,,,,,,,,,,,,,
Sun,Belgrade Airport,Skopje,30037,30481,BEG,,,,,,,,,,,,,,,,,
Sun,Belgrade Airport,Smederevo,30037,30064,BEG,,,,,,,,,,,,,,,,,
Sun,Belgrade Airport,Sremska Mitrovica,30037,30067,BEG,,,,,,,,,,,,,,,,,
Sun,Belgrade Airport,Subotica,30037,30069,BEG,,,,,,,,,,,,,,,,,
Sun,Belgrade Airport,Sur?in,30037,30070,BEG,,,,,,,,,,,,,,,,,
Sun,Belgrade Airport,Tuzla,30037,22633,BEG,,,,,,,,,,,,,,,,,
Sun,Belgrade Airport,Valjevo,30037,44634,BEG,,,,,,,,,,,,,,,,,
Sun,Belgrade Airport,Vranje,30037,30074,BEG,,,,,,,,,,,,,,,,,
Sun,Belgrade Airport,Vrsac,30037,30075,BEG,,,,,,,,,,,,,,,,,
Sun,Belgrade Airport,Zemun,30037,30076,BEG,,,,,,,,,,,,,,,,,
Sun,Belo Horizonte Airport,Barbacena,26489,36746,CNF,,,,,,,,,,,,,,,,,
Sun,Belo Horizonte Airport,Belo Horizonte,26489,26586,CNF,,,,,,,,,,,,,,,,,
Sun,Belo Horizonte Airport,Betim,26489,34465,CNF,,,,,,,,,,,,,,,,,
Sun,Belo Horizonte Airport,Brumadinho,26489,34466,CNF,,,,,,,,,,,,,,,,,
Sun,Belo Horizonte Airport,Campinas,26489,26513,CNF,,,,,,,,,,,,,,,,,
Sun,Belo Horizonte Airport,Capim Branco,26489,34468,CNF,,,,,,,,,,,,,,,,,
Sun,Belo Horizonte Airport,Igarapé,26489,34470,CNF,,,,,,,,,,,,,,,,,
Sun,Belo Horizonte Airport,Lagoa Santa,26489,34472,CNF,,,,,,,,,,,,,,,,,
Sun,Belo Horizonte Airport,Pétropolis,26489,30092,CNF,,,,,,,,,,,,,,,,,
Sun,Belo Horizonte Airport,São Bernardo Do Campo,26489,34548,CNF,,,,,,,,,,,,,,,,,
Sun,Belo Horizonte Airport,São Geraldo,26489,34464,CNF,,,,,,,,,,,,,,,,,
Sun,Belo Horizonte Airport,Sao Paulo,26489,26514,CNF,,,,,,,,,,,,,,,,,
Sun,Bergerac Airport (EGC),Belvès,30473,34214,EGC,,,,,,,,,,,,,,,,,
Sun,Bergerac Airport (EGC),Bergerac,30473,23113,EGC,,,,,,,,,,,,,,,,,
Sun,Bergerac Airport (EGC),Bordeaux Airport,30473,23106,EGC,,,,,,,,,,,,,,,,,
Sun,Bergerac Airport (EGC),Camping Saint Avit Loisirs,30473,28787,EGC,,,,,,,,,,,,,,,,,
Sun,Bergerac Airport (EGC),Coux-Et-Bigaroque,30473,30857,EGC,,,,,,,,,,,,,,,,,
Sun,Bergerac Airport (EGC),Eymet,30473,35251,EGC,,,,,,,,,,,,,,,,,
Sun,Bergerac Airport (EGC),Les Eyzies-De-Tayac-Sireuil,30473,34393,EGC,,,,,,,,,,,,,,,,,
Sun,Bergerac Airport (EGC),Monestier,30473,31341,EGC,,,,,,,,,,,,,,,,,
Sun,Bergerac Airport (EGC),Monflanquin,30473,31552,EGC,,,,,,,,,,,,,,,,,
Sun,Bergerac Airport (EGC),Monpazier,30473,33725,EGC,,,,,,,,,,,,,,,,,
Sun,Bergerac Airport (EGC),Ribérac,30473,30813,EGC,,,,,,,,,,,,,,,,,
Sun,Bergerac Airport (EGC),Saint-Sylvestre-Sur-Lot,30473,30721,EGC,,,,,,,,,,,,,,,,,
Sun,Bergerac Airport (EGC),Sainte-Foy-La-Grande,30473,34523,EGC,,,,,,,,,,,,,,,,,
Sun,Bergerac Airport (EGC),Siorac-En-Périgord,30473,30821,EGC,,,,,,,,,,,,,,,,,
Sun,Bergerac Airport (EGC),Thenac,30473,35002,EGC,,,,,,,,,,,,,,,,,
Sun,Bergerac Airport (EGC),Urval,30473,35215,EGC,,,,,,,,,,,,,,,,,
Sun,Berlin Brandenburg Airport,Lübeck,24020,22782,BER,,,,,,,,,,,,,,,,,
Sun,Berlin Brandenburg Airport,Sassnitz,24020,34646,BER,,,,,,,,,,,,,,,,,
Sun,Béziers Airport,Agde,21672,21673,BZR,,,,,,,,,,,,,,,,,
Sun,Béziers Airport,Aigues-Mortes,21672,23274,BZR,,,,,,,,,,,,,,,,,
Sun,Béziers Airport,Argeliers,21672,35234,BZR,,,,,,,,,,,,,,,,,
Sun,Béziers Airport,Arles,21672,21706,BZR,,,,,,,,,,,,,,,,,
Sun,Béziers Airport,Bize-Minervois,21672,30942,BZR,,,,,,,,,,,,,,,,,
Sun,Béziers Airport,Camping Beach Garden,21672,28768,BZR,,,,,,,,,,,,,,,,,
Sun,Béziers Airport,Camping Club La Sirene,21672,23178,BZR,,,,,,,,,,,,,,,,,
Sun,Béziers Airport,Camping Domaine De La Yole,21672,28752,BZR,,,,,,,,,,,,,,,,,
Sun,Béziers Airport,Camping L'hippocampe,21672,23182,BZR,,,,,,,,,,,,,,,,,
Sun,Béziers Airport,Camping Le Club Farret,21672,22306,BZR,,,,,,,,,,,,,,,,,
Sun,Béziers Airport,Camping Le Serignan Plage,21672,23202,BZR,,,,,,,,,,,,,,,,,
Sun,Béziers Airport,Camping Les Sables D'or,21672,32665,BZR,,,,,,,,,,,,,,,,,
Sun,Béziers Airport,Camping Les Sablons,21672,22307,BZR,,,,,,,,,,,,,,,,,
Sun,Béziers Airport,Camping Yelloh! Village Aloha,21672,28757,BZR,,,,,,,,,,,,,,,,,
Sun,Béziers Airport,Cap D'agde,21672,21675,BZR,,,,,,,,,,,,,,,,,
Sun,Béziers Airport,Capestang,21672,21791,BZR,,,,,,,,,,,,,,,,,
Sun,Béziers Airport,Castelnau-De-Guers,21672,30847,BZR,,,,,,,,,,,,,,,,,
Sun,Béziers Airport,Clermont-L'hérault,21672,27472,BZR,,,,,,,,,,,,,,,,,
Sun,Béziers Airport,Collioure,21672,20880,BZR,,,,,,,,,,,,,,,,,
Sun,Béziers Airport,Lamalou-Les-Bains,21672,23342,BZR,,,,,,,,,,,,,,,,,
Sun,Béziers Airport,Le Somail,21672,23192,BZR,,,,,,,,,,,,,,,,,
Sun,Béziers Airport,Lespignan,21672,27436,BZR,,,,,,,,,,,,,,,,,
Sun,Béziers Airport,Leucate,21672,21677,BZR,,,,,,,,,,,,,,,,,
Sun,Béziers Airport,Marseillan,21672,21690,BZR,,,,,,,,,,,,,,,,,
Sun,Béziers Airport,Marseillan Plage,21672,21691,BZR,,,,,,,,,,,,,,,,,
Sun,Béziers Airport,Meze,21672,23310,BZR,,,,,,,,,,,,,,,,,
Sun,Béziers Airport,Narbonne,21672,21680,BZR,,,,,,,,,,,,,,,,,
Sun,Béziers Airport,Narbonne Plage,21672,27573,BZR,,,,,,,,,,,,,,,,,
Sun,Béziers Airport,Nissan-Lez-Enserune,21672,28927,BZR,,,,,,,,,,,,,,,,,
Sun,Béziers Airport,Olonzac,21672,22555,BZR,,,,,,,,,,,,,,,,,
Sun,Béziers Airport,Perpignan,21672,21681,BZR,,,,,,,,,,,,,,,,,
Sun,Béziers Airport,Perpignan Airport,21672,21682,BZR,,,,,,,,,,,,,,,,,
Sun,Béziers Airport,Pézenas,21672,21693,BZR,,,,,,,,,,,,,,,,,
Sun,Béziers Airport,Port Cassafieres (Portiragnes),21672,23353,BZR,,,,,,,,,,,,,,,,,
Sun,Béziers Airport,Portiragnes,21672,21683,BZR,,,,,,,,,,,,,,,,,
Sun,Béziers Airport,Quissac,21672,35269,BZR,,,,,,,,,,,,,,,,,
Sun,Béziers Airport,Roquebrun,21672,27230,BZR,,,,,,,,,,,,,,,,,
Sun,Béziers Airport,Saint-Pargoire,21672,26499,BZR,,,,,,,,,,,,,,,,,
Sun,Béziers Airport,Sérignan,21672,21686,BZR,,,,,,,,,,,,,,,,,
Sun,Béziers Airport,Sete,21672,21687,BZR,,,,,,,,,,,,,,,,,
Sun,Béziers Airport,Valras Plage,21672,21688,BZR,,,,,,,,,,,,,,,,,
Sun,Béziers Airport,Vendres,21672,34478,BZR,,,,,,,,,,,,,,,,,
Sun,Béziers Airport,Vias Plage,21672,22313,BZR,,,,,,,,,,,,,,,,,
Sun,Béziers Airport,Villelongue-Dels-Monts,21672,23398,BZR,,,,,,,,,,,,,,,,,
Sun,Biarritz Airport,Anglet,22371,23109,BIQ,,,,,,,,,,,,,,,,,
Sun,Biarritz Airport,Azur,22371,23175,BIQ,,,,,,,,,,,,,,,,,
Sun,Biarritz Airport,Bayonne,22371,20738,BIQ,,,,,,,,,,,,,,,,,
Sun,Biarritz Airport,Biarritz,22371,20739,BIQ,,,,,,,,,,,,,,,,,
Sun,Biarritz Airport,Bidart,22371,23224,BIQ,,,,,,,,,,,,,,,,,
Sun,Biarritz Airport,Camping Le Vieux Port,22371,23215,BIQ,,,,,,,,,,,,,,,,,
Sun,Biarritz Airport,Capbreton,22371,23117,BIQ,,,,,,,,,,,,,,,,,
Sun,Biarritz Airport,Hondarribia,22371,20745,BIQ,,,,,,,,,,,,,,,,,
Sun,Biarritz Airport,Irún,22371,20746,BIQ,,,,,,,,,,,,,,,,,
Sun,Biarritz Airport,Labenne,22371,29887,BIQ,,,,,,,,,,,,,,,,,
Sun,Biarritz Airport,Messanges Plage,22371,23130,BIQ,,,,,,,,,,,,,,,,,
Sun,Biarritz Airport,Moliets Plage,22371,23133,BIQ,,,,,,,,,,,,,,,,,
Sun,Biarritz Airport,Pamplona / Iruna,22371,20755,BIQ,,,,,,,,,,,,,,,,,
Sun,Biarritz Airport,Saint-Jean-Pied-De-Port,22371,23218,BIQ,,,,,,,,,,,,,,,,,
Sun,Biarritz Airport,San Sebastián / Donostia,22371,20720,BIQ,,,,,,,,,,,,,,,,,
Sun,Biarritz Airport,San Sebastian Airport,22371,20719,BIQ,,,,,,,,,,,,,,,,,
Sun,Biarritz Airport,Seignosse,22371,23217,BIQ,,,,,,,,,,,,,,,,,
Sun,Biarritz Airport,Vielle-Saint-Girons,22371,35012,BIQ,,,,,,,,,,,,,,,,,
Sun,Bilbao Airport,Barakaldo,20729,20726,BIO,,,,,,,,,,,,,,,,,
Sun,Bilbao Airport,Bayonne,20729,20738,BIO,,,,,,,,,,,,,,,,,
Sun,Bilbao Airport,Biarritz,20729,20739,BIO,,,,,,,,,,,,,,,,,
Sun,Bilbao Airport,Biarritz Airport,20729,22371,BIO,,,,,,,,,,,,,,,,,
Sun,Bilbao Airport,Camping El Molino (Pamplona),20729,27182,BIO,,,,,,,,,,,,,,,,,
Sun,Bilbao Airport,Castro Urdiales,20729,20774,BIO,,,,,,,,,,,,,,,,,
Sun,Bilbao Airport,Durango,20729,20732,BIO,,,,,,,,,,,,,,,,,
Sun,Bilbao Airport,Estella,20729,21521,BIO,,,,,,,,,,,,,,,,,
Sun,Bilbao Airport,Getxo,20729,20743,BIO,,,,,,,,,,,,,,,,,
Sun,Bilbao Airport,Gijón,20729,20779,BIO,,,,,,,,,,,,,,,,,
Sun,Bilbao Airport,Haro,20729,31794,BIO,,,,,,,,,,,,,,,,,
Sun,Bilbao Airport,Hondarribia,20729,20745,BIO,,,,,,,,,,,,,,,,,
Sun,Bilbao Airport,Irún,20729,20746,BIO,,,,,,,,,,,,,,,,,
Sun,Bilbao Airport,Laredo,20729,20782,BIO,,,,,,,,,,,,,,,,,
Sun,Bilbao Airport,Leioa,20729,34243,BIO,,,,,,,,,,,,,,,,,
Sun,Bilbao Airport,Lekeitio,20729,20748,BIO,,,,,,,,,,,,,,,,,
Sun,Bilbao Airport,Llanes,20729,20785,BIO,,,,,,,,,,,,,,,,,
Sun,Bilbao Airport,Logrono,20729,21116,BIO,,,,,,,,,,,,,,,,,
Sun,Bilbao Airport,Los Arcos,20729,10277,BIO,,,,,,,,,,,,,,,,,
Sun,Bilbao Airport,Miranda De Ebro,20729,21130,BIO,,,,,,,,,,,,,,,,,
Sun,Bilbao Airport,Nájera,20729,27406,BIO,,,,,,,,,,,,,,,,,
Sun,Bilbao Airport,Noja,20729,20787,BIO,,,,,,,,,,,,,,,,,
Sun,Bilbao Airport,Oviedo,20729,20788,BIO,,,,,,,,,,,,,,,,,
Sun,Bilbao Airport,Pamplona / Iruna,20729,20755,BIO,,,,,,,,,,,,,,,,,
Sun,Bilbao Airport,Pamplona Airport,20729,24506,BIO,,,,,,,,,,,,,,,,,
Sun,Bilbao Airport,Pedrena,20729,20789,BIO,,,,,,,,,,,,,,,,,
Sun,Bilbao Airport,Saint-Jean-Pied-De-Port,20729,23218,BIO,,,,,,,,,,,,,,,,,
Sun,Bilbao Airport,San Sebastián - Igeldo,20729,20721,BIO,,,,,,,,,,,,,,,,,
Sun,Bilbao Airport,San Sebastián / Donostia,20729,20720,BIO,,,,,,,,,,,,,,,,,
Sun,Bilbao Airport,San Sebastian Airport,20729,20719,BIO,,,,,,,,,,,,,,,,,
Sun,Bilbao Airport,San Sebastián De Garabandal,20729,27803,BIO,,,,,,,,,,,,,,,,,
Sun,Bilbao Airport,Santander Airport,20729,20764,BIO,,,,,,,,,,,,,,,,,
Sun,Bilbao Airport,Suances,20729,20803,BIO,,,,,,,,,,,,,,,,,
Sun,Bilbao Airport,Zarautz,20729,20762,BIO,,,,,,,,,,,,,,,,,
Sun,Billund Airport (BLL),Aalborg,23878,29459,BLL,,,,,,,,,,,,,,,,,
Sun,Billund Airport (BLL),Aarhus,23878,29460,BLL,,,,,,,,,,,,,,,,,
Sun,Billund Airport (BLL),Billund,23878,29458,BLL,,,,,,,,,,,,,,,,,
Sun,Billund Airport (BLL),Esbjerg,23878,29245,BLL,,,,,,,,,,,,,,,,,
Sun,Billund Airport (BLL),Flensburg,23878,22776,BLL,,,,,,,,,,,,,,,,,
Sun,Billund Airport (BLL),Herning,23878,30776,BLL,,,,,,,,,,,,,,,,,
Sun,Billund Airport (BLL),Kolding,23878,29461,BLL,,,,,,,,,,,,,,,,,
Sun,Billund Airport (BLL),Legoland (Billund),23878,29457,BLL,,,,,,,,,,,,,,,,,
Sun,Billund Airport (BLL),Middelfart,23878,32060,BLL,,,,,,,,,,,,,,,,,
Sun,Billund Airport (BLL),Odense,23878,29462,BLL,,,,,,,,,,,,,,,,,
Sun,Billund Airport (BLL),Vejle,23878,29463,BLL,,,,,,,,,,,,,,,,,
Sun,Bob Hope Airport Burbank,Anaheim,32759,28989,BUR,,,,,,,,,,,,,,,,,
Sun,Bob Hope Airport Burbank,Beverly Hills,32759,28990,BUR,,,,,,,,,,,,,,,,,
Sun,Bob Hope Airport Burbank,Delano,32759,36656,BUR,,,,,,,,,,,,,,,,,
Sun,Bob Hope Airport Burbank,Hollywood (California),32759,28994,BUR,,,,,,,,,,,,,,,,,
Sun,Bob Hope Airport Burbank,Huntington Beach,32759,28995,BUR,,,,,,,,,,,,,,,,,
Sun,Bob Hope Airport Burbank,Irvine (California),32759,30351,BUR,,,,,,,,,,,,,,,,,
Sun,Bob Hope Airport Burbank,Los Angeles Downtown,32759,28992,BUR,,,,,,,,,,,,,,,,,
Sun,Bob Hope Airport Burbank,Oxnard,32759,31516,BUR,,,,,,,,,,,,,,,,,
Sun,Bob Hope Airport Burbank,Palmdale,32759,33068,BUR,,,,,,,,,,,,,,,,,
Sun,Bob Hope Airport Burbank,Riverside,32759,32284,BUR,,,,,,,,,,,,,,,,,
Sun,Bob Hope Airport Burbank,Santa Ana,32759,10109,BUR,,,,,,,,,,,,,,,,,
Sun,Bob Hope Airport Burbank,Santa Barbara,32759,29797,BUR,,,,,,,,,,,,,,,,,
Sun,Bob Hope Airport Burbank,Torrance,32759,29016,BUR,,,,,,,,,,,,,,,,,
Sun,Bogotá El Dorado Airport,Aguazul,26490,24801,BOG,,,,,,,,,,,,,,,,,
Sun,Bogotá El Dorado Airport,Bogota,26490,26537,BOG,,,,,,,,,,,,,,,,,
Sun,Bogotá El Dorado Airport,Funza,26490,27998,BOG,,,,,,,,,,,,,,,,,
Sun,Bogotá El Dorado Airport,La Calera,26490,28003,BOG,,,,,,,,,,,,,,,,,
Sun,Bogotá El Dorado Airport,Santa Ana Occidental,26490,27999,BOG,,,,,,,,,,,,,,,,,
Sun,Bologna Airport,Bellaria,25189,27349,BLQ,,,,,,,,,,,,,,,,,
Sun,Bologna Airport,Bologna,25189,25518,BLQ,,,,,,,,,,,,,,,,,
Sun,Bologna Airport,Bologna Airport,25189,25189,BLQ,,,,,,,,,,,,,,,,,
Sun,Bologna Airport,Budrio,25189,41212,BLQ,,,,,,,,,,,,,,,,,
Sun,Bologna Airport,Camping Spiaggia E Mare,25189,28684,BLQ,,,,,,,,,,,,,,,,,
Sun,Bologna Airport,Carpi,25189,31949,BLQ,,,,,,,,,,,,,,,,,
Sun,Bologna Airport,Carrara,25189,25527,BLQ,,,,,,,,,,,,,,,,,
Sun,Bologna Airport,Casalecchio Di Reno,25189,25728,BLQ,,,,,,,,,,,,,,,,,
Sun,Bologna Airport,Cattolica,25189,27096,BLQ,,,,,,,,,,,,,,,,,
Sun,Bologna Airport,Cervia,25189,25730,BLQ,,,,,,,,,,,,,,,,,
Sun,Bologna Airport,Cesenatico,25189,27168,BLQ,,,,,,,,,,,,,,,,,
Sun,Bologna Airport,Chioggia,25189,21582,BLQ,,,,,,,,,,,,,,,,,
Sun,Bologna Airport,Faenza,25189,25732,BLQ,,,,,,,,,,,,,,,,,
Sun,Bologna Airport,Ferrara,25189,25733,BLQ,,,,,,,,,,,,,,,,,
Sun,Bologna Airport,Florence Train Station,25189,26669,BLQ,,,,,,,,,,,,,,,,,
Sun,Bologna Airport,Forli,25189,25734,BLQ,,,,,,,,,,,,,,,,,
Sun,Bologna Airport,Formigine,25189,25735,BLQ,,,,,,,,,,,,,,,,,
Sun,Bologna Airport,Gabicce Mare,25189,27359,BLQ,,,,,,,,,,,,,,,,,
Sun,Bologna Airport,Imola,25189,25736,BLQ,,,,,,,,,,,,,,,,,
Sun,Bologna Airport,La Spezia,25189,25585,BLQ,,,,,,,,,,,,,,,,,
Sun,Bologna Airport,Lido Delle Nazioni,25189,27350,BLQ,,,,,,,,,,,,,,,,,
Sun,Bologna Airport,Lido Di Pomposa,25189,31226,BLQ,,,,,,,,,,,,,,,,,
Sun,Bologna Airport,Lido Di Savio,25189,27348,BLQ,,,,,,,,,,,,,,,,,
Sun,Bologna Airport,Lido Di Spina,25189,29086,BLQ,,,,,,,,,,,,,,,,,
Sun,Bologna Airport,Maranello,25189,25739,BLQ,,,,,,,,,,,,,,,,,
Sun,Bologna Airport,Marina Di Ravenna,25189,27807,BLQ,,,,,,,,,,,,,,,,,
Sun,Bologna Airport,Milano Marittima,25189,27347,BLQ,,,,,,,,,,,,,,,,,
Sun,Bologna Airport,Misano Adriatico,25189,35353,BLQ,,,,,,,,,,,,,,,,,
Sun,Bologna Airport,Modena,25189,25598,BLQ,,,,,,,,,,,,,,,,,
Sun,Bologna Airport,Montecatini Terme,25189,25603,BLQ,,,,,,,,,,,,,,,,,
Sun,Bologna Airport,Nice Airport,25189,10811,BLQ,,,,,,,,,,,,,,,,,
Sun,Bologna Airport,Padova,25189,21611,BLQ,,,,,,,,,,,,,,,,,
Sun,Bologna Airport,Parma,25189,25740,BLQ,,,,,,,,,,,,,,,,,
Sun,Bologna Airport,Pesaro,25189,25742,BLQ,,,,,,,,,,,,,,,,,
Sun,Bologna Airport,Porto Corsini,25189,45062,BLQ,,,,,,,,,,,,,,,,,
Sun,Bologna Airport,Ravenna,25189,25745,BLQ,,,,,,,,,,,,,,,,,
Sun,Bologna Airport,Reggio Emilia,25189,25746,BLQ,,,,,,,,,,,,,,,,,
Sun,Bologna Airport,Riccione,25189,27343,BLQ,,,,,,,,,,,,,,,,,
Sun,Bologna Airport,Rimini,25189,25628,BLQ,,,,,,,,,,,,,,,,,
Sun,Bologna Airport,San Giovanni In Persiceto,25189,25747,BLQ,,,,,,,,,,,,,,,,,
Sun,Bologna Airport,Senigallia,25189,34262,BLQ,,,,,,,,,,,,,,,,,
Sun,Bologna Airport,Siena,25189,25539,BLQ,,,,,,,,,,,,,,,,,
Sun,Bologna Airport,Venice Marco Polo Airport,25189,21648,BLQ,,,,,,,,,,,,,,,,,
Sun,Bologna Airport,Verona,25189,21645,BLQ,,,,,,,,,,,,,,,,,
Sun,Bologna Airport,Viserba,25189,35372,BLQ,,,,,,,,,,,,,,,,,
Sun,Bordeaux Airport,Agen,23106,23107,BOD,,,,,,,,,,,,,,,,,
Sun,Bordeaux Airport,Angouleme,23106,23110,BOD,,,,,,,,,,,,,,,,,
Sun,Bordeaux Airport,Arcachon,23106,23111,BOD,,,,,,,,,,,,,,,,,
Sun,Bordeaux Airport,Beauziac,23106,45271,BOD,,,,,,,,,,,,,,,,,
Sun,Bordeaux Airport,Bergerac,23106,23113,BOD,,,,,,,,,,,,,,,,,
Sun,Bordeaux Airport,Biarritz,23106,20739,BOD,,,,,,,,,,,,,,,,,
Sun,Bordeaux Airport,Biscarrosse,23106,23114,BOD,,,,,,,,,,,,,,,,,
Sun,Bordeaux Airport,Biscarrosse Plage,23106,26652,BOD,,,,,,,,,,,,,,,,,
Sun,Bordeaux Airport,Bordeaux Train Station,23106,30493,BOD,,,,,,,,,,,,,,,,,
Sun,Bordeaux Airport,Brugge,23106,22427,BOD,,,,,,,,,,,,,,,,,
Sun,Bordeaux Airport,Camping Le Vieux Port,23106,23215,BOD,,,,,,,,,,,,,,,,,
Sun,Bordeaux Airport,Cap Ferret,23106,23116,BOD,,,,,,,,,,,,,,,,,
Sun,Bordeaux Airport,Carcans,23106,31234,BOD,,,,,,,,,,,,,,,,,
Sun,Bordeaux Airport,Château Lagorce (Haux),23106,27556,BOD,,,,,,,,,,,,,,,,,
Sun,Bordeaux Airport,Cognac,23106,23119,BOD,,,,,,,,,,,,,,,,,
Sun,Bordeaux Airport,Duras,23106,25335,BOD,,,,,,,,,,,,,,,,,
Sun,Bordeaux Airport,Eymet,23106,35251,BOD,,,,,,,,,,,,,,,,,
Sun,Bordeaux Airport,Floirac,23106,27559,BOD,,,,,,,,,,,,,,,,,
Sun,Bordeaux Airport,Grayan-Et-L'hôpital,23106,25456,BOD,,,,,,,,,,,,,,,,,
Sun,Bordeaux Airport,Gujan-Mestras,23106,32656,BOD,,,,,,,,,,,,,,,,,
Sun,Bordeaux Airport,Hourtin Plage,23106,25454,BOD,,,,,,,,,,,,,,,,,
Sun,Bordeaux Airport,Jarnac,23106,27432,BOD,,,,,,,,,,,,,,,,,
Sun,Bordeaux Airport,Jonzac,23106,25461,BOD,,,,,,,,,,,,,,,,,
Sun,Bordeaux Airport,La Palmyre,23106,31586,BOD,,,,,,,,,,,,,,,,,
Sun,Bordeaux Airport,Labenne,23106,29887,BOD,,,,,,,,,,,,,,,,,
Sun,Bordeaux Airport,Lacanau,23106,23122,BOD,,,,,,,,,,,,,,,,,
Sun,Bordeaux Airport,Lacanau Océan,23106,35605,BOD,,,,,,,,,,,,,,,,,
Sun,Bordeaux Airport,Les Mathes,23106,23124,BOD,,,,,,,,,,,,,,,,,
Sun,Bordeaux Airport,Libourne,23106,23125,BOD,,,,,,,,,,,,,,,,,
Sun,Bordeaux Airport,Longeveau,23106,35643,BOD,,,,,,,,,,,,,,,,,
Sun,Bordeaux Airport,Martillac,23106,30357,BOD,,,,,,,,,,,,,,,,,
Sun,Bordeaux Airport,Mérignac,23106,36082,BOD,,,,,,,,,,,,,,,,,
Sun,Bordeaux Airport,Messanges Plage,23106,23130,BOD,,,,,,,,,,,,,,,,,
Sun,Bordeaux Airport,Mimizan,23106,23131,BOD,,,,,,,,,,,,,,,,,
Sun,Bordeaux Airport,Moliets Plage,23106,23133,BOD,,,,,,,,,,,,,,,,,
Sun,Bordeaux Airport,Monflanquin,23106,31552,BOD,,,,,,,,,,,,,,,,,
Sun,Bordeaux Airport,Monsegur,23106,34941,BOD,,,,,,,,,,,,,,,,,
Sun,Bordeaux Airport,Montignac,23106,30724,BOD,,,,,,,,,,,,,,,,,
Sun,Bordeaux Airport,Pessac,23106,36057,BOD,,,,,,,,,,,,,,,,,
Sun,Bordeaux Airport,Ribérac,23106,30813,BOD,,,,,,,,,,,,,,,,,
Sun,Bordeaux Airport,Royan,23106,30659,BOD,,,,,,,,,,,,,,,,,
Sun,Bordeaux Airport,Saint-Jean-D'angély,23106,35320,BOD,,,,,,,,,,,,,,,,,
Sun,Bordeaux Airport,Saint-Lary-Soulan,23106,23164,BOD,,,,,,,,,,,,,,,,,
Sun,Bordeaux Airport,Saint-Martin-De-Ré,23106,30665,BOD,,,,,,,,,,,,,,,,,
Sun,Bordeaux Airport,Saint-Médard-D'eyrans,23106,37515,BOD,,,,,,,,,,,,,,,,,
Sun,Bordeaux Airport,Sanguinet,23106,30864,BOD,,,,,,,,,,,,,,,,,
Sun,Bordeaux Airport,Talence,23106,35977,BOD,,,,,,,,,,,,,,,,,
Sun,Bordeaux Airport,Vendays-Montalivet,23106,30699,BOD,,,,,,,,,,,,,,,,,
Sun,Bordeaux Airport,Vielle-Saint-Girons,23106,35012,BOD,,,,,,,,,,,,,,,,,
Sun,Boston Logan International Airport,Amherst (Massachusetts),29135,33395,BOS,,,,,,,,,,,,,,,,,
Sun,Boston Logan International Airport,Boston Downtown,29135,31925,BOS,,,,,,,,,,,,,,,,,
Sun,Boston Logan International Airport,Braintree (Boston),29135,38404,BOS,,,,,,,,,,,,,,,,,
Sun,Boston Logan International Airport,Brookline,29135,32107,BOS,,,,,,,,,,,,,,,,,
Sun,Boston Logan International Airport,Cambridge (Massachusetts),29135,31926,BOS,,,,,,,,,,,,,,,,,
Sun,Boston Logan International Airport,Chatham,29135,35714,BOS,,,,,,,,,,,,,,,,,
Sun,Boston Logan International Airport,Concord (New Hampshire),29135,36080,BOS,,,,,,,,,,,,,,,,,
Sun,Boston Logan International Airport,Dorchester (Massachusetts),29135,36215,BOS,,,,,,,,,,,,,,,,,
Sun,Boston Logan International Airport,Glen (Vermont),29135,35836,BOS,,,,,,,,,,,,,,,,,
Sun,Boston Logan International Airport,Haverhill,29135,34904,BOS,,,,,,,,,,,,,,,,,
Sun,Boston Logan International Airport,Hull (Massachusetts),29135,34288,BOS,,,,,,,,,,,,,,,,,
Sun,Boston Logan International Airport,Lowell,29135,38278,BOS,,,,,,,,,,,,,,,,,
Sun,Boston Logan International Airport,Marblehead,29135,35123,BOS,,,,,,,,,,,,,,,,,
Sun,Boston Logan International Airport,Northampton (Massachusetts),29135,35591,BOS,,,,,,,,,,,,,,,,,
Sun,Boston Logan International Airport,Pawcatuck,29135,36529,BOS,,,,,,,,,,,,,,,,,
Sun,Boston Logan International Airport,Providence,29135,32058,BOS,,,,,,,,,,,,,,,,,
Sun,Boston Logan International Airport,Raynham,29135,34125,BOS,,,,,,,,,,,,,,,,,
Sun,Boston Logan International Airport,Salem (Boston),29135,35752,BOS,,,,,,,,,,,,,,,,,
Sun,Boston Logan International Airport,South Deerfield,29135,35880,BOS,,,,,,,,,,,,,,,,,
Sun,Boston Logan International Airport,Stoughton,29135,33518,BOS,,,,,,,,,,,,,,,,,
Sun,Boston Logan International Airport,Wenham,29135,35893,BOS,,,,,,,,,,,,,,,,,
Sun,Boston Logan International Airport,Woodland Heath,29135,38450,BOS,,,,,,,,,,,,,,,,,
Sun,Boston Logan International Airport,York Harbor,29135,38374,BOS,,,,,,,,,,,,,,,,,
Sun,Bournemouth Airport (BOH),Bournemouth,27935,27822,BOH,,,,,,,,,,,,,,,,,
Sun,Bournemouth Airport (BOH),Lymington,27935,27824,BOH,,,,,,,,,,,,,,,,,
Sun,Bournemouth Airport (BOH),Poole,27935,27937,BOH,,,,,,,,,,,,,,,,,
Sun,Bournemouth Airport (BOH),Ringwood,27935,27825,BOH,,,,,,,,,,,,,,,,,
Sun,Bournemouth Airport (BOH),Romsey,27935,27826,BOH,,,,,,,,,,,,,,,,,
Sun,Bournemouth Airport (BOH),Southampton,27935,27793,BOH,,,,,,,,,,,,,,,,,
Sun,Bournemouth Airport (BOH),Winchester,27935,27828,BOH,,,,,,,,,,,,,,,,,
Sun,Brasília Airport,Alto Horizonte,26481,37458,BSB,,,,,,,,,,,,,,,,,
Sun,Brasília Airport,Anápolis,26481,26510,BSB,,,,,,,,,,,,,,,,,
Sun,Brasília Airport,Belo Horizonte,26481,26586,BSB,,,,,,,,,,,,,,,,,
Sun,Brasília Airport,Betim,26481,34465,BSB,,,,,,,,,,,,,,,,,
Sun,Brasília Airport,Brasilia,26481,26506,BSB,,,,,,,,,,,,,,,,,
Sun,Brasília Airport,Campinas,26481,26513,BSB,,,,,,,,,,,,,,,,,
Sun,Brasília Airport,Goiânia,26481,26511,BSB,,,,,,,,,,,,,,,,,
Sun,Brasília Airport,Luziania,26481,26512,BSB,,,,,,,,,,,,,,,,,
Sun,Brasília Airport,Planaltina De Goiás,26481,26509,BSB,,,,,,,,,,,,,,,,,
Sun,Brasília Airport,Salvador,26481,26517,BSB,,,,,,,,,,,,,,,,,
Sun,Brasília Airport,Santo Antonio Do Descoberto,26481,26507,BSB,,,,,,,,,,,,,,,,,
Sun,Brasília Airport,Sao Paulo,26481,26514,BSB,,,,,,,,,,,,,,,,,
Sun,Bratislava Airport,Ceske Budejovice,25324,21851,BTS,,,,,,,,,,,,,,,,,
Sun,Bratislava Airport,Hlohovec,25324,25424,BTS,,,,,,,,,,,,,,,,,
Sun,Bratislava Airport,Ljubljana,25324,25337,BTS,,,,,,,,,,,,,,,,,
Sun,Bratislava Airport,Mosonmagyaróvár,25324,44675,BTS,,,,,,,,,,,,,,,,,
Sun,Bratislava Airport,Parndorf,25324,33868,BTS,,,,,,,,,,,,,,,,,
Sun,Bratislava Airport,Šamorin,25324,36304,BTS,,,,,,,,,,,,,,,,,
Sun,Bratislava Airport,Senica,25324,35414,BTS,,,,,,,,,,,,,,,,,
Sun,Bratislava Airport,Tatranská Lomnica,25324,25418,BTS,,,,,,,,,,,,,,,,,
Sun,Bratislava Airport,Vienna Airport,25324,23411,BTS,,,,,,,,,,,,,,,,,
Sun,Bratislava Airport,Vienna Meidling Train Station,25324,40509,BTS,,,,,,,,,,,,,,,,,
Sun,Bremen Airport,Bad Zwischenahn,22769,22770,BRE,,,,,,,,,,,,,,,,,
Sun,Bremen Airport,Bremerhaven,22769,22772,BRE,,,,,,,,,,,,,,,,,
Sun,Bremen Airport,Cuxhaven,22769,22773,BRE,,,,,,,,,,,,,,,,,
Sun,Bremen Airport,Delmenhorst,22769,22774,BRE,,,,,,,,,,,,,,,,,
Sun,Bremen Airport,Emden,22769,22775,BRE,,,,,,,,,,,,,,,,,
Sun,Bremen Airport,Neuharlingersiel,22769,27607,BRE,,,,,,,,,,,,,,,,,
Sun,Bremen Airport,Oldenburg,22769,22784,BRE,,,,,,,,,,,,,,,,,
Sun,Bremen Airport,Rastede,22769,23270,BRE,,,,,,,,,,,,,,,,,
Sun,Brescia Montichiari Airport (VBS),Abano Terme,21754,21566,VBS,,,,,,,,,,,,,,,,,
Sun,Brescia Montichiari Airport (VBS),Bergamo,21754,25679,VBS,,,,,,,,,,,,,,,,,
Sun,Brescia Montichiari Airport (VBS),Bologna,21754,25518,VBS,,,,,,,,,,,,,,,,,
Sun,Brescia Montichiari Airport (VBS),Bolzano,21754,21731,VBS,,,,,,,,,,,,,,,,,
Sun,Brescia Montichiari Airport (VBS),Brescia,21754,21733,VBS,,,,,,,,,,,,,,,,,
Sun,Brescia Montichiari Airport (VBS),Bressanone,21754,21734,VBS,,,,,,,,,,,,,,,,,
Sun,Brescia Montichiari Airport (VBS),Campitello Di Fassa,21754,21735,VBS,,,,,,,,,,,,,,,,,
Sun,Brescia Montichiari Airport (VBS),Canazei,21754,21578,VBS,,,,,,,,,,,,,,,,,
Sun,Brescia Montichiari Airport (VBS),Cavalese,21754,21737,VBS,,,,,,,,,,,,,,,,,
Sun,Brescia Montichiari Airport (VBS),Cortina D'ampezzo,21754,21585,VBS,,,,,,,,,,,,,,,,,
Sun,Brescia Montichiari Airport (VBS),Desenzano Del Garda,21754,21588,VBS,,,,,,,,,,,,,,,,,
Sun,Brescia Montichiari Airport (VBS),Kronplatz / Plan De Corones,21754,21758,VBS,,,,,,,,,,,,,,,,,
Sun,Brescia Montichiari Airport (VBS),Madonna Di Campiglio,21754,21601,VBS,,,,,,,,,,,,,,,,,
Sun,Brescia Montichiari Airport (VBS),Mantova,21754,25738,VBS,,,,,,,,,,,,,,,,,
Sun,Brescia Montichiari Airport (VBS),Merano,21754,21749,VBS,,,,,,,,,,,,,,,,,
Sun,Brescia Montichiari Airport (VBS),Modena,21754,25598,VBS,,,,,,,,,,,,,,,,,
Sun,Brescia Montichiari Airport (VBS),Ortisei,21754,21610,VBS,,,,,,,,,,,,,,,,,
Sun,Brescia Montichiari Airport (VBS),Predazzo,21754,21761,VBS,,,,,,,,,,,,,,,,,
Sun,Brescia Montichiari Airport (VBS),San Martino Di Castrozza,21754,21623,VBS,,,,,,,,,,,,,,,,,
Sun,Brescia Montichiari Airport (VBS),Santa Cristina Val Gardena,21754,21626,VBS,,,,,,,,,,,,,,,,,
Sun,Brescia Montichiari Airport (VBS),Selva Di Val Gardena,21754,21765,VBS,,,,,,,,,,,,,,,,,
Sun,Brescia Montichiari Airport (VBS),Verona,21754,21645,VBS,,,,,,,,,,,,,,,,,
Sun,Brescia Montichiari Airport (VBS),Vigo Di Fassa,21754,21647,VBS,,,,,,,,,,,,,,,,,
Sun,Brescia Montichiari Airport (VBS),Vipiteno,21754,21774,VBS,,,,,,,,,,,,,,,,,
Sun,Brisbane Airport (BNE),Caboolture,28291,31197,BNE,,,,,,,,,,,,,,,,,
Sun,Bristol Airport,Bath,27699,27797,BRS,,,,,,,,,,,,,,,,,
Sun,Bristol Airport,Bristol,27699,27737,BRS,,,,,,,,,,,,,,,,,
Sun,Bristol Airport,Cardiff,27699,27730,BRS,,,,,,,,,,,,,,,,,
Sun,Bristol Airport,Cheltenham,27699,27788,BRS,,,,,,,,,,,,,,,,,
Sun,Bristol Airport,Chippenham,27699,27798,BRS,,,,,,,,,,,,,,,,,
Sun,Bristol Airport,Exeter,27699,27830,BRS,,,,,,,,,,,,,,,,,
Sun,Bristol Airport,Glastonbury,27699,27799,BRS,,,,,,,,,,,,,,,,,
Sun,Bristol Airport,Gloucester,27699,27789,BRS,,,,,,,,,,,,,,,,,
Sun,Bristol Airport,Paignton,27699,29999,BRS,,,,,,,,,,,,,,,,,
Sun,Bristol Airport,Plymouth,27699,32369,BRS,,,,,,,,,,,,,,,,,
Sun,Bristol Airport,Swansea,27699,27736,BRS,,,,,,,,,,,,,,,,,
Sun,Bristol Airport,Swindon,27699,27790,BRS,,,,,,,,,,,,,,,,,
Sun,Bristol Airport,Taunton,27699,27795,BRS,,,,,,,,,,,,,,,,,
Sun,Bristol Airport,Torquay (Devon),27699,30024,BRS,,,,,,,,,,,,,,,,,
Sun,Bristol Airport,Weston-Super-Mare,27699,27794,BRS,,,,,,,,,,,,,,,,,
Sun,Brno Airport (BRQ),Bratislava Airport,30502,25324,BRQ,,,,,,,,,,,,,,,,,
Sun,Brno Airport (BRQ),Breclav,30502,35036,BRQ,,,,,,,,,,,,,,,,,
Sun,Brno Airport (BRQ),Czechowice-Dziedzice,30502,31478,BRQ,,,,,,,,,,,,,,,,,
Sun,Brno Airport (BRQ),Hodonin,30502,30577,BRQ,,,,,,,,,,,,,,,,,
Sun,Brno Airport (BRQ),Hrotovice,30502,31360,BRQ,,,,,,,,,,,,,,,,,
Sun,Brno Airport (BRQ),Jihlava,30502,21863,BRQ,,,,,,,,,,,,,,,,,
Sun,Brno Airport (BRQ),Kromeriz,30502,21865,BRQ,,,,,,,,,,,,,,,,,
Sun,Brno Airport (BRQ),Olomouc,30502,21872,BRQ,,,,,,,,,,,,,,,,,
Sun,Brno Airport (BRQ),Prague Airport,30502,21849,BRQ,,,,,,,,,,,,,,,,,
Sun,Brno Airport (BRQ),Prerov,30502,30578,BRQ,,,,,,,,,,,,,,,,,
Sun,Brno Airport (BRQ),Uherske Hradiste,30502,30580,BRQ,,,,,,,,,,,,,,,,,
Sun,Brno Airport (BRQ),Vyskov,30502,30581,BRQ,,,,,,,,,,,,,,,,,
Sun,Brno Airport (BRQ),Zlin,30502,21887,BRQ,,,,,,,,,,,,,,,,,
Sun,Brno Airport (BRQ),Znojmo,30502,27236,BRQ,,,,,,,,,,,,,,,,,
Sun,Brussels South Charleroi Airport (CRL),Aachen,22426,22836,CRL,,,,,,,,,,,,,,,,,
Sun,Brussels South Charleroi Airport (CRL),Aalst,22426,27911,CRL,,,,,,,,,,,,,,,,,
Sun,Brussels South Charleroi Airport (CRL),Antwerpen,22426,22413,CRL,,,,,,,,,,,,,,,,,
Sun,Brussels South Charleroi Airport (CRL),Auderghem,22426,35542,CRL,,,,,,,,,,,,,,,,,
Sun,Brussels South Charleroi Airport (CRL),Brugge,22426,22427,CRL,,,,,,,,,,,,,,,,,
Sun,Brussels South Charleroi Airport (CRL),Brussels Zaventem Airport,22426,22415,CRL,,,,,,,,,,,,,,,,,
Sun,Brussels South Charleroi Airport (CRL),Calais,22426,22428,CRL,,,,,,,,,,,,,,,,,
Sun,Brussels South Charleroi Airport (CRL),Charleroi,22426,22429,CRL,,,,,,,,,,,,,,,,,
Sun,Brussels South Charleroi Airport (CRL),De Panne,22426,27909,CRL,,,,,,,,,,,,,,,,,
Sun,Brussels South Charleroi Airport (CRL),Douai,22426,37693,CRL,,,,,,,,,,,,,,,,,
Sun,Brussels South Charleroi Airport (CRL),Eindhoven,22426,22418,CRL,,,,,,,,,,,,,,,,,
Sun,Brussels South Charleroi Airport (CRL),Genk,22426,27896,CRL,,,,,,,,,,,,,,,,,
Sun,Brussels South Charleroi Airport (CRL),Ghent,22426,22431,CRL,,,,,,,,,,,,,,,,,
Sun,Brussels South Charleroi Airport (CRL),Hoeilaart,22426,30507,CRL,,,,,,,,,,,,,,,,,
Sun,Brussels South Charleroi Airport (CRL),Ieper,22426,32566,CRL,,,,,,,,,,,,,,,,,
Sun,Brussels South Charleroi Airport (CRL),Jabbeke,22426,34155,CRL,,,,,,,,,,,,,,,,,
Sun,Brussels South Charleroi Airport (CRL),Kortrijk,22426,27907,CRL,,,,,,,,,,,,,,,,,
Sun,Brussels South Charleroi Airport (CRL),La Louviere,22426,27901,CRL,,,,,,,,,,,,,,,,,
Sun,Brussels South Charleroi Airport (CRL),Leuven,22426,27889,CRL,,,,,,,,,,,,,,,,,
Sun,Brussels South Charleroi Airport (CRL),Liege,22426,22432,CRL,,,,,,,,,,,,,,,,,
Sun,Brussels South Charleroi Airport (CRL),Lier,22426,27886,CRL,,,,,,,,,,,,,,,,,
Sun,Brussels South Charleroi Airport (CRL),Lille,22426,21950,CRL,,,,,,,,,,,,,,,,,
Sun,Brussels South Charleroi Airport (CRL),Maastricht,22426,22434,CRL,,,,,,,,,,,,,,,,,
Sun,Brussels South Charleroi Airport (CRL),Mechelen,22426,27888,CRL,,,,,,,,,,,,,,,,,
Sun,Brussels South Charleroi Airport (CRL),Mons,22426,27226,CRL,,,,,,,,,,,,,,,,,
Sun,Brussels South Charleroi Airport (CRL),Namur,22426,27900,CRL,,,,,,,,,,,,,,,,,
Sun,Brussels South Charleroi Airport (CRL),Ostend,22426,22439,CRL,,,,,,,,,,,,,,,,,
Sun,Brussels South Charleroi Airport (CRL),Ottignies-Louvain-La-Neuve,22426,27875,CRL,,,,,,,,,,,,,,,,,
Sun,Brussels South Charleroi Airport (CRL),Paris,22426,21879,CRL,,,,,,,,,,,,,,,,,
Sun,Brussels South Charleroi Airport (CRL),Rotterdam,22426,22421,CRL,,,,,,,,,,,,,,,,,
Sun,Brussels South Charleroi Airport (CRL),Seraing,22426,32799,CRL,,,,,,,,,,,,,,,,,
Sun,Brussels South Charleroi Airport (CRL),Sint-Jans-Molenbeek,22426,36000,CRL,,,,,,,,,,,,,,,,,
Sun,Brussels South Charleroi Airport (CRL),Sint-Pieters-Leeuw,22426,31345,CRL,,,,,,,,,,,,,,,,,
Sun,Brussels South Charleroi Airport (CRL),Spa,22426,27899,CRL,,,,,,,,,,,,,,,,,
Sun,Brussels South Charleroi Airport (CRL),Tervuren,22426,34910,CRL,,,,,,,,,,,,,,,,,
Sun,Brussels South Charleroi Airport (CRL),Tienen,22426,27893,CRL,,,,,,,,,,,,,,,,,
Sun,Brussels South Charleroi Airport (CRL),Vilvoorde,22426,27880,CRL,,,,,,,,,,,,,,,,,
Sun,Brussels South Charleroi Airport (CRL),Waterloo,22426,33992,CRL,,,,,,,,,,,,,,,,,
Sun,Brussels South Charleroi Airport (CRL),Wavre,22426,27873,CRL,,,,,,,,,,,,,,,,,
Sun,Brussels South Charleroi Airport (CRL),Woluwe-Saint-Pierre,22426,35194,CRL,,,,,,,,,,,,,,,,,
Sun,Brussels South Charleroi Airport (CRL),Zaventem,22426,31366,CRL,,,,,,,,,,,,,,,,,
Sun,Brussels Zaventem Airport,Aachen,22415,22836,BRU,,,,,,,,,,,,,,,,,
Sun,Brussels Zaventem Airport,Antwerpen,22415,22413,BRU,,,,,,,,,,,,,,,,,
Sun,Brussels Zaventem Airport,Auderghem,22415,35542,BRU,,,,,,,,,,,,,,,,,
Sun,Brussels Zaventem Airport,Brugge,22415,22427,BRU,,,,,,,,,,,,,,,,,
Sun,Brussels Zaventem Airport,Charleroi,22415,22429,BRU,,,,,,,,,,,,,,,,,
Sun,Brussels Zaventem Airport,De Haan,22415,27905,BRU,,,,,,,,,,,,,,,,,
Sun,Brussels Zaventem Airport,De Panne,22415,27909,BRU,,,,,,,,,,,,,,,,,
Sun,Brussels Zaventem Airport,Eindhoven,22415,22418,BRU,,,,,,,,,,,,,,,,,
Sun,Brussels Zaventem Airport,Genk,22415,27896,BRU,,,,,,,,,,,,,,,,,
Sun,Brussels Zaventem Airport,Ghent,22415,22431,BRU,,,,,,,,,,,,,,,,,
Sun,Brussels Zaventem Airport,Kortrijk,22415,27907,BRU,,,,,,,,,,,,,,,,,
Sun,Brussels Zaventem Airport,Leuven,22415,27889,BRU,,,,,,,,,,,,,,,,,
Sun,Brussels Zaventem Airport,Liege,22415,22432,BRU,,,,,,,,,,,,,,,,,
Sun,Brussels Zaventem Airport,Lille,22415,21950,BRU,,,,,,,,,,,,,,,,,
Sun,Brussels Zaventem Airport,Maastricht,22415,22434,BRU,,,,,,,,,,,,,,,,,
Sun,Brussels Zaventem Airport,Mechelen,22415,27888,BRU,,,,,,,,,,,,,,,,,
Sun,Brussels Zaventem Airport,Mons,22415,27226,BRU,,,,,,,,,,,,,,,,,
Sun,Brussels Zaventem Airport,Namur,22415,27900,BRU,,,,,,,,,,,,,,,,,
Sun,Brussels Zaventem Airport,Nivelles,22415,27876,BRU,,,,,,,,,,,,,,,,,
Sun,Brussels Zaventem Airport,Ostend,22415,22439,BRU,,,,,,,,,,,,,,,,,
Sun,Brussels Zaventem Airport,Ottignies-Louvain-La-Neuve,22415,27875,BRU,,,,,,,,,,,,,,,,,
Sun,Brussels Zaventem Airport,Tilburg,22415,27274,BRU,,,,,,,,,,,,,,,,,
Sun,Brussels Zaventem Airport,Waterloo,22415,33992,BRU,,,,,,,,,,,,,,,,,
Sun,Brussels Zaventem Airport,Wavre,22415,27873,BRU,,,,,,,,,,,,,,,,,
Sun,Brussels Zaventem Airport,Woluwe-Saint-Pierre,22415,35194,BRU,,,,,,,,,,,,,,,,,
Sun,Bucharest Baneasa Airport,Aiud,26153,26247,BBU,,,,,,,,,,,,,,,,,
Sun,Bucharest Baneasa Airport,Alba Iulia,26153,26246,BBU,,,,,,,,,,,,,,,,,
Sun,Bucharest Baneasa Airport,Azuga,26153,26245,BBU,,,,,,,,,,,,,,,,,
Sun,Bucharest Baneasa Airport,Bacau,26153,26244,BBU,,,,,,,,,,,,,,,,,
Sun,Bucharest Baneasa Airport,B?ile Govora,26153,26243,BBU,,,,,,,,,,,,,,,,,
Sun,Bucharest Baneasa Airport,B?ile Ol?nesti,26153,26242,BBU,,,,,,,,,,,,,,,,,
Sun,Bucharest Baneasa Airport,Bârlad,26153,26241,BBU,,,,,,,,,,,,,,,,,
Sun,Bucharest Baneasa Airport,Bicaz,26153,26240,BBU,,,,,,,,,,,,,,,,,
Sun,Bucharest Baneasa Airport,Braila,26153,26239,BBU,,,,,,,,,,,,,,,,,
Sun,Bucharest Baneasa Airport,Bran,26153,26238,BBU,,,,,,,,,,,,,,,,,
Sun,Bucharest Baneasa Airport,Branesti,26153,35471,BBU,,,,,,,,,,,,,,,,,
Sun,Bucharest Baneasa Airport,Brasov,26153,26237,BBU,,,,,,,,,,,,,,,,,
Sun,Bucharest Baneasa Airport,Busteni,26153,26235,BBU,,,,,,,,,,,,,,,,,
Sun,Bucharest Baneasa Airport,Buzau,26153,26234,BBU,,,,,,,,,,,,,,,,,
Sun,Bucharest Baneasa Airport,Calarasi,26153,26233,BBU,,,,,,,,,,,,,,,,,
Sun,Bucharest Baneasa Airport,C?lim?ne?ti,26153,26232,BBU,,,,,,,,,,,,,,,,,
Sun,Bucharest Baneasa Airport,Câmpulung,26153,26231,BBU,,,,,,,,,,,,,,,,,
Sun,Bucharest Baneasa Airport,Cisn?die,26153,26230,BBU,,,,,,,,,,,,,,,,,
Sun,Bucharest Baneasa Airport,Constanta,26153,26228,BBU,,,,,,,,,,,,,,,,,
Sun,Bucharest Baneasa Airport,Craiova,26153,26226,BBU,,,,,,,,,,,,,,,,,
Sun,Bucharest Baneasa Airport,Curtea De Arges,26153,26225,BBU,,,,,,,,,,,,,,,,,
Sun,Bucharest Baneasa Airport,Fetesti,26153,26224,BBU,,,,,,,,,,,,,,,,,
Sun,Bucharest Baneasa Airport,Galati,26153,26222,BBU,,,,,,,,,,,,,,,,,
Sun,Bucharest Baneasa Airport,Giurgiu,26153,26221,BBU,,,,,,,,,,,,,,,,,
Sun,Bucharest Baneasa Airport,Horezu,26153,26220,BBU,,,,,,,,,,,,,,,,,
Sun,Bucharest Baneasa Airport,Urziceni,26153,27438,BBU,,,,,,,,,,,,,,,,,
Sun,Bucharest Otopeni Airport (OTP),Bacau,26152,26244,OTP,,,,,,,,,,,,,,,,,
Sun,Bucharest Otopeni Airport (OTP),Braila,26152,26239,OTP,,,,,,,,,,,,,,,,,
Sun,Bucharest Otopeni Airport (OTP),Bran,26152,26238,OTP,,,,,,,,,,,,,,,,,
Sun,Bucharest Otopeni Airport (OTP),Brasov,26152,26237,OTP,,,,,,,,,,,,,,,,,
Sun,Bucharest Otopeni Airport (OTP),Buzau,26152,26234,OTP,,,,,,,,,,,,,,,,,
Sun,Bucharest Otopeni Airport (OTP),Câmpulung,26152,26231,OTP,,,,,,,,,,,,,,,,,
Sun,Bucharest Otopeni Airport (OTP),Cislau,26152,32889,OTP,,,,,,,,,,,,,,,,,
Sun,Bucharest Otopeni Airport (OTP),Cluj-Napoca,26152,26229,OTP,,,,,,,,,,,,,,,,,
Sun,Bucharest Otopeni Airport (OTP),Constanta,26152,26228,OTP,,,,,,,,,,,,,,,,,
Sun,Bucharest Otopeni Airport (OTP),Craiova,26152,26226,OTP,,,,,,,,,,,,,,,,,
Sun,Bucharest Otopeni Airport (OTP),Dobrich,26152,33088,OTP,,,,,,,,,,,,,,,,,
Sun,Bucharest Otopeni Airport (OTP),Focsani,26152,26223,OTP,,,,,,,,,,,,,,,,,
Sun,Bucharest Otopeni Airport (OTP),Galati,26152,26222,OTP,,,,,,,,,,,,,,,,,
Sun,Bucharest Otopeni Airport (OTP),Giurgiu,26152,26221,OTP,,,,,,,,,,,,,,,,,
Sun,Bucharest Otopeni Airport (OTP),Golden Sands,26152,22074,OTP,,,,,,,,,,,,,,,,,
Sun,Bucharest Otopeni Airport (OTP),Horezu,26152,26220,OTP,,,,,,,,,,,,,,,,,
Sun,Bucharest Otopeni Airport (OTP),Ileana (Calarasi),26152,29018,OTP,,,,,,,,,,,,,,,,,
Sun,Bucharest Otopeni Airport (OTP),Paskalevets,26152,34793,OTP,,,,,,,,,,,,,,,,,
Sun,Budapest Airport,Balatonboglár,26006,34879,BUD,,,,,,,,,,,,,,,,,
Sun,Budapest Airport,Budaörs,26006,32336,BUD,,,,,,,,,,,,,,,,,
Sun,Budapest Airport,Gödöll?,26006,35389,BUD,,,,,,,,,,,,,,,,,
Sun,Budapest Airport,Kaposvár,26006,33097,BUD,,,,,,,,,,,,,,,,,
Sun,Budapest Airport,Kecskemét,26006,31648,BUD,,,,,,,,,,,,,,,,,
Sun,Budapest Airport,Kosice Airport,26006,25326,BUD,,,,,,,,,,,,,,,,,
Sun,Budapest Airport,Oradea,26006,29909,BUD,,,,,,,,,,,,,,,,,
Sun,Budapest Airport,Ujpest,26006,35968,BUD,,,,,,,,,,,,,,,,,
Sun,Budapest Airport,Vienna Airport,26006,23411,BUD,,,,,,,,,,,,,,,,,
Sun,Budapest Airport,Zagreb Airport,26006,25464,BUD,,,,,,,,,,,,,,,,,
Sun,Budapest Airport,Zamárdi,26006,30711,BUD,,,,,,,,,,,,,,,,,
Sun,Buenos Aires Jorge Newbery Airport,Bahia Blanca,26479,22358,AEP,,,,,,,,,,,,,,,,,
Sun,Buenos Aires Jorge Newbery Airport,Lobos,26479,37613,AEP,,,,,,,,,,,,,,,,,
Sun,Buenos Aires Jorge Newbery Airport,Palermo Soho,26479,26503,AEP,,,,,,,,,,,,,,,,,
Sun,Buenos Aires Jorge Newbery Airport,Puerto Madero,26479,32996,AEP,,,,,,,,,,,,,,,,,
Sun,Buenos Aires Jorge Newbery Airport,Quilmes,26479,36308,AEP,,,,,,,,,,,,,,,,,
Sun,Buenos Aires Jorge Newbery Airport,Recoleta,26479,32997,AEP,,,,,,,,,,,,,,,,,
Sun,Buenos Aires Jorge Newbery Airport,Retiro,26479,32998,AEP,,,,,,,,,,,,,,,,,
Sun,Buenos Aires Jorge Newbery Airport,San Clemente Del Tuyu,26479,32432,AEP,,,,,,,,,,,,,,,,,
Sun,Buenos Aires Jorge Newbery Airport,San Telmo,26479,32999,AEP,,,,,,,,,,,,,,,,,
Sun,Buenos Aires Pistarini Airport,Bahia Blanca,26480,22358,EZE,,,,,,,,,,,,,,,,,
Sun,Buenos Aires Pistarini Airport,Buenos Aires Jorge Newbery Airport,26480,26479,EZE,,,,,,,,,,,,,,,,,
Sun,Buenos Aires Pistarini Airport,Monte Grande,26480,38359,EZE,,,,,,,,,,,,,,,,,
Sun,Buenos Aires Pistarini Airport,Palermo Soho,26480,26503,EZE,,,,,,,,,,,,,,,,,
Sun,Buenos Aires Pistarini Airport,Puerto Madero,26480,32996,EZE,,,,,,,,,,,,,,,,,
Sun,Buenos Aires Pistarini Airport,San Clemente Del Tuyu,26480,32432,EZE,,,,,,,,,,,,,,,,,
Sun,Buenos Aires Pistarini Airport,San Telmo,26480,32999,EZE,,,,,,,,,,,,,,,,,
Sun,Buenos Aires Pistarini Airport,Villa Crespo,26480,33001,EZE,,,,,,,,,,,,,,,,,
Sun,Buffalo Niagara International Airport,Amherst (Massachusetts),43374,33395,BUF,,,,,,,,,,,,,,,,,
Sun,Buffalo Niagara International Airport,Philadelphia (Pennsylvania),43374,29916,BUF,,,,,,,,,,,,,,,,,
Sun,Buffalo Niagara International Airport,Providence,43374,32058,BUF,,,,,,,,,,,,,,,,,
Sun,Buffalo Niagara International Airport,Tonawanda,43374,43843,BUF,,,,,,,,,,,,,,,,,
Sun,Buffalo Niagara International Airport,York (Pennsylvania),43374,36573,BUF,,,,,,,,,,,,,,,,,
Sun,Burgas Airport,Ahtopol,22065,22067,BOJ,,,,,,,,,,,,,,,,,
Sun,Burgas Airport,Balchik,22065,22069,BOJ,,,,,,,,,,,,,,,,,
Sun,Burgas Airport,Bansko,22065,22087,BOJ,,,,,,,,,,,,,,,,,
Sun,Burgas Airport,Borovets,22065,22088,BOJ,,,,,,,,,,,,,,,,,
Sun,Burgas Airport,Duni,22065,22072,BOJ,,,,,,,,,,,,,,,,,
Sun,Burgas Airport,Elenite,22065,22073,BOJ,,,,,,,,,,,,,,,,,
Sun,Burgas Airport,Golden Sands,22065,22074,BOJ,,,,,,,,,,,,,,,,,
Sun,Burgas Airport,Kalimantsi,22065,36250,BOJ,,,,,,,,,,,,,,,,,
Sun,Burgas Airport,Karnobat,22065,35857,BOJ,,,,,,,,,,,,,,,,,
Sun,Burgas Airport,Kiten,22065,22075,BOJ,,,,,,,,,,,,,,,,,
Sun,Burgas Airport,Lozenets,22065,22076,BOJ,,,,,,,,,,,,,,,,,
Sun,Burgas Airport,Nessebar,22065,22077,BOJ,,,,,,,,,,,,,,,,,
Sun,Burgas Airport,Obzor,22065,22078,BOJ,,,,,,,,,,,,,,,,,
Sun,Burgas Airport,Osenovo,22065,34349,BOJ,,,,,,,,,,,,,,,,,
Sun,Burgas Airport,Pomorie,22065,22079,BOJ,,,,,,,,,,,,,,,,,
Sun,Burgas Airport,Primorsko,22065,22080,BOJ,,,,,,,,,,,,,,,,,
Sun,Burgas Airport,Sofia,22065,22095,BOJ,,,,,,,,,,,,,,,,,
Sun,Burgas Airport,St. Konstantine & Helena,22065,22083,BOJ,,,,,,,,,,,,,,,,,
Sun,Burgas Airport,Sunny Beach,22065,22084,BOJ,,,,,,,,,,,,,,,,,
Sun,Burgas Airport,Tsarevo,22065,22086,BOJ,,,,,,,,,,,,,,,,,
Sun,Burgas Airport,Yambol,22065,36464,BOJ,,,,,,,,,,,,,,,,,
Sun,Bydgoszcz Airport,Ciechocinek,30594,35878,BZG,,,,,,,,,,,,,,,,,
Sun,Bydgoszcz Airport,Inowroclaw,30594,30567,BZG,,,,,,,,,,,,,,,,,
Sun,Bydgoszcz Airport,Koprzywnica,30594,37736,BZG,,,,,,,,,,,,,,,,,
Sun,Bydgoszcz Airport,Krakow,30594,25396,BZG,,,,,,,,,,,,,,,,,
Sun,Bydgoszcz Airport,Naklo Nad Notecia,30594,30568,BZG,,,,,,,,,,,,,,,,,
Sun,Bydgoszcz Airport,Sopot,30594,26687,BZG,,,,,,,,,,,,,,,,,
Sun,Bydgoszcz Airport,?wiecie,30594,30570,BZG,,,,,,,,,,,,,,,,,
Sun,Bydgoszcz Airport,Wloclawek,30594,30598,BZG,,,,,,,,,,,,,,,,,
Sun,Bydgoszcz Airport,Znin,30594,30571,BZG,,,,,,,,,,,,,,,,,
Sun,Cagliari Airport,Arbatax,24982,26366,CAG,,,,,,,,,,,,,,,,,
Sun,Cagliari Airport,Cala Gonone,24982,26363,CAG,,,,,,,,,,,,,,,,,
Sun,Cagliari Airport,Calasetta,24982,26353,CAG,,,,,,,,,,,,,,,,,
Sun,Cagliari Airport,Capo Boi,24982,26337,CAG,,,,,,,,,,,,,,,,,
Sun,Cagliari Airport,Carbonia,24982,26342,CAG,,,,,,,,,,,,,,,,,
Sun,Cagliari Airport,Cardedu,24982,33428,CAG,,,,,,,,,,,,,,,,,
Sun,Cagliari Airport,Castiadas,24982,26339,CAG,,,,,,,,,,,,,,,,,
Sun,Cagliari Airport,Costa Rei,24982,26347,CAG,,,,,,,,,,,,,,,,,
Sun,Cagliari Airport,Notteri,24982,38387,CAG,,,,,,,,,,,,,,,,,
Sun,Cagliari Airport,Oristano,24982,26351,CAG,,,,,,,,,,,,,,,,,
Sun,Cagliari Airport,Orosei,24982,26435,CAG,,,,,,,,,,,,,,,,,
Sun,Cagliari Airport,Porto Pino,24982,26345,CAG,,,,,,,,,,,,,,,,,
Sun,Cagliari Airport,Portoscuso,24982,29848,CAG,,,,,,,,,,,,,,,,,
Sun,Cagliari Airport,Portovesme,24982,26346,CAG,,,,,,,,,,,,,,,,,
Sun,Cagliari Airport,Pula (Cagliari),24982,26329,CAG,,,,,,,,,,,,,,,,,
Sun,Cagliari Airport,San Teodoro,24982,26381,CAG,,,,,,,,,,,,,,,,,
Sun,Cagliari Airport,Santa Margherita Ligure,24982,25640,CAG,,,,,,,,,,,,,,,,,
Sun,Cagliari Airport,Santa Maria Navarrese,24982,26368,CAG,,,,,,,,,,,,,,,,,
Sun,Cagliari Airport,Solanas,24982,26333,CAG,,,,,,,,,,,,,,,,,
Sun,Cagliari Airport,Teulada,24982,26343,CAG,,,,,,,,,,,,,,,,,
Sun,Cagliari Airport,Torre Delle Stelle,24982,26331,CAG,,,,,,,,,,,,,,,,,
Sun,Cagliari Airport,Tortoli,24982,26365,CAG,,,,,,,,,,,,,,,,,
Sun,Cagliari Airport,Villasimius,24982,26341,CAG,,,,,,,,,,,,,,,,,
Sun,Cairo Airport,Al Rehab,26600,36560,CAI,,,,,,,,,,,,,,,,,
Sun,Cairo Airport,Dahab,26600,25553,CAI,,,,,,,,,,,,,,,,,
Sun,Cairo Airport,Damietta,26600,36967,CAI,,,,,,,,,,,,,,,,,
Sun,Cairo Airport,Dreamland Golf Resort,26600,28923,CAI,,,,,,,,,,,,,,,,,
Sun,Cairo Airport,Ismailia,26600,31432,CAI,,,,,,,,,,,,,,,,,
Sun,Cairo Airport,Sharm El Sheikh,26600,25552,CAI,,,,,,,,,,,,,,,,,
Sun,Cairo Airport,Sheikh Zayed City,26600,36571,CAI,,,,,,,,,,,,,,,,,
Sun,Cairo Airport,Tanta,26600,36210,CAI,,,,,,,,,,,,,,,,,
Sun,Calgary Airport,Regina,43713,21879,YYC,,,,,,,,,,,,,,,,,
Sun,Calvi Airport,Algajola,27509,27510,CLY,,,,,,,,,,,,,,,,,
Sun,Calvi Airport,Calenzana,27509,27512,CLY,,,,,,,,,,,,,,,,,
Sun,Calvi Airport,Ile-Rousse,27509,27516,CLY,,,,,,,,,,,,,,,,,
Sun,Cam Ranh Airport,Nha Trang,31002,37542,CXR,,,,,,,,,,,,,,,,,
Sun,Cam Ranh Airport,Vân Phong Bay V?nh Vân Phong,31002,41211,CXR,,,,,,,,,,,,,,,,,
Sun,Campinas Viracopos International Airport (VCP),Atibaia,32001,32459,VCP,,,,,,,,,,,,,,,,,
Sun,Campinas Viracopos International Airport (VCP),Barbacena,32001,36746,VCP,,,,,,,,,,,,,,,,,
Sun,Campinas Viracopos International Airport (VCP),Belo Horizonte,32001,26586,VCP,,,,,,,,,,,,,,,,,
Sun,Campinas Viracopos International Airport (VCP),Bragança Paulista,32001,32029,VCP,,,,,,,,,,,,,,,,,
Sun,Campinas Viracopos International Airport (VCP),Campinas,32001,26513,VCP,,,,,,,,,,,,,,,,,
Sun,Campinas Viracopos International Airport (VCP),Limeira,32001,32030,VCP,,,,,,,,,,,,,,,,,
Sun,Campinas Viracopos International Airport (VCP),Piracicaba,32001,32012,VCP,,,,,,,,,,,,,,,,,
Sun,Campinas Viracopos International Airport (VCP),Poços De Caldas,32001,35820,VCP,,,,,,,,,,,,,,,,,
Sun,Campinas Viracopos International Airport (VCP),Rio Claro (Brazil),32001,32653,VCP,,,,,,,,,,,,,,,,,
Sun,Campinas Viracopos International Airport (VCP),São Bernardo Do Campo,32001,34548,VCP,,,,,,,,,,,,,,,,,
Sun,Cancún Airport,Akumal,26492,26555,CUN,,,,,,,,,,,,,,,,,
Sun,Cancún Airport,Cancún,26492,26549,CUN,,,,,,,,,,,,,,,,,
Sun,Cancún Airport,Chetumal,26492,26557,CUN,,,,,,,,,,,,,,,,,
Sun,Cancún Airport,Merida,26492,10519,CUN,,,,,,,,,,,,,,,,,
Sun,Cancún Airport,Playa Del Carmen,26492,26550,CUN,,,,,,,,,,,,,,,,,
Sun,Cancún Airport,Playacar,26492,27964,CUN,,,,,,,,,,,,,,,,,
Sun,Cancún Airport,Progreso,26492,38086,CUN,,,,,,,,,,,,,,,,,
Sun,Cancún Airport,Puerto Aventuras,26492,26553,CUN,,,,,,,,,,,,,,,,,
Sun,Cancún Airport,Puerto Juárez,26492,26556,CUN,,,,,,,,,,,,,,,,,
Sun,Cancún Airport,Puerto Morelos,26492,26551,CUN,,,,,,,,,,,,,,,,,
Sun,Cancún Airport,Punta Maroma,26492,26558,CUN,,,,,,,,,,,,,,,,,
Sun,Cancún Airport,Tulum,26492,26554,CUN,,,,,,,,,,,,,,,,,
Sun,Cancún Airport,Tulum Cabanas,26492,26552,CUN,,,,,,,,,,,,,,,,,
Sun,Cancún Airport,Xcaret,26492,26559,CUN,,,,,,,,,,,,,,,,,
Sun,Cancún Airport,Xelhà,26492,34600,CUN,,,,,,,,,,,,,,,,,
Sun,Cape Town Airport,Sea Point,28238,37046,CPT,,,,,,,,,,,,,,,,,
Sun,Carcassonne Airport,Antugnac,21696,23334,CCF,,,,,,,,,,,,,,,,,
Sun,Carcassonne Airport,Axat,21696,31992,CCF,,,,,,,,,,,,,,,,,
Sun,Carcassonne Airport,Camping Club La Sirene,21696,23178,CCF,,,,,,,,,,,,,,,,,
Sun,Carcassonne Airport,Camping Domaine D'arnauteille,21696,35392,CCF,,,,,,,,,,,,,,,,,
Sun,Carcassonne Airport,Camping Le Brasilia,21696,22304,CCF,,,,,,,,,,,,,,,,,
Sun,Carcassonne Airport,Camping Le Serignan Plage,21696,23202,CCF,,,,,,,,,,,,,,,,,
Sun,Carcassonne Airport,Cap D'agde,21696,21675,CCF,,,,,,,,,,,,,,,,,
Sun,Carcassonne Airport,Castelnaudary,21696,21698,CCF,,,,,,,,,,,,,,,,,
Sun,Carcassonne Airport,Castres,21696,21699,CCF,,,,,,,,,,,,,,,,,
Sun,Carcassonne Airport,Cintegabelle,21696,25239,CCF,,,,,,,,,,,,,,,,,
Sun,Carcassonne Airport,Ferrals-Les-Corbieres,21696,27593,CCF,,,,,,,,,,,,,,,,,
Sun,Carcassonne Airport,Ginestas,21696,22337,CCF,,,,,,,,,,,,,,,,,
Sun,Carcassonne Airport,Homps,21696,21700,CCF,,,,,,,,,,,,,,,,,
Sun,Carcassonne Airport,Ladern-Sur-Lauquet,21696,35875,CCF,,,,,,,,,,,,,,,,,
Sun,Carcassonne Airport,Lézignan-Corbieres,21696,23305,CCF,,,,,,,,,,,,,,,,,
Sun,Carcassonne Airport,Limoux,21696,21701,CCF,,,,,,,,,,,,,,,,,
Sun,Carcassonne Airport,Marseillan,21696,21690,CCF,,,,,,,,,,,,,,,,,
Sun,Carcassonne Airport,Mirepoix,21696,24952,CCF,,,,,,,,,,,,,,,,,
Sun,Carcassonne Airport,Moux,21696,26251,CCF,,,,,,,,,,,,,,,,,
Sun,Carcassonne Airport,Narbonne,21696,21680,CCF,,,,,,,,,,,,,,,,,
Sun,Carcassonne Airport,Narbonne Plage,21696,27573,CCF,,,,,,,,,,,,,,,,,
Sun,Carcassonne Airport,Olonzac,21696,22555,CCF,,,,,,,,,,,,,,,,,
Sun,Carcassonne Airport,Perpignan,21696,21681,CCF,,,,,,,,,,,,,,,,,
Sun,Carcassonne Airport,Portiragnes,21696,21683,CCF,,,,,,,,,,,,,,,,,
Sun,Carcassonne Airport,Quillan,21696,21703,CCF,,,,,,,,,,,,,,,,,
Sun,Carcassonne Airport,Saint Andre De Roquelongue,21696,40105,CCF,,,,,,,,,,,,,,,,,
Sun,Carcassonne Airport,Sérignan,21696,21686,CCF,,,,,,,,,,,,,,,,,
Sun,Carcassonne Airport,Trebes,21696,22339,CCF,,,,,,,,,,,,,,,,,
Sun,Carcassonne Airport,Valras Plage,21696,21688,CCF,,,,,,,,,,,,,,,,,
Sun,Carcassonne Airport,Vias Plage,21696,22313,CCF,,,,,,,,,,,,,,,,,
Sun,Cardiff Airport,Brecon,27698,27738,CWL,,,,,,,,,,,,,,,,,
Sun,Cardiff Airport,Bristol,27698,27737,CWL,,,,,,,,,,,,,,,,,
Sun,Cardiff Airport,Bristol Airport,27698,27699,CWL,,,,,,,,,,,,,,,,,
Sun,Cardiff Airport,Caerphilly,27698,27731,CWL,,,,,,,,,,,,,,,,,
Sun,Cardiff Airport,Cardiff,27698,27730,CWL,,,,,,,,,,,,,,,,,
Sun,Cardiff Airport,Cardiff Docks,27698,27859,CWL,,,,,,,,,,,,,,,,,
Sun,Cardiff Airport,Llandrindod Wells,27698,35331,CWL,,,,,,,,,,,,,,,,,
Sun,Cardiff Airport,Merthyr Tydfil,27698,27735,CWL,,,,,,,,,,,,,,,,,
Sun,Cardiff Airport,Newport (Cardiff),27698,27732,CWL,,,,,,,,,,,,,,,,,
Sun,Cardiff Airport,Pencoed,27698,34811,CWL,,,,,,,,,,,,,,,,,
Sun,Cardiff Airport,Plymouth,27698,32369,CWL,,,,,,,,,,,,,,,,,
Sun,Cardiff Airport,Pontypool,27698,27734,CWL,,,,,,,,,,,,,,,,,
Sun,Cardiff Airport,Pontypridd,27698,27733,CWL,,,,,,,,,,,,,,,,,
Sun,Cardiff Airport,Swansea,27698,27736,CWL,,,,,,,,,,,,,,,,,
Sun,Casablanca Airport,Asni,21437,21428,CMN,,,,,,,,,,,,,,,,,
Sun,Casablanca Airport,Ben Slimane,21437,34908,CMN,,,,,,,,,,,,,,,,,
Sun,Casablanca Airport,Beni-Mellal,21437,35161,CMN,,,,,,,,,,,,,,,,,
Sun,Casablanca Airport,Bouznika,21437,34897,CMN,,,,,,,,,,,,,,,,,
Sun,Casablanca Airport,Casablanca,21437,22357,CMN,,,,,,,,,,,,,,,,,
Sun,Casablanca Airport,El Jadida,21437,21438,CMN,,,,,,,,,,,,,,,,,
Sun,Casablanca Airport,Essaouira,21437,20713,CMN,,,,,,,,,,,,,,,,,
Sun,Casablanca Airport,Khouribga,21437,33311,CMN,,,,,,,,,,,,,,,,,
Sun,Casablanca Airport,Meknes,21437,21440,CMN,,,,,,,,,,,,,,,,,
Sun,Casablanca Airport,Rabat,21437,10954,CMN,,,,,,,,,,,,,,,,,
Sun,Casablanca Airport,Safi (Morocco),21437,29693,CMN,,,,,,,,,,,,,,,,,
Sun,Casablanca Airport,Settat,21437,35519,CMN,,,,,,,,,,,,,,,,,
Sun,Casablanca Airport,Tamaris,21437,44484,CMN,,,,,,,,,,,,,,,,,
Sun,Casablanca Airport,Tangier,21437,21442,CMN,,,,,,,,,,,,,,,,,
Sun,Catania Airport,Aci Castello,22315,27468,CTA,,,,,,,,,,,,,,,,,
Sun,Catania Airport,Acireale,22315,22215,CTA,,,,,,,,,,,,,,,,,
Sun,Catania Airport,Agrigento,22315,21663,CTA,,,,,,,,,,,,,,,,,
Sun,Catania Airport,Brucoli,22315,30544,CTA,,,,,,,,,,,,,,,,,
Sun,Catania Airport,Caltanissetta,22315,21668,CTA,,,,,,,,,,,,,,,,,
Sun,Catania Airport,Campofelice di Roccella,22315,22216,CTA,,,,,,,,,,,,,,,,,
Sun,Catania Airport,Capo D'orlando,22315,27450,CTA,,,,,,,,,,,,,,,,,
Sun,Catania Airport,Catania Airport,22315,22315,CTA,,,,,,,,,,,,,,,,,
Sun,Catania Airport,Cefalu,22315,21664,CTA,,,,,,,,,,,,,,,,,
Sun,Catania Airport,Cinisi,22315,27451,CTA,,,,,,,,,,,,,,,,,
Sun,Catania Airport,Donnalucata,22315,35340,CTA,,,,,,,,,,,,,,,,,
Sun,Catania Airport,Letojanni,22315,22218,CTA,,,,,,,,,,,,,,,,,
Sun,Catania Airport,Linguaglossa,22315,35382,CTA,,,,,,,,,,,,,,,,,
Sun,Catania Airport,Marina Di Ragusa,22315,25000,CTA,,,,,,,,,,,,,,,,,
Sun,Catania Airport,Marsala,22315,21654,CTA,,,,,,,,,,,,,,,,,
Sun,Catania Airport,Marzamemi,22315,27464,CTA,,,,,,,,,,,,,,,,,
Sun,Catania Airport,Mascali,22315,27460,CTA,,,,,,,,,,,,,,,,,
Sun,Catania Airport,Messina Port,22315,21667,CTA,,,,,,,,,,,,,,,,,
Sun,Catania Airport,Milazzo,22315,22329,CTA,,,,,,,,,,,,,,,,,
Sun,Catania Airport,Modica,22315,22485,CTA,,,,,,,,,,,,,,,,,
Sun,Catania Airport,Nicolosi,22315,36354,CTA,,,,,,,,,,,,,,,,,
Sun,Catania Airport,Noto,22315,22219,CTA,,,,,,,,,,,,,,,,,
Sun,Catania Airport,Pachino,22315,27470,CTA,,,,,,,,,,,,,,,,,
Sun,Catania Airport,Paterno,22315,35301,CTA,,,,,,,,,,,,,,,,,
Sun,Catania Airport,Patti,22315,38355,CTA,,,,,,,,,,,,,,,,,
Sun,Catania Airport,Portorosa,22315,22220,CTA,,,,,,,,,,,,,,,,,
Sun,Catania Airport,Pozzallo,22315,35179,CTA,,,,,,,,,,,,,,,,,
Sun,Catania Airport,Ragusa,22315,24999,CTA,,,,,,,,,,,,,,,,,
Sun,Catania Airport,Riposto,22315,29890,CTA,,,,,,,,,,,,,,,,,
Sun,Catania Airport,Sampieri,22315,30415,CTA,,,,,,,,,,,,,,,,,
Sun,Catania Airport,Sant'alessio Siculo,22315,22221,CTA,,,,,,,,,,,,,,,,,
Sun,Catania Airport,Santa Croce Camerina,22315,31286,CTA,,,,,,,,,,,,,,,,,
Sun,Catania Airport,Santa Maria Del Focallo,22315,34994,CTA,,,,,,,,,,,,,,,,,
Sun,Catania Airport,Santa Teresa Di Riva,22315,22677,CTA,,,,,,,,,,,,,,,,,
Sun,Catania Airport,Scicli,22315,33896,CTA,,,,,,,,,,,,,,,,,
Sun,Catania Airport,Siracusa,22315,21665,CTA,,,,,,,,,,,,,,,,,
Sun,Catania Airport,Taormina,22315,21669,CTA,,,,,,,,,,,,,,,,,
Sun,Catania Airport,Trapani Airport,22315,21651,CTA,,,,,,,,,,,,,,,,,
Sun,Cayo Coco Airport,Havana Airport,29565,29564,CCC,,,,,,,,,,,,,,,,,
Sun,Cayo Coco Airport,Holguin,29565,36400,CCC,,,,,,,,,,,,,,,,,
Sun,Cayo Coco Airport,Jatibonico,29565,36252,CCC,,,,,,,,,,,,,,,,,
Sun,Cayo Coco Airport,Playa Ancon,29565,29866,CCC,,,,,,,,,,,,,,,,,
Sun,Cayo Coco Airport,Playa Esmeralda,29565,26749,CCC,,,,,,,,,,,,,,,,,
Sun,Cayo Coco Airport,Trinidad (Cuba),29565,29865,CCC,,,,,,,,,,,,,,,,,
Sun,Cayo Las Brujas Airport,Santa Clara (Cuba),41282,29864,BWW,,,,,,,,,,,,,,,,,
Sun,Chambery Airport (CMF),Belle Plagne,10667,28285,CMF,,,,,,,,,,,,,,,,,
Sun,Chambery Airport (CMF),Chamonix,10667,10637,CMF,,,,,,,,,,,,,,,,,
Sun,Chambery Airport (CMF),Courchevel,10667,10641,CMF,,,,,,,,,,,,,,,,,
Sun,Chambery Airport (CMF),Flaine,10667,10773,CMF,,,,,,,,,,,,,,,,,
Sun,Chambery Airport (CMF),Geneva Airport,10667,10668,CMF,,,,,,,,,,,,,,,,,
Sun,Chambery Airport (CMF),Grenoble Airport,10667,10670,CMF,,,,,,,,,,,,,,,,,
Sun,Chambery Airport (CMF),La Plagne,10667,10647,CMF,,,,,,,,,,,,,,,,,
Sun,Chambery Airport (CMF),La Rosiere (Montvalezan),10667,10746,CMF,,,,,,,,,,,,,,,,,
Sun,Chambery Airport (CMF),La Tania,10667,10648,CMF,,,,,,,,,,,,,,,,,
Sun,Chambery Airport (CMF),Le Corbier,10667,10701,CMF,,,,,,,,,,,,,,,,,
Sun,Chambery Airport (CMF),Les Allues,10667,23787,CMF,,,,,,,,,,,,,,,,,
Sun,Chambery Airport (CMF),Les Arcs,10667,25234,CMF,,,,,,,,,,,,,,,,,
Sun,Chambery Airport (CMF),Les Arcs (1600 / 1800),10667,23789,CMF,,,,,,,,,,,,,,,,,
Sun,Chambery Airport (CMF),Les Arcs (1950 / 2000),10667,10652,CMF,,,,,,,,,,,,,,,,,
Sun,Chambery Airport (CMF),Les Coches,10667,10739,CMF,,,,,,,,,,,,,,,,,
Sun,Chambery Airport (CMF),Les Deux Alpes,10667,10653,CMF,,,,,,,,,,,,,,,,,
Sun,Chambery Airport (CMF),Les Menuires,10667,10654,CMF,,,,,,,,,,,,,,,,,
Sun,Chambery Airport (CMF),Les Sybelles,10667,22108,CMF,,,,,,,,,,,,,,,,,
Sun,Chambery Airport (CMF),Megeve,10667,10767,CMF,,,,,,,,,,,,,,,,,
Sun,Chambery Airport (CMF),Meribel,10667,10657,CMF,,,,,,,,,,,,,,,,,
Sun,Chambery Airport (CMF),Montgenevre,10667,10719,CMF,,,,,,,,,,,,,,,,,
Sun,Chambery Airport (CMF),Morzine,10667,10749,CMF,,,,,,,,,,,,,,,,,
Sun,Chambery Airport (CMF),Moutiers,10667,10737,CMF,,,,,,,,,,,,,,,,,
Sun,Chambery Airport (CMF),Peisey-Vallandry,10667,10744,CMF,,,,,,,,,,,,,,,,,
Sun,Chambery Airport (CMF),Saint-François-Longchamp,10667,10704,CMF,,,,,,,,,,,,,,,,,
Sun,Chambery Airport (CMF),Samoens,10667,10750,CMF,,,,,,,,,,,,,,,,,
Sun,Chambery Airport (CMF),Sauze D'oulx,10667,21989,CMF,,,,,,,,,,,,,,,,,
Sun,Chambery Airport (CMF),Tignes,10667,10661,CMF,,,,,,,,,,,,,,,,,
Sun,Chambery Airport (CMF),Val Cenis,10667,10720,CMF,,,,,,,,,,,,,,,,,
Sun,Chambery Airport (CMF),Val Thorens,10667,10664,CMF,,,,,,,,,,,,,,,,,
Sun,Chambery Airport (CMF),Valfrejus,10667,10706,CMF,,,,,,,,,,,,,,,,,
Sun,Chambery Airport (CMF),Valloire,10667,10702,CMF,,,,,,,,,,,,,,,,,
Sun,Chambery Airport (CMF),Valmeinier,10667,10703,CMF,,,,,,,,,,,,,,,,,
Sun,Chambery Airport (CMF),Valmorel,10667,10733,CMF,,,,,,,,,,,,,,,,,
Sun,Chennai Airport,Chennai,27761,27762,MAA,,,,,,,,,,,,,,,,,
Sun,Chennai Airport,Covelong Beach,27761,36235,MAA,,,,,,,,,,,,,,,,,
Sun,Chennai Airport,Erode,27761,37532,MAA,,,,,,,,,,,,,,,,,
Sun,Chennai Airport,Kanchipuram,27761,34504,MAA,,,,,,,,,,,,,,,,,
Sun,Chennai Airport,Minjur,27761,36075,MAA,,,,,,,,,,,,,,,,,
Sun,Chennai Airport,Muttukadu,27761,33137,MAA,,,,,,,,,,,,,,,,,
Sun,Chennai Airport,Nellore,27761,34322,MAA,,,,,,,,,,,,,,,,,
Sun,Chennai Airport,Ongole,27761,35509,MAA,,,,,,,,,,,,,,,,,
Sun,Chicago Midway Airport (MDW),Indianapolis,30800,35504,MDW,,,,,,,,,,,,,,,,,
Sun,Chicago Midway Airport (MDW),Joliet,30800,38361,MDW,,,,,,,,,,,,,,,,,
Sun,Chicago Midway Airport (MDW),Naperville,30800,35315,MDW,,,,,,,,,,,,,,,,,
Sun,Chicago O'hare Airport (ORD),Indianapolis,29130,35504,ORD,,,,,,,,,,,,,,,,,
Sun,Chicago O'hare Airport (ORD),Joliet,29130,38361,ORD,,,,,,,,,,,,,,,,,
Sun,Chicago O'hare Airport (ORD),Naperville,29130,35315,ORD,,,,,,,,,,,,,,,,,
Sun,Cluj Napoca Airport,Alba Iulia,29906,26246,CLJ,,,,,,,,,,,,,,,,,
Sun,Cluj Napoca Airport,Baia Mare,29906,29907,CLJ,,,,,,,,,,,,,,,,,
Sun,Cluj Napoca Airport,Bistrita,29906,29912,CLJ,,,,,,,,,,,,,,,,,
Sun,Cluj Napoca Airport,Brasov,29906,26237,CLJ,,,,,,,,,,,,,,,,,
Sun,Cluj Napoca Airport,Cisn?die,29906,26230,CLJ,,,,,,,,,,,,,,,,,
Sun,Cluj Napoca Airport,Cluj-Napoca,29906,26229,CLJ,,,,,,,,,,,,,,,,,
Sun,Cluj Napoca Airport,Hunedoara,29906,29914,CLJ,,,,,,,,,,,,,,,,,
Sun,Cluj Napoca Airport,Oradea,29906,29909,CLJ,,,,,,,,,,,,,,,,,
Sun,Cluj Napoca Airport,Satu Mare,29906,29908,CLJ,,,,,,,,,,,,,,,,,
Sun,Cluj Napoca Airport,Târgu Mures,29906,29910,CLJ,,,,,,,,,,,,,,,,,
Sun,Cluj Napoca Airport,Zal?u,29906,29911,CLJ,,,,,,,,,,,,,,,,,
Sun,Cochin Airport,Alappuzha,27756,33271,COK,,,,,,,,,,,,,,,,,
Sun,Cochin Airport,Chalakudy,27756,35365,COK,,,,,,,,,,,,,,,,,
Sun,Cochin Airport,Cherai Beach,27756,34084,COK,,,,,,,,,,,,,,,,,
Sun,Cochin Airport,Cochin,27756,27757,COK,,,,,,,,,,,,,,,,,
Sun,Cochin Airport,Guruvayur,27756,35289,COK,,,,,,,,,,,,,,,,,
Sun,Cochin Airport,Kochi Port,27756,30008,COK,,,,,,,,,,,,,,,,,
Sun,Cochin Airport,Kottayam,27756,33450,COK,,,,,,,,,,,,,,,,,
Sun,Cochin Airport,Kovalam,27756,30020,COK,,,,,,,,,,,,,,,,,
Sun,Cochin Airport,Kumarakom,27756,27766,COK,,,,,,,,,,,,,,,,,
Sun,Cochin Airport,Kumbalam,27756,33734,COK,,,,,,,,,,,,,,,,,
Sun,Cochin Airport,Kunnamangalam,27756,33675,COK,,,,,,,,,,,,,,,,,
Sun,Cochin Airport,Mararikulam,27756,33058,COK,,,,,,,,,,,,,,,,,
Sun,Cochin Airport,Mullurkara,27756,35461,COK,,,,,,,,,,,,,,,,,
Sun,Cochin Airport,Munnar,27756,27765,COK,,,,,,,,,,,,,,,,,
Sun,Cochin Airport,Poovar,27756,36631,COK,,,,,,,,,,,,,,,,,
Sun,Cochin Airport,Shoranur,27756,31751,COK,,,,,,,,,,,,,,,,,
Sun,Cochin Airport,Thrissur,27756,37524,COK,,,,,,,,,,,,,,,,,
Sun,Cochin Airport,Trivandrum Airport,27756,27776,COK,,,,,,,,,,,,,,,,,
Sun,Cochin Airport,Varkala,27756,30019,COK,,,,,,,,,,,,,,,,,
Sun,Cochin Airport,Vayalar,27756,35561,COK,,,,,,,,,,,,,,,,,
Sun,Cologne Bonn Airport,Aachen,23631,22836,CGN,,,,,,,,,,,,,,,,,
Sun,Cologne Bonn Airport,Bad Godesberg,23631,29807,CGN,,,,,,,,,,,,,,,,,
Sun,Cologne Bonn Airport,Bad Honnef,23631,34934,CGN,,,,,,,,,,,,,,,,,
Sun,Cologne Bonn Airport,Bad Neuenahr-Ahrweiler,23631,27272,CGN,,,,,,,,,,,,,,,,,
Sun,Cologne Bonn Airport,Bergisch Gladbach,23631,27696,CGN,,,,,,,,,,,,,,,,,
Sun,Cologne Bonn Airport,Bonn,23631,22841,CGN,,,,,,,,,,,,,,,,,
Sun,Cologne Bonn Airport,Brühl,23631,22842,CGN,,,,,,,,,,,,,,,,,
Sun,Cologne Bonn Airport,Cologne,23631,23439,CGN,,,,,,,,,,,,,,,,,
Sun,Cologne Bonn Airport,Duisburg,23631,22844,CGN,,,,,,,,,,,,,,,,,
Sun,Cologne Bonn Airport,Düren,23631,36147,CGN,,,,,,,,,,,,,,,,,
Sun,Cologne Bonn Airport,Essen,23631,22847,CGN,,,,,,,,,,,,,,,,,
Sun,Cologne Bonn Airport,Euskirchen,23631,22848,CGN,,,,,,,,,,,,,,,,,
Sun,Cologne Bonn Airport,Frankfurt Am Main Airport,23631,23418,CGN,,,,,,,,,,,,,,,,,
Sun,Cologne Bonn Airport,Frechen,23631,28918,CGN,,,,,,,,,,,,,,,,,
Sun,Cologne Bonn Airport,Gummersbach,23631,35174,CGN,,,,,,,,,,,,,,,,,
Sun,Cologne Bonn Airport,Hürth,23631,35055,CGN,,,,,,,,,,,,,,,,,
Sun,Cologne Bonn Airport,Kerpen,23631,27728,CGN,,,,,,,,,,,,,,,,,
Sun,Cologne Bonn Airport,Krefeld,23631,22862,CGN,,,,,,,,,,,,,,,,,
Sun,Cologne Bonn Airport,Leverkusen,23631,22863,CGN,,,,,,,,,,,,,,,,,
Sun,Cologne Bonn Airport,Maastricht,23631,22434,CGN,,,,,,,,,,,,,,,,,
Sun,Cologne Bonn Airport,Meckenheim,23631,36322,CGN,,,,,,,,,,,,,,,,,
Sun,Cologne Bonn Airport,Monheim Am Rhein,23631,27568,CGN,,,,,,,,,,,,,,,,,
Sun,Cologne Bonn Airport,Phantasialand,23631,27967,CGN,,,,,,,,,,,,,,,,,
Sun,Cologne Bonn Airport,Pulheim,23631,26387,CGN,,,,,,,,,,,,,,,,,
Sun,Cologne Bonn Airport,Rheinbach,23631,31248,CGN,,,,,,,,,,,,,,,,,
Sun,Cologne Bonn Airport,Sankt Augustin,23631,34435,CGN,,,,,,,,,,,,,,,,,
Sun,Cologne Bonn Airport,Siegen,23631,22875,CGN,,,,,,,,,,,,,,,,,
Sun,Cologne Bonn Airport,Solingen,23631,22876,CGN,,,,,,,,,,,,,,,,,
Sun,Cologne Bonn Airport,Troisdorf,23631,26249,CGN,,,,,,,,,,,,,,,,,
Sun,Cologne Bonn Airport,Wuppertal,23631,22879,CGN,,,,,,,,,,,,,,,,,
Sun,Colombo International Airport,Talpe,39681,39720,CMB,,,,,,,,,,,,,,,,,
Sun,Colombo International Airport,Trincomalee,39681,39722,CMB,,,,,,,,,,,,,,,,,
Sun,Colombo International Airport,Unawatuna,39681,39723,CMB,,,,,,,,,,,,,,,,,
Sun,Colombo International Airport,Waikkal,39681,39725,CMB,,,,,,,,,,,,,,,,,
Sun,Colombo International Airport,Weligama,39681,39726,CMB,,,,,,,,,,,,,,,,,
Sun,Colombo International Airport,Yala,39681,39727,CMB,,,,,,,,,,,,,,,,,
Sun,Comiso Airport,Aci Castello,28509,27468,CIY,,,,,,,,,,,,,,,,,
Sun,Comiso Airport,Brucoli,28509,30544,CIY,,,,,,,,,,,,,,,,,
Sun,Comiso Airport,Caltanissetta,28509,21668,CIY,,,,,,,,,,,,,,,,,
Sun,Comiso Airport,Catania Airport,28509,22315,CIY,,,,,,,,,,,,,,,,,
Sun,Comiso Airport,Cefalu,28509,21664,CIY,,,,,,,,,,,,,,,,,
Sun,Comiso Airport,Letojanni,28509,22218,CIY,,,,,,,,,,,,,,,,,
Sun,Comiso Airport,Marina Di Ragusa,28509,25000,CIY,,,,,,,,,,,,,,,,,
Sun,Comiso Airport,Marzamemi,28509,27464,CIY,,,,,,,,,,,,,,,,,
Sun,Comiso Airport,Messina Port,28509,21667,CIY,,,,,,,,,,,,,,,,,
Sun,Comiso Airport,Milazzo,28509,22329,CIY,,,,,,,,,,,,,,,,,
Sun,Comiso Airport,Modica,28509,22485,CIY,,,,,,,,,,,,,,,,,
Sun,Comiso Airport,Noto,28509,22219,CIY,,,,,,,,,,,,,,,,,
Sun,Comiso Airport,Ragusa,28509,24999,CIY,,,,,,,,,,,,,,,,,
Sun,Comiso Airport,Sampieri,28509,30415,CIY,,,,,,,,,,,,,,,,,
Sun,Comiso Airport,Santa Croce Camerina,28509,31286,CIY,,,,,,,,,,,,,,,,,
Sun,Comiso Airport,Scoglitti,28509,27235,CIY,,,,,,,,,,,,,,,,,
Sun,Comiso Airport,Siracusa,28509,21665,CIY,,,,,,,,,,,,,,,,,
Sun,Comiso Airport,Taormina,28509,21669,CIY,,,,,,,,,,,,,,,,,
Sun,Copenhagen Airport (CPH),Birkerød,23876,33996,CPH,,,,,,,,,,,,,,,,,
Sun,Copenhagen Airport (CPH),Esbjerg,23876,29245,CPH,,,,,,,,,,,,,,,,,
Sun,Copenhagen Airport (CPH),Gentofte,23876,29562,CPH,,,,,,,,,,,,,,,,,
Sun,Copenhagen Airport (CPH),Halmstad,23876,30589,CPH,,,,,,,,,,,,,,,,,
Sun,Copenhagen Airport (CPH),Helsingborg,23876,30588,CPH,,,,,,,,,,,,,,,,,
Sun,Copenhagen Airport (CPH),Herlev,23876,33528,CPH,,,,,,,,,,,,,,,,,
Sun,Copenhagen Airport (CPH),Hillerød,23876,32828,CPH,,,,,,,,,,,,,,,,,
Sun,Copenhagen Airport (CPH),Hvidovre,23876,36531,CPH,,,,,,,,,,,,,,,,,
Sun,Copenhagen Airport (CPH),Ishøj,23876,34392,CPH,,,,,,,,,,,,,,,,,
Sun,Copenhagen Airport (CPH),Kastrup,23876,36681,CPH,,,,,,,,,,,,,,,,,
Sun,Copenhagen Airport (CPH),Lund,23876,29067,CPH,,,,,,,,,,,,,,,,,
Sun,Copenhagen Airport (CPH),Lyngby,23876,29207,CPH,,,,,,,,,,,,,,,,,
Sun,Copenhagen Airport (CPH),Malmö Airport,23876,25325,CPH,,,,,,,,,,,,,,,,,
Sun,Copenhagen Airport (CPH),Malmo Cruise Port,23876,30587,CPH,,,,,,,,,,,,,,,,,
Sun,Copenhagen Airport (CPH),Roskilde,23876,30848,CPH,,,,,,,,,,,,,,,,,
Sun,Copenhagen Airport (CPH),Skodsborg,23876,32418,CPH,,,,,,,,,,,,,,,,,
Sun,Copenhagen Airport (CPH),Søborg,23876,30469,CPH,,,,,,,,,,,,,,,,,
Sun,Copenhagen Airport (CPH),Vejle,23876,29463,CPH,,,,,,,,,,,,,,,,,
Sun,Corfu (KERKYRA) Airport,Acharavi,21386,21387,CFU,,,,,,,,,,,,,,,,,
Sun,Corfu (KERKYRA) Airport,Afionas,21386,23064,CFU,,,,,,,,,,,,,,,,,
Sun,Corfu (KERKYRA) Airport,Agios Gordios,21386,21389,CFU,,,,,,,,,,,,,,,,,
Sun,Corfu (KERKYRA) Airport,Agios Ioannis Peristeron,21386,21390,CFU,,,,,,,,,,,,,,,,,
Sun,Corfu (KERKYRA) Airport,Arillas,21386,21394,CFU,,,,,,,,,,,,,,,,,
Sun,Corfu (KERKYRA) Airport,Astrakeri,21386,23070,CFU,,,,,,,,,,,,,,,,,
Sun,Corfu (KERKYRA) Airport,Avlaki,21386,23071,CFU,,,,,,,,,,,,,,,,,
Sun,Corfu (KERKYRA) Airport,Benitses,21386,21396,CFU,,,,,,,,,,,,,,,,,
Sun,Corfu (KERKYRA) Airport,Boukari,21386,23073,CFU,,,,,,,,,,,,,,,,,
Sun,Corfu (KERKYRA) Airport,Corfu Town,21386,21397,CFU,,,,,,,,,,,,,,,,,
Sun,Corfu (KERKYRA) Airport,Dassia,21386,21399,CFU,,,,,,,,,,,,,,,,,
Sun,Corfu (KERKYRA) Airport,Ermones,21386,21400,CFU,,,,,,,,,,,,,,,,,
Sun,Corfu (KERKYRA) Airport,Gouvia,21386,21402,CFU,,,,,,,,,,,,,,,,,
Sun,Corfu (KERKYRA) Airport,Kalami,21386,21405,CFU,,,,,,,,,,,,,,,,,
Sun,Corfu (KERKYRA) Airport,Karousades,21386,42994,CFU,,,,,,,,,,,,,,,,,
Sun,Corfu (KERKYRA) Airport,Kassiopi Town,21386,21407,CFU,,,,,,,,,,,,,,,,,
Sun,Corfu (KERKYRA) Airport,Kato Korakiana,21386,23077,CFU,,,,,,,,,,,,,,,,,
Sun,Corfu (KERKYRA) Airport,Lefkimmi,21386,23081,CFU,,,,,,,,,,,,,,,,,
Sun,Corfu (KERKYRA) Airport,Liapades,21386,21413,CFU,,,,,,,,,,,,,,,,,
Sun,Corfu (KERKYRA) Airport,Messonghi,21386,21414,CFU,,,,,,,,,,,,,,,,,
Sun,Corfu (KERKYRA) Airport,Moraitika,21386,21415,CFU,,,,,,,,,,,,,,,,,
Sun,Corfu (KERKYRA) Airport,Nisaki,21386,21416,CFU,,,,,,,,,,,,,,,,,
Sun,Corfu (KERKYRA) Airport,Paramonas,21386,23086,CFU,,,,,,,,,,,,,,,,,
Sun,Corfu (KERKYRA) Airport,Pelekas,21386,21418,CFU,,,,,,,,,,,,,,,,,
Sun,Corfu (KERKYRA) Airport,Perama (Corfu),21386,21419,CFU,,,,,,,,,,,,,,,,,
Sun,Corfu (KERKYRA) Airport,Peroulades,21386,23089,CFU,,,,,,,,,,,,,,,,,
Sun,Corfu (KERKYRA) Airport,Roda,21386,21420,CFU,,,,,,,,,,,,,,,,,
Sun,Corfu (KERKYRA) Airport,Sidari,21386,21421,CFU,,,,,,,,,,,,,,,,,
Sun,Corfu (KERKYRA) Airport,Vitalades,21386,23095,CFU,,,,,,,,,,,,,,,,,
Sun,Cork Airport (ORK),Ballinadee,22520,23404,ORK,,,,,,,,,,,,,,,,,
Sun,Cork Airport (ORK),Ballincollig,22520,23788,ORK,,,,,,,,,,,,,,,,,
Sun,Cork Airport (ORK),Ballingeary,22520,27587,ORK,,,,,,,,,,,,,,,,,
Sun,Cork Airport (ORK),Ballycotton,22520,33075,ORK,,,,,,,,,,,,,,,,,
Sun,Cork Airport (ORK),Ballyhea,22520,23249,ORK,,,,,,,,,,,,,,,,,
Sun,Cork Airport (ORK),Baltimore (Co. Cork),22520,32355,ORK,,,,,,,,,,,,,,,,,
Sun,Cork Airport (ORK),Castletownroche,22520,33077,ORK,,,,,,,,,,,,,,,,,
Sun,Cork Airport (ORK),Charleville,22520,22538,ORK,,,,,,,,,,,,,,,,,
Sun,Cork Airport (ORK),Cloyne,22520,25009,ORK,,,,,,,,,,,,,,,,,
Sun,Cork Airport (ORK),Cobh,22520,22756,ORK,,,,,,,,,,,,,,,,,
Sun,Cork Airport (ORK),Courtmacsherry,22520,33079,ORK,,,,,,,,,,,,,,,,,
Sun,Cork Airport (ORK),Crosshaven,22520,23403,ORK,,,,,,,,,,,,,,,,,
Sun,Cork Airport (ORK),Dungarvan,22520,22808,ORK,,,,,,,,,,,,,,,,,
Sun,Cork Airport (ORK),Fermoy,22520,23406,ORK,,,,,,,,,,,,,,,,,
Sun,Cork Airport (ORK),Glandore,22520,26539,ORK,,,,,,,,,,,,,,,,,
Sun,Cork Airport (ORK),Glengarriff,22520,22761,ORK,,,,,,,,,,,,,,,,,
Sun,Cork Airport (ORK),Gougane Barra,22520,27582,ORK,,,,,,,,,,,,,,,,,
Sun,Cork Airport (ORK),Jacobs Island,22520,23402,ORK,,,,,,,,,,,,,,,,,
Sun,Cork Airport (ORK),Kenmare,22520,22759,ORK,,,,,,,,,,,,,,,,,
Sun,Cork Airport (ORK),Killarney,22520,22545,ORK,,,,,,,,,,,,,,,,,
Sun,Cork Airport (ORK),Kinsale,22520,22758,ORK,,,,,,,,,,,,,,,,,
Sun,Cork Airport (ORK),Limerick,22520,22546,ORK,,,,,,,,,,,,,,,,,
Sun,Cork Airport (ORK),Lombardstown,22520,27169,ORK,,,,,,,,,,,,,,,,,
Sun,Cork Airport (ORK),Millstreet,22520,31249,ORK,,,,,,,,,,,,,,,,,
Sun,Cork Airport (ORK),Old Head Golf Links,22520,23295,ORK,,,,,,,,,,,,,,,,,
Sun,Cork Airport (ORK),Ovens,22520,27621,ORK,,,,,,,,,,,,,,,,,
Sun,Cork Airport (ORK),Ringaskiddy,22520,33774,ORK,,,,,,,,,,,,,,,,,
Sun,Cork Airport (ORK),Tipperary Town,22520,22549,ORK,,,,,,,,,,,,,,,,,
Sun,Cork Airport (ORK),Tower (Blarney),22520,23408,ORK,,,,,,,,,,,,,,,,,
Sun,Cork Airport (ORK),Tralee,22520,22550,ORK,,,,,,,,,,,,,,,,,
Sun,Cork Airport (ORK),Watergrasshill,22520,23361,ORK,,,,,,,,,,,,,,,,,
Sun,Crete Chania Airport (CHQ),Bali,23895,10291,CHQ,,,,,,,,,,,,,,,,,
Sun,Crete Chania Airport (CHQ),Souda,23895,31878,CHQ,,,,,,,,,,,,,,,,,
Sun,Crete Heraklion Airport (HER),Bali,23896,10291,HER,,,,,,,,,,,,,,,,,
Sun,Crete Heraklion Airport (HER),Lavris,23896,36150,HER,,,,,,,,,,,,,,,,,
Sun,Cuneo Airport,Alba,30460,10777,CUF,,,,,,,,,,,,,,,,,
Sun,Cuneo Airport,Bardonecchia,30460,21973,CUF,,,,,,,,,,,,,,,,,
Sun,Cuneo Airport,Fossano,30460,30681,CUF,,,,,,,,,,,,,,,,,
Sun,Cuneo Airport,Frabosa Sottana,30460,36524,CUF,,,,,,,,,,,,,,,,,
Sun,Cuneo Airport,Genoa,30460,21980,CUF,,,,,,,,,,,,,,,,,
Sun,Cuneo Airport,Les Menuires,30460,10654,CUF,,,,,,,,,,,,,,,,,
Sun,Cuneo Airport,Limone Piemonte,30460,21981,CUF,,,,,,,,,,,,,,,,,
Sun,Cuneo Airport,Prato Nevoso,30460,36458,CUF,,,,,,,,,,,,,,,,,
Sun,Cuneo Airport,Sanremo,30460,10843,CUF,,,,,,,,,,,,,,,,,
Sun,Cuneo Airport,Sauze D'oulx,30460,21989,CUF,,,,,,,,,,,,,,,,,
Sun,Cuneo Airport,Savigliano,30460,30682,CUF,,,,,,,,,,,,,,,,,
Sun,Cuneo Airport,Savona,30460,25723,CUF,,,,,,,,,,,,,,,,,
Sun,Cuneo Airport,Sestrière,30460,21990,CUF,,,,,,,,,,,,,,,,,
Sun,Cuneo Airport,Turin,30460,21992,CUF,,,,,,,,,,,,,,,,,
Sun,Cuneo Airport,Venice Piazzale Roma,30460,21642,CUF,,,,,,,,,,,,,,,,,
Sun,Curitiba Airport,Batel,38007,38027,CWB,,,,,,,,,,,,,,,,,
Sun,Curitiba Airport,Cajuru,38007,38050,CWB,,,,,,,,,,,,,,,,,
Sun,Curitiba Airport,Campinas,38007,26513,CWB,,,,,,,,,,,,,,,,,
Sun,Curitiba Airport,Capao Raso,38007,38055,CWB,,,,,,,,,,,,,,,,,
Sun,Curitiba Airport,Curitiba City Centre,38007,38058,CWB,,,,,,,,,,,,,,,,,
Sun,Curitiba Airport,Piracicaba,38007,32012,CWB,,,,,,,,,,,,,,,,,
Sun,Curitiba Airport,Ribeirão Preto,38007,32654,CWB,,,,,,,,,,,,,,,,,
Sun,Curitiba Airport,Rio Claro (Brazil),38007,32653,CWB,,,,,,,,,,,,,,,,,
Sun,Curitiba Airport,Sao Paulo,38007,26514,CWB,,,,,,,,,,,,,,,,,
Sun,Cuzco Airport,Lima,44569,10076,CUZ,,,,,,,,,,,,,,,,,
Sun,Cuzco Airport,Nazca,44569,31864,CUZ,,,,,,,,,,,,,,,,,
Sun,Dalaman Airport,Akyaka,22564,23255,DLM,,,,,,,,,,,,,,,,,
Sun,Dalaman Airport,Beldibi (Marmaris),22564,31400,DLM,,,,,,,,,,,,,,,,,
Sun,Dalaman Airport,Bodrum,22564,22566,DLM,,,,,,,,,,,,,,,,,
Sun,Dalaman Airport,Bozbuk Bay,22564,32669,DLM,,,,,,,,,,,,,,,,,
Sun,Dalaman Airport,Bozburun,22564,31745,DLM,,,,,,,,,,,,,,,,,
Sun,Dalaman Airport,Calis Beach,22564,22567,DLM,,,,,,,,,,,,,,,,,
Sun,Dalaman Airport,Çiftlik,22564,23259,DLM,,,,,,,,,,,,,,,,,
Sun,Dalaman Airport,D-Hotel Maris,22564,27189,DLM,,,,,,,,,,,,,,,,,
Sun,Dalaman Airport,Dalaman,22564,27250,DLM,,,,,,,,,,,,,,,,,
Sun,Dalaman Airport,Demre,22564,30754,DLM,,,,,,,,,,,,,,,,,
Sun,Dalaman Airport,Didim (Altinkum),22564,22588,DLM,,,,,,,,,,,,,,,,,
Sun,Dalaman Airport,Ekincik,22564,27927,DLM,,,,,,,,,,,,,,,,,
Sun,Dalaman Airport,Fethiye Ece Saray Marina,22564,29833,DLM,,,,,,,,,,,,,,,,,
Sun,Dalaman Airport,Göcek Belediye Marina,22564,29831,DLM,,,,,,,,,,,,,,,,,
Sun,Dalaman Airport,Göcek Marinturk Marina,22564,29830,DLM,,,,,,,,,,,,,,,,,
Sun,Dalaman Airport,Göcek Scopia Marina,22564,29829,DLM,,,,,,,,,,,,,,,,,
Sun,Dalaman Airport,Gulluk,22564,22590,DLM,,,,,,,,,,,,,,,,,
Sun,Dalaman Airport,Gumusluk,22564,22591,DLM,,,,,,,,,,,,,,,,,
Sun,Dalaman Airport,Icmeler Beach (Bodrum),22564,22586,DLM,,,,,,,,,,,,,,,,,
Sun,Dalaman Airport,Kaleüça??z,22564,27083,DLM,,,,,,,,,,,,,,,,,
Sun,Dalaman Airport,Kalkan,22564,10899,DLM,,,,,,,,,,,,,,,,,
Sun,Dalaman Airport,Kas,22564,10898,DLM,,,,,,,,,,,,,,,,,
Sun,Dalaman Airport,Kayakoy,22564,22604,DLM,,,,,,,,,,,,,,,,,
Sun,Dalaman Airport,Koycegiz,22564,23254,DLM,,,,,,,,,,,,,,,,,
Sun,Dalaman Airport,Kumlubük,22564,31940,DLM,,,,,,,,,,,,,,,,,
Sun,Dalaman Airport,Marmaris,22564,22494,DLM,,,,,,,,,,,,,,,,,
Sun,Dalaman Airport,Marmaris Albatros Marina,22564,27252,DLM,,,,,,,,,,,,,,,,,
Sun,Dalaman Airport,Marmaris Netsel Marina,22564,27251,DLM,,,,,,,,,,,,,,,,,
Sun,Dalaman Airport,Marmaris Port,22564,23256,DLM,,,,,,,,,,,,,,,,,
Sun,Dalaman Airport,Marmaris Yacht Marina,22564,23257,DLM,,,,,,,,,,,,,,,,,
Sun,Dalaman Airport,Mugla,22564,23104,DLM,,,,,,,,,,,,,,,,,
Sun,Dalaman Airport,Oludeniz,22564,22570,DLM,,,,,,,,,,,,,,,,,
Sun,Dalaman Airport,Orhaniye Marti Marina,22564,27253,DLM,,,,,,,,,,,,,,,,,
Sun,Dalaman Airport,Ovacik (Ölüdeniz),22564,22571,DLM,,,,,,,,,,,,,,,,,
Sun,Dalaman Airport,Patara Beach,22564,22572,DLM,,,,,,,,,,,,,,,,,
Sun,Dalaman Airport,Sarigerme,22564,23252,DLM,,,,,,,,,,,,,,,,,
Sun,Dalaman Airport,Selimiye,22564,27418,DLM,,,,,,,,,,,,,,,,,
Sun,Dalaman Airport,Torba,22564,22600,DLM,,,,,,,,,,,,,,,,,
Sun,Dalaman Airport,Turunc,22564,23258,DLM,,,,,,,,,,,,,,,,,
Sun,Dalaman Airport,Uzunyurt,22564,31515,DLM,,,,,,,,,,,,,,,,,
Sun,Dalaman Airport,Yalikavak,22564,22603,DLM,,,,,,,,,,,,,,,,,
Sun,Dalaman Airport,Yesilüzümlü,22564,27576,DLM,,,,,,,,,,,,,,,,,
Sun,Dallas Love Field Airport (DAL),Dallas Downtown (Texas),31776,32031,DAL,,,,,,,,,,,,,,,,,
Sun,Dallas Love Field Airport (DAL),Fort Worth Downtown (Texas),31776,32053,DAL,,,,,,,,,,,,,,,,,
Sun,Dallas-Fort Worth Airport,Arlington (Fort Worth),31775,34638,DFW,,,,,,,,,,,,,,,,,
Sun,Dallas-Fort Worth Airport,Dallas Downtown (Texas),31775,32031,DFW,,,,,,,,,,,,,,,,,
Sun,Dallas-Fort Worth Airport,Fort Worth Downtown (Texas),31775,32053,DFW,,,,,,,,,,,,,,,,,
Sun,Daniel Oduber Quiros International Airport,Sierpe,39193,41150,LIR,,,,,,,,,,,,,,,,,
Sun,Dar Es Salaam Airport,Kunduchi,32502,32681,DAR,,,,,,,,,,,,,,,,,
Sun,Dar Es Salaam Airport,Mbezi,32502,38434,DAR,,,,,,,,,,,,,,,,,
Sun,Dar Es Salaam Airport,Mbezi Beach,32502,36379,DAR,,,,,,,,,,,,,,,,,
Sun,Debrecen Airport,Bodrogkeresztúr,41989,34453,DEB,,,,,,,,,,,,,,,,,
Sun,Debrecen Airport,Krakow,41989,25396,DEB,,,,,,,,,,,,,,,,,
Sun,Debrecen Airport,Liptovsky Mikulas,41989,26542,DEB,,,,,,,,,,,,,,,,,
Sun,Debrecen Airport,Oradea,41989,29909,DEB,,,,,,,,,,,,,,,,,
Sun,Debrecen Airport,Ružomberok,41989,33955,DEB,,,,,,,,,,,,,,,,,
Sun,Debrecen Airport,Starý Smokovec,41989,25419,DEB,,,,,,,,,,,,,,,,,
Sun,Debrecen Airport,Tatranská Lomnica,41989,25418,DEB,,,,,,,,,,,,,,,,,
Sun,Debrecen Airport,Zakopane,41989,25397,DEB,,,,,,,,,,,,,,,,,
Sun,Delhi Airport,Agra,27742,27747,DEL,,,,,,,,,,,,,,,,,
Sun,Delhi Airport,Chandigarh,27742,30011,DEL,,,,,,,,,,,,,,,,,
Sun,Delhi Airport,Delhi,27742,27743,DEL,,,,,,,,,,,,,,,,,
Sun,Delhi Airport,Dharamsala,27742,29989,DEL,,,,,,,,,,,,,,,,,
Sun,Delhi Airport,Dwarka,27742,36139,DEL,,,,,,,,,,,,,,,,,
Sun,Delhi Airport,Faridabad,27742,30010,DEL,,,,,,,,,,,,,,,,,
Sun,Delhi Airport,Gwalior,27742,28871,DEL,,,,,,,,,,,,,,,,,
Sun,Delhi Airport,Haridwar,27742,30012,DEL,,,,,,,,,,,,,,,,,
Sun,Delhi Airport,Jaipur,27742,27769,DEL,,,,,,,,,,,,,,,,,
Sun,Delhi Airport,Jalandhar,27742,28946,DEL,,,,,,,,,,,,,,,,,
Sun,Delhi Airport,Manesar,27742,30009,DEL,,,,,,,,,,,,,,,,,
Sun,Delhi Airport,Moradabad,27742,35453,DEL,,,,,,,,,,,,,,,,,
Sun,Delhi Airport,Noida,27742,27767,DEL,,,,,,,,,,,,,,,,,
Sun,Delhi Airport,Okhla,27742,42416,DEL,,,,,,,,,,,,,,,,,
Sun,Delhi Airport,Rishikesh,27742,30013,DEL,,,,,,,,,,,,,,,,,
Sun,Delhi Airport,Selakui,27742,33400,DEL,,,,,,,,,,,,,,,,,
Sun,Delhi Airport,Vrindavan,27742,36523,DEL,,,,,,,,,,,,,,,,,
Sun,Denver International Airport (DEN),Aurora,29143,34740,DEN,,,,,,,,,,,,,,,,,
Sun,Derry Airport,Antrim,30561,27835,LDY,,,,,,,,,,,,,,,,,
Sun,Derry Airport,Armagh,30561,27834,LDY,,,,,,,,,,,,,,,,,
Sun,Derry Airport,Ballybofey,30561,30546,LDY,,,,,,,,,,,,,,,,,
Sun,Derry Airport,Ballyliffin,30561,30547,LDY,,,,,,,,,,,,,,,,,
Sun,Derry Airport,Ballymena,30561,27837,LDY,,,,,,,,,,,,,,,,,
Sun,Derry Airport,Bangor,30561,27356,LDY,,,,,,,,,,,,,,,,,
Sun,Derry Airport,Belfast International Airport,30561,27832,LDY,,,,,,,,,,,,,,,,,
Sun,Derry Airport,Bushmills,30561,30548,LDY,,,,,,,,,,,,,,,,,
Sun,Derry Airport,Carndonagh,30561,30549,LDY,,,,,,,,,,,,,,,,,
Sun,Derry Airport,Carrickfergus,30561,44743,LDY,,,,,,,,,,,,,,,,,
Sun,Derry Airport,Castlerock,30561,30550,LDY,,,,,,,,,,,,,,,,,
Sun,Derry Airport,Coleraine,30561,30551,LDY,,,,,,,,,,,,,,,,,
Sun,Derry Airport,Culdaff,30561,30552,LDY,,,,,,,,,,,,,,,,,
Sun,Derry Airport,Donegal,30561,22824,LDY,,,,,,,,,,,,,,,,,
Sun,Derry Airport,Downings,30561,30553,LDY,,,,,,,,,,,,,,,,,
Sun,Derry Airport,Dungannon,30561,32473,LDY,,,,,,,,,,,,,,,,,
Sun,Derry Airport,Enniskillen,30561,22825,LDY,,,,,,,,,,,,,,,,,
Sun,Derry Airport,Greencastle (County Donegal),30561,30554,LDY,,,,,,,,,,,,,,,,,
Sun,Derry Airport,Holywood,30561,33299,LDY,,,,,,,,,,,,,,,,,
Sun,Derry Airport,Kerrykeel,30561,30555,LDY,,,,,,,,,,,,,,,,,
Sun,Derry Airport,Larne,30561,27839,LDY,,,,,,,,,,,,,,,,,
Sun,Derry Airport,Letterkenny,30561,22827,LDY,,,,,,,,,,,,,,,,,
Sun,Derry Airport,Limavady,30561,33399,LDY,,,,,,,,,,,,,,,,,
Sun,Derry Airport,Londonderry,30561,27856,LDY,,,,,,,,,,,,,,,,,
Sun,Derry Airport,Malin Head,30561,30556,LDY,,,,,,,,,,,,,,,,,
Sun,Derry Airport,Newcastle (Belfast),30561,27848,LDY,,,,,,,,,,,,,,,,,
Sun,Derry Airport,Omagh,30561,22829,LDY,,,,,,,,,,,,,,,,,
Sun,Derry Airport,Portrush,30561,30557,LDY,,,,,,,,,,,,,,,,,
Sun,Derry Airport,Redcastle,30561,30558,LDY,,,,,,,,,,,,,,,,,
Sun,Derry Airport,Sion Mills,30561,30559,LDY,,,,,,,,,,,,,,,,,
Sun,Derry Airport,Strabane,30561,22832,LDY,,,,,,,,,,,,,,,,,
Sun,Detroit Airport (DTW),Adrian,42991,21535,DTW,,,,,,,,,,,,,,,,,
Sun,Detroit Airport (DTW),Brooklyn (New York),42991,29529,DTW,,,,,,,,,,,,,,,,,
Sun,Detroit Airport (DTW),Warren,42991,43822,DTW,,,,,,,,,,,,,,,,,
Sun,Djerba Airport (DJE),Aghir,33015,35150,DJE,,,,,,,,,,,,,,,,,
Sun,Djerba Airport (DJE),Borj Cedria,33015,29078,DJE,,,,,,,,,,,,,,,,,
Sun,Djerba Airport (DJE),Douz,33015,34131,DJE,,,,,,,,,,,,,,,,,
Sun,Djerba Airport (DJE),Gabes,33015,34133,DJE,,,,,,,,,,,,,,,,,
Sun,Djerba Airport (DJE),Gafsa,33015,34245,DJE,,,,,,,,,,,,,,,,,
Sun,Djerba Airport (DJE),Hammamet,33015,29077,DJE,,,,,,,,,,,,,,,,,
Sun,Djerba Airport (DJE),Matmata,33015,34132,DJE,,,,,,,,,,,,,,,,,
Sun,Djerba Airport (DJE),Monastir,33015,29083,DJE,,,,,,,,,,,,,,,,,
Sun,Djerba Airport (DJE),Nabeul,33015,29093,DJE,,,,,,,,,,,,,,,,,
Sun,Djerba Airport (DJE),Sousse,33015,29096,DJE,,,,,,,,,,,,,,,,,
Sun,Djerba Airport (DJE),Tozeur,33015,34130,DJE,,,,,,,,,,,,,,,,,
Sun,Doha Hamad International Airport,Al Khor,30094,34494,DOH,,,,,,,,,,,,,,,,,
Sun,Doha Hamad International Airport,Al Rayyan,30094,34491,DOH,,,,,,,,,,,,,,,,,
Sun,Doha Hamad International Airport,Al Wakrah,30094,34492,DOH,,,,,,,,,,,,,,,,,
Sun,Doha Hamad International Airport,Doha,30094,34489,DOH,,,,,,,,,,,,,,,,,
Sun,Doha Hamad International Airport,Dukhan,30094,34493,DOH,,,,,,,,,,,,,,,,,
Sun,Doha Hamad International Airport,Ras Laffan,30094,34495,DOH,,,,,,,,,,,,,,,,,
Sun,Doha Hamad International Airport,West Bay (Doha),30094,34490,DOH,,,,,,,,,,,,,,,,,
Sun,Doncaster Sheffield Airport (DSA),Batley,27949,34382,DSA,,,,,,,,,,,,,,,,,
Sun,Doncaster Sheffield Airport (DSA),Bradford,27949,27649,DSA,,,,,,,,,,,,,,,,,
Sun,Doncaster Sheffield Airport (DSA),Bridlington,27949,33442,DSA,,,,,,,,,,,,,,,,,
Sun,Doncaster Sheffield Airport (DSA),Castleford,27949,27670,DSA,,,,,,,,,,,,,,,,,
Sun,Doncaster Sheffield Airport (DSA),Chesterfield,27949,27664,DSA,,,,,,,,,,,,,,,,,
Sun,Doncaster Sheffield Airport (DSA),Denton,27949,34334,DSA,,,,,,,,,,,,,,,,,
Sun,Doncaster Sheffield Airport (DSA),Dewsbury,27949,27673,DSA,,,,,,,,,,,,,,,,,
Sun,Doncaster Sheffield Airport (DSA),Doncaster,27949,27663,DSA,,,,,,,,,,,,,,,,,
Sun,Doncaster Sheffield Airport (DSA),Gainsborough,27949,27948,DSA,,,,,,,,,,,,,,,,,
Sun,Doncaster Sheffield Airport (DSA),Halifax,27949,27650,DSA,,,,,,,,,,,,,,,,,
Sun,Doncaster Sheffield Airport (DSA),Harrogate,27949,27668,DSA,,,,,,,,,,,,,,,,,
Sun,Doncaster Sheffield Airport (DSA),Huddersfield,27949,27651,DSA,,,,,,,,,,,,,,,,,
Sun,Doncaster Sheffield Airport (DSA),Hull,27949,27676,DSA,,,,,,,,,,,,,,,,,
Sun,Doncaster Sheffield Airport (DSA),Leeds,27949,27648,DSA,,,,,,,,,,,,,,,,,
Sun,Doncaster Sheffield Airport (DSA),Lincoln,27949,27718,DSA,,,,,,,,,,,,,,,,,
Sun,Doncaster Sheffield Airport (DSA),Loughborough,27949,27705,DSA,,,,,,,,,,,,,,,,,
Sun,Doncaster Sheffield Airport (DSA),Mansfield,27949,27707,DSA,,,,,,,,,,,,,,,,,
Sun,Doncaster Sheffield Airport (DSA),Matlock,27949,27714,DSA,,,,,,,,,,,,,,,,,
Sun,Doncaster Sheffield Airport (DSA),Nottingham,27949,27669,DSA,,,,,,,,,,,,,,,,,
Sun,Doncaster Sheffield Airport (DSA),Oldham,27949,27659,DSA,,,,,,,,,,,,,,,,,
Sun,Doncaster Sheffield Airport (DSA),Pudsey,27949,35734,DSA,,,,,,,,,,,,,,,,,
Sun,Doncaster Sheffield Airport (DSA),Rochdale,27949,27660,DSA,,,,,,,,,,,,,,,,,
Sun,Doncaster Sheffield Airport (DSA),Scunthorpe,27949,27672,DSA,,,,,,,,,,,,,,,,,
Sun,Doncaster Sheffield Airport (DSA),Sheffield,27949,27656,DSA,,,,,,,,,,,,,,,,,
Sun,Doncaster Sheffield Airport (DSA),Stockport,27949,27658,DSA,,,,,,,,,,,,,,,,,
Sun,Doncaster Sheffield Airport (DSA),Wakefield,27949,27653,DSA,,,,,,,,,,,,,,,,,
Sun,Doncaster Sheffield Airport (DSA),Wetherby,27949,27667,DSA,,,,,,,,,,,,,,,,,
Sun,Doncaster Sheffield Airport (DSA),York,27949,27652,DSA,,,,,,,,,,,,,,,,,
Sun,Dortmund Airport,Bielefeld,22835,22839,DTM,,,,,,,,,,,,,,,,,
Sun,Dortmund Airport,Bochum,22835,22840,DTM,,,,,,,,,,,,,,,,,
Sun,Dortmund Airport,Bonn,22835,22841,DTM,,,,,,,,,,,,,,,,,
Sun,Dortmund Airport,Cologne,22835,23439,DTM,,,,,,,,,,,,,,,,,
Sun,Dortmund Airport,Detmold,22835,32732,DTM,,,,,,,,,,,,,,,,,
Sun,Dortmund Airport,Duisburg,22835,22844,DTM,,,,,,,,,,,,,,,,,
Sun,Dortmund Airport,Essen,22835,22847,DTM,,,,,,,,,,,,,,,,,
Sun,Dortmund Airport,Gelsenkirchen,22835,22849,DTM,,,,,,,,,,,,,,,,,
Sun,Dortmund Airport,Gütersloh,22835,22852,DTM,,,,,,,,,,,,,,,,,
Sun,Dortmund Airport,Hamm,22835,22855,DTM,,,,,,,,,,,,,,,,,
Sun,Dortmund Airport,Herne,22835,22858,DTM,,,,,,,,,,,,,,,,,
Sun,Dortmund Airport,Iserlohn,22835,22859,DTM,,,,,,,,,,,,,,,,,
Sun,Dortmund Airport,Kamen,22835,22860,DTM,,,,,,,,,,,,,,,,,
Sun,Dortmund Airport,Kassel,22835,22861,DTM,,,,,,,,,,,,,,,,,
Sun,Dortmund Airport,Krefeld,22835,22862,DTM,,,,,,,,,,,,,,,,,
Sun,Dortmund Airport,Lünen,22835,31811,DTM,,,,,,,,,,,,,,,,,
Sun,Dortmund Airport,Moers,22835,31186,DTM,,,,,,,,,,,,,,,,,
Sun,Dortmund Airport,Mönchengladbach,22835,22866,DTM,,,,,,,,,,,,,,,,,
Sun,Dortmund Airport,Paderborn,22835,22871,DTM,,,,,,,,,,,,,,,,,
Sun,Dortmund Airport,Recklinghausen,22835,22872,DTM,,,,,,,,,,,,,,,,,
Sun,Dortmund Airport,Winterberg,22835,37502,DTM,,,,,,,,,,,,,,,,,
Sun,Dortmund Airport,Wuppertal,22835,22879,DTM,,,,,,,,,,,,,,,,,
Sun,Dresden Airport,Boleslawiec,23478,36077,DRS,,,,,,,,,,,,,,,,,
Sun,Dresden Airport,Seifhennersdorf,23478,38545,DRS,,,,,,,,,,,,,,,,,
Sun,Dubai International Airport,Al Aqah,24988,41234,DXB,,,,,,,,,,,,,,,,,
Sun,Dubai International Airport,Al Barsha,24988,27300,DXB,,,,,,,,,,,,,,,,,
Sun,Dubai International Airport,Al Mamzar,24988,31690,DXB,,,,,,,,,,,,,,,,,
Sun,Dubai International Airport,Burj Al Arab,24988,37482,DXB,,,,,,,,,,,,,,,,,
Sun,Dubai International Airport,Dubai Silicon Oasis,24988,28973,DXB,,,,,,,,,,,,,,,,,
Sun,Dubai International Airport,Dubai Sports City,24988,34406,DXB,,,,,,,,,,,,,,,,,
Sun,Dubai International Airport,Qasr Al Sarab,24988,25493,DXB,,,,,,,,,,,,,,,,,
Sun,Dubai International Airport,Saadiyat Island,24988,33967,DXB,,,,,,,,,,,,,,,,,
Sun,Dublin Airport (DUB),Abbeyleix,22519,36634,DUB,,,,,,,,,,,,,,,,,
Sun,Dublin Airport (DUB),Arklow,22519,22692,DUB,,,,,,,,,,,,,,,,,
Sun,Dublin Airport (DUB),Athlone,22519,22696,DUB,,,,,,,,,,,,,,,,,
Sun,Dublin Airport (DUB),Bramble Lodge,22519,32441,DUB,,,,,,,,,,,,,,,,,
Sun,Dublin Airport (DUB),Bray,22519,22704,DUB,,,,,,,,,,,,,,,,,
Sun,Dublin Airport (DUB),Carlingford,22519,22705,DUB,,,,,,,,,,,,,,,,,
Sun,Dublin Airport (DUB),Castleknock,22519,27098,DUB,,,,,,,,,,,,,,,,,
Sun,Dublin Airport (DUB),Celbridge,22519,22706,DUB,,,,,,,,,,,,,,,,,
Sun,Dublin Airport (DUB),Duleek,22519,22711,DUB,,,,,,,,,,,,,,,,,
Sun,Dublin Airport (DUB),Dun Laoghaire,22519,22755,DUB,,,,,,,,,,,,,,,,,
Sun,Dublin Airport (DUB),Galway,22519,22542,DUB,,,,,,,,,,,,,,,,,
Sun,Dublin Airport (DUB),Limerick,22519,22546,DUB,,,,,,,,,,,,,,,,,
Sun,Dublin Airport (DUB),Malahide,22519,25135,DUB,,,,,,,,,,,,,,,,,
Sun,Dublin Airport (DUB),Maynooth,22519,22728,DUB,,,,,,,,,,,,,,,,,
Sun,Dublin Airport (DUB),Naas,22519,22732,DUB,,,,,,,,,,,,,,,,,
Sun,Dublin Airport (DUB),Portmarnock Golf Links,22519,23390,DUB,,,,,,,,,,,,,,,,,
Sun,Dublin Airport (DUB),Portumna Bridge,22519,25201,DUB,,,,,,,,,,,,,,,,,
Sun,Dublin Airport (DUB),Sandyford,22519,23387,DUB,,,,,,,,,,,,,,,,,
Sun,Dublin Airport (DUB),Tinahely,22519,22751,DUB,,,,,,,,,,,,,,,,,
Sun,Dublin Airport (DUB),Trim,22519,22752,DUB,,,,,,,,,,,,,,,,,
Sun,Dublin Airport (DUB),Wicklow,22519,22682,DUB,,,,,,,,,,,,,,,,,
Sun,Dubrovnik Airport,Athens Airport,23901,21532,DBV,,,,,,,,,,,,,,,,,
Sun,Dubrovnik Airport,Bar,23901,30436,DBV,,,,,,,,,,,,,,,,,
Sun,Dubrovnik Airport,Be?i?i,23901,27435,DBV,,,,,,,,,,,,,,,,,
Sun,Dubrovnik Airport,Bigova,23901,33856,DBV,,,,,,,,,,,,,,,,,
Sun,Dubrovnik Airport,Dobrota,23901,35448,DBV,,,,,,,,,,,,,,,,,
Sun,Dubrovnik Airport,Durres,23901,31541,DBV,,,,,,,,,,,,,,,,,
Sun,Dubrovnik Airport,Kotor,23901,26322,DBV,,,,,,,,,,,,,,,,,
Sun,Dubrovnik Airport,Mostar,23901,27922,DBV,,,,,,,,,,,,,,,,,
Sun,Dubrovnik Airport,Neum,23901,31680,DBV,,,,,,,,,,,,,,,,,
Sun,Dubrovnik Airport,Podgorica Airport,23901,30435,DBV,,,,,,,,,,,,,,,,,
Sun,Dubrovnik Airport,Pr?anj,23901,38478,DBV,,,,,,,,,,,,,,,,,
Sun,Dubrovnik Airport,Risan,23901,37587,DBV,,,,,,,,,,,,,,,,,
Sun,Dubrovnik Airport,Sarajevo,23901,27923,DBV,,,,,,,,,,,,,,,,,
Sun,Dubrovnik Airport,Sarajevo Airport,23901,27913,DBV,,,,,,,,,,,,,,,,,
Sun,Dubrovnik Airport,Shkodër,23901,31542,DBV,,,,,,,,,,,,,,,,,
Sun,Dubrovnik Airport,Sutomore,23901,35849,DBV,,,,,,,,,,,,,,,,,
Sun,Dubrovnik Airport,Tirana Airport,23901,31476,DBV,,,,,,,,,,,,,,,,,
Sun,Dubrovnik Airport,Tivat Airport,23901,30434,DBV,,,,,,,,,,,,,,,,,
Sun,Dubrovnik Airport,Trebinje,23901,27924,DBV,,,,,,,,,,,,,,,,,
Sun,Dubrovnik Airport,Trogir,23901,25047,DBV,,,,,,,,,,,,,,,,,
Sun,Dubrovnik Airport,Ulcinj,23901,35321,DBV,,,,,,,,,,,,,,,,,
Sun,Dubrovnik Airport,Zagreb Airport,23901,25464,DBV,,,,,,,,,,,,,,,,,
Sun,Durban King Shaka Airport,Hluhluwe,28297,28984,DUR,,,,,,,,,,,,,,,,,
Sun,Durban King Shaka Airport,Nsimbini,28297,31587,DUR,,,,,,,,,,,,,,,,,
Sun,Durban King Shaka Airport,Port Edward,28297,34128,DUR,,,,,,,,,,,,,,,,,
Sun,Durban King Shaka Airport,Selection Beach,28297,33142,DUR,,,,,,,,,,,,,,,,,
Sun,Durban King Shaka Airport,Shalcross,28297,36466,DUR,,,,,,,,,,,,,,,,,
Sun,Durban King Shaka Airport,Uvongo,28297,34396,DUR,,,,,,,,,,,,,,,,,
Sun,Düsseldorf Weeze Airport,Aachen,23633,22836,NRN,,,,,,,,,,,,,,,,,
Sun,Düsseldorf Weeze Airport,Arnhem,23633,22414,NRN,,,,,,,,,,,,,,,,,
Sun,Düsseldorf Weeze Airport,Bochum,23633,22840,NRN,,,,,,,,,,,,,,,,,
Sun,Düsseldorf Weeze Airport,Cologne,23633,23439,NRN,,,,,,,,,,,,,,,,,
Sun,Düsseldorf Weeze Airport,Dortmund Airport,23633,22835,NRN,,,,,,,,,,,,,,,,,
Sun,Düsseldorf Weeze Airport,Duisburg,23633,22844,NRN,,,,,,,,,,,,,,,,,
Sun,Düsseldorf Weeze Airport,Essen,23633,22847,NRN,,,,,,,,,,,,,,,,,
Sun,Düsseldorf Weeze Airport,Geldern,23633,35250,NRN,,,,,,,,,,,,,,,,,
Sun,Düsseldorf Weeze Airport,Gelsenkirchen,23633,22849,NRN,,,,,,,,,,,,,,,,,
Sun,Düsseldorf Weeze Airport,Haarlem,23633,22419,NRN,,,,,,,,,,,,,,,,,
Sun,Düsseldorf Weeze Airport,Maastricht,23633,22434,NRN,,,,,,,,,,,,,,,,,
Sun,Düsseldorf Weeze Airport,Nettetal,23633,27118,NRN,,,,,,,,,,,,,,,,,
Sun,Düsseldorf Weeze Airport,Nijmegen,23633,22869,NRN,,,,,,,,,,,,,,,,,
Sun,Düsseldorf Weeze Airport,Unna,23633,26310,NRN,,,,,,,,,,,,,,,,,
Sun,Düsseldorf Weeze Airport,Wuppertal,23633,22879,NRN,,,,,,,,,,,,,,,,,
Sun,East Midlands Airport (EMA),Barnsley,27701,27655,EMA,,,,,,,,,,,,,,,,,
Sun,East Midlands Airport (EMA),Bath,27701,27797,EMA,,,,,,,,,,,,,,,,,
Sun,East Midlands Airport (EMA),Birmingham,27701,27702,EMA,,,,,,,,,,,,,,,,,
Sun,East Midlands Airport (EMA),Bristol,27701,27737,EMA,,,,,,,,,,,,,,,,,
Sun,East Midlands Airport (EMA),Cardiff,27701,27730,EMA,,,,,,,,,,,,,,,,,
Sun,East Midlands Airport (EMA),Chesterfield,27701,27664,EMA,,,,,,,,,,,,,,,,,
Sun,East Midlands Airport (EMA),Coventry,27701,27704,EMA,,,,,,,,,,,,,,,,,
Sun,East Midlands Airport (EMA),Doncaster,27701,27663,EMA,,,,,,,,,,,,,,,,,
Sun,East Midlands Airport (EMA),Grantham,27701,27947,EMA,,,,,,,,,,,,,,,,,
Sun,East Midlands Airport (EMA),Huddersfield,27701,27651,EMA,,,,,,,,,,,,,,,,,
Sun,East Midlands Airport (EMA),Ipswich,27701,27870,EMA,,,,,,,,,,,,,,,,,
Sun,East Midlands Airport (EMA),Leicester,27701,27703,EMA,,,,,,,,,,,,,,,,,
Sun,East Midlands Airport (EMA),Lincoln,27701,27718,EMA,,,,,,,,,,,,,,,,,
Sun,East Midlands Airport (EMA),Loughborough,27701,27705,EMA,,,,,,,,,,,,,,,,,
Sun,East Midlands Airport (EMA),Manchester,27701,27657,EMA,,,,,,,,,,,,,,,,,
Sun,East Midlands Airport (EMA),Mansfield,27701,27707,EMA,,,,,,,,,,,,,,,,,
Sun,East Midlands Airport (EMA),Milton Keynes,27701,27711,EMA,,,,,,,,,,,,,,,,,
Sun,East Midlands Airport (EMA),Nottingham,27701,27669,EMA,,,,,,,,,,,,,,,,,
Sun,East Midlands Airport (EMA),Oxford,27701,27791,EMA,,,,,,,,,,,,,,,,,
Sun,East Midlands Airport (EMA),Ripley,27701,27715,EMA,,,,,,,,,,,,,,,,,
Sun,East Midlands Airport (EMA),Rugby,27701,27706,EMA,,,,,,,,,,,,,,,,,
Sun,East Midlands Airport (EMA),Sheffield,27701,27656,EMA,,,,,,,,,,,,,,,,,
Sun,East Midlands Airport (EMA),Solihull,27701,36265,EMA,,,,,,,,,,,,,,,,,
Sun,East Midlands Airport (EMA),Stafford,27701,27719,EMA,,,,,,,,,,,,,,,,,
Sun,East Midlands Airport (EMA),Stoke-On-Trent,27701,27709,EMA,,,,,,,,,,,,,,,,,
Sun,East Midlands Airport (EMA),Swansea,27701,27736,EMA,,,,,,,,,,,,,,,,,
Sun,East Midlands Airport (EMA),Swindon,27701,27790,EMA,,,,,,,,,,,,,,,,,
Sun,East Midlands Airport (EMA),Warwick,27701,27710,EMA,,,,,,,,,,,,,,,,,
Sun,East Midlands Airport (EMA),Wolverhampton,27701,27708,EMA,,,,,,,,,,,,,,,,,
Sun,Edinburgh Airport,Aberdeen,28063,27958,EDI,,,,,,,,,,,,,,,,,
Sun,Edinburgh Airport,Aviemore,28063,29322,EDI,,,,,,,,,,,,,,,,,
Sun,Edinburgh Airport,Bellshill,28063,29340,EDI,,,,,,,,,,,,,,,,,
Sun,Edinburgh Airport,Blairgowrie,28063,27990,EDI,,,,,,,,,,,,,,,,,
Sun,Edinburgh Airport,Bo'ness,28063,29349,EDI,,,,,,,,,,,,,,,,,
Sun,Edinburgh Airport,Bonnyrigg,28063,29835,EDI,,,,,,,,,,,,,,,,,
Sun,Edinburgh Airport,Bridge Of Allan,28063,29353,EDI,,,,,,,,,,,,,,,,,
Sun,Edinburgh Airport,Broxburn,28063,29358,EDI,,,,,,,,,,,,,,,,,
Sun,Edinburgh Airport,Callander,28063,29366,EDI,,,,,,,,,,,,,,,,,
Sun,Edinburgh Airport,Cowdenbeath,28063,29386,EDI,,,,,,,,,,,,,,,,,
Sun,Edinburgh Airport,Drymen,28063,29407,EDI,,,,,,,,,,,,,,,,,
Sun,Edinburgh Airport,Dumbarton,28063,29408,EDI,,,,,,,,,,,,,,,,,
Sun,Edinburgh Airport,Dunbar,28063,29409,EDI,,,,,,,,,,,,,,,,,
Sun,Edinburgh Airport,Dundee,28063,27959,EDI,,,,,,,,,,,,,,,,,
Sun,Edinburgh Airport,Dunkeld,28063,29412,EDI,,,,,,,,,,,,,,,,,
Sun,Edinburgh Airport,Edinburgh,28063,27954,EDI,,,,,,,,,,,,,,,,,
Sun,Edinburgh Airport,Forfar,28063,29437,EDI,,,,,,,,,,,,,,,,,
Sun,Edinburgh Airport,Fort William,28063,29440,EDI,,,,,,,,,,,,,,,,,
Sun,Edinburgh Airport,Glasgow Airport,28063,27951,EDI,,,,,,,,,,,,,,,,,
Sun,Edinburgh Airport,Gleneagles,28063,27992,EDI,,,,,,,,,,,,,,,,,
Sun,Edinburgh Airport,Helensburgh,28063,29471,EDI,,,,,,,,,,,,,,,,,
Sun,Edinburgh Airport,Inverness,28063,27960,EDI,,,,,,,,,,,,,,,,,
Sun,Edinburgh Airport,Larkhall,28063,29583,EDI,,,,,,,,,,,,,,,,,
Sun,Edinburgh Airport,Moffat,28063,28916,EDI,,,,,,,,,,,,,,,,,
Sun,Edinburgh Airport,St Andrews,28063,27995,EDI,,,,,,,,,,,,,,,,,
Sun,Edinburgh Airport,Stirling,28063,27955,EDI,,,,,,,,,,,,,,,,,
Sun,Edmonton International Airport (YEG),Regina,44109,21879,YEG,,,,,,,,,,,,,,,,,
Sun,Edmonton International Airport (YEG),Winnipeg,44109,44111,YEG,,,,,,,,,,,,,,,,,
Sun,Eilat Ramon Airport,Eilat,43931,29527,ETM,,,,,,,,,,,,,,,,,
Sun,Eilat Ramon Airport,Ein Bokek,43931,36437,ETM,,,,,,,,,,,,,,,,,
Sun,Eilat Ramon Airport,Haifa,43931,29509,ETM,,,,,,,,,,,,,,,,,
Sun,Eilat Ramon Airport,Jerusalem,43931,29507,ETM,,,,,,,,,,,,,,,,,
Sun,Eilat Ramon Airport,Nazareth,43931,29519,ETM,,,,,,,,,,,,,,,,,
Sun,Eilat Ramon Airport,Netanya,43931,29517,ETM,,,,,,,,,,,,,,,,,
Sun,Eilat Ramon Airport,Taba,43931,25559,ETM,,,,,,,,,,,,,,,,,
Sun,Eilat Ramon Airport,Tiberias,43931,29521,ETM,,,,,,,,,,,,,,,,,
Sun,Eindhoven Airport,Aachen,24408,22836,EIN,,,,,,,,,,,,,,,,,
Sun,Eindhoven Airport,Amersfoort,24408,25279,EIN,,,,,,,,,,,,,,,,,
Sun,Eindhoven Airport,Amstelveen,24408,25280,EIN,,,,,,,,,,,,,,,,,
Sun,Eindhoven Airport,Antwerpen,24408,22413,EIN,,,,,,,,,,,,,,,,,
Sun,Eindhoven Airport,Cologne,24408,23439,EIN,,,,,,,,,,,,,,,,,
Sun,Eindhoven Airport,Ede,24408,26302,EIN,,,,,,,,,,,,,,,,,
Sun,Eindhoven Airport,Eindhoven,24408,22418,EIN,,,,,,,,,,,,,,,,,
Sun,Eindhoven Airport,Ghent,24408,22431,EIN,,,,,,,,,,,,,,,,,
Sun,Eindhoven Airport,Kaatsheuvel,24408,29787,EIN,,,,,,,,,,,,,,,,,
Sun,Eindhoven Airport,Lommel,24408,26321,EIN,,,,,,,,,,,,,,,,,
Sun,Eindhoven Airport,Maastricht,24408,22434,EIN,,,,,,,,,,,,,,,,,
Sun,Eindhoven Airport,Mol,24408,27885,EIN,,,,,,,,,,,,,,,,,
Sun,Eindhoven Airport,Nijmegen,24408,22869,EIN,,,,,,,,,,,,,,,,,
Sun,Eindhoven Airport,Rotterdam,24408,22421,EIN,,,,,,,,,,,,,,,,,
Sun,Eindhoven Airport,Sevenum,24408,35726,EIN,,,,,,,,,,,,,,,,,
Sun,Eindhoven Airport,Tilburg,24408,27274,EIN,,,,,,,,,,,,,,,,,
Sun,Eindhoven Airport,Utrecht,24408,22423,EIN,,,,,,,,,,,,,,,,,
Sun,Eindhoven Airport,Veghel,24408,31349,EIN,,,,,,,,,,,,,,,,,
Sun,Eindhoven Airport,Westerhoven,24408,30404,EIN,,,,,,,,,,,,,,,,,
Sun,Eindhoven Airport,Zwolle,24408,22425,EIN,,,,,,,,,,,,,,,,,
Sun,Eldoret Airport,Limuru,44139,36572,EDL,,,,,,,,,,,,,,,,,
Sun,Eldoret Airport,Naivasha,44139,32444,EDL,,,,,,,,,,,,,,,,,
Sun,Eldoret Airport,Nakuru,44139,32445,EDL,,,,,,,,,,,,,,,,,
Sun,Eldoret Airport,Nyeri,44139,32448,EDL,,,,,,,,,,,,,,,,,
Sun,Enfidha Airport,Bani Khiyar,29074,33903,NBE,,,,,,,,,,,,,,,,,
Sun,Enfidha Airport,Borj Cedria,29074,29078,NBE,,,,,,,,,,,,,,,,,
Sun,Enfidha Airport,El Jem,29074,34296,NBE,,,,,,,,,,,,,,,,,
Sun,Enfidha Airport,Gafsa,29074,34245,NBE,,,,,,,,,,,,,,,,,
Sun,Enfidha Airport,Gammarth,29074,29081,NBE,,,,,,,,,,,,,,,,,
Sun,Enfidha Airport,Hammamet,29074,29077,NBE,,,,,,,,,,,,,,,,,
Sun,Enfidha Airport,Monastir,29074,29083,NBE,,,,,,,,,,,,,,,,,
Sun,Enfidha Airport,Nabeul,29074,29093,NBE,,,,,,,,,,,,,,,,,
Sun,Enfidha Airport,Sousse,29074,29096,NBE,,,,,,,,,,,,,,,,,
Sun,Enfidha Airport,Tunis City Centre,29074,29076,NBE,,,,,,,,,,,,,,,,,
Sun,Ercan Airport (ECN),Aglantzia,22476,34858,ECN,,,,,,,,,,,,,,,,,
Sun,Ercan Airport (ECN),Aphrodite Hills,22476,21507,ECN,,,,,,,,,,,,,,,,,
Sun,Ercan Airport (ECN),Ayia Napa,22476,21509,ECN,,,,,,,,,,,,,,,,,
Sun,Ercan Airport (ECN),Azia,22476,21510,ECN,,,,,,,,,,,,,,,,,
Sun,Ercan Airport (ECN),Bafra (North Cyprus),22476,23374,ECN,,,,,,,,,,,,,,,,,
Sun,Ercan Airport (ECN),Catalkoy,22476,27478,ECN,,,,,,,,,,,,,,,,,
Sun,Ercan Airport (ECN),Egkomi,22476,34857,ECN,,,,,,,,,,,,,,,,,
Sun,Ercan Airport (ECN),Famagusta,22476,21999,ECN,,,,,,,,,,,,,,,,,
Sun,Ercan Airport (ECN),Nicosia (Cyprus),22476,22004,ECN,,,,,,,,,,,,,,,,,
Sun,Ercan Airport (ECN),Paphos Airport,22476,21504,ECN,,,,,,,,,,,,,,,,,
Sun,Ercan Airport (ECN),Peyia,22476,22009,ECN,,,,,,,,,,,,,,,,,
Sun,Ercan Airport (ECN),Protaras,22476,21528,ECN,,,,,,,,,,,,,,,,,
Sun,Erfurt-Weimar Airport (ERF),Apolda,24026,31988,ERF,,,,,,,,,,,,,,,,,
Sun,Essaouira Airport,Agadir Airport,29698,21455,ESU,,,,,,,,,,,,,,,,,
Sun,Essaouira Airport,Aourir,29698,27125,ESU,,,,,,,,,,,,,,,,,
Sun,Essaouira Airport,Asni,29698,21428,ESU,,,,,,,,,,,,,,,,,
Sun,Essaouira Airport,El Jadida,29698,21438,ESU,,,,,,,,,,,,,,,,,
Sun,Essaouira Airport,Essaouira,29698,20713,ESU,,,,,,,,,,,,,,,,,
Sun,Essaouira Airport,Guelmim,29698,44019,ESU,,,,,,,,,,,,,,,,,
Sun,Essaouira Airport,Imi Ouaddar,29698,29691,ESU,,,,,,,,,,,,,,,,,
Sun,Essaouira Airport,Imlil,29698,21429,ESU,,,,,,,,,,,,,,,,,
Sun,Essaouira Airport,Immouzzer,29698,21430,ESU,,,,,,,,,,,,,,,,,
Sun,Essaouira Airport,Marrakech Airport,29698,20710,ESU,,,,,,,,,,,,,,,,,
Sun,Essaouira Airport,Marrakech City (Excl. Medina),29698,20715,ESU,,,,,,,,,,,,,,,,,
Sun,Essaouira Airport,Marrakech Medina (Main Entrance),29698,40270,ESU,,,,,,,,,,,,,,,,,
Sun,Essaouira Airport,Oualidia,29698,21441,ESU,,,,,,,,,,,,,,,,,
Sun,Essaouira Airport,Paradis Plage,29698,35271,ESU,,,,,,,,,,,,,,,,,
Sun,Essaouira Airport,Rabat,29698,10954,ESU,,,,,,,,,,,,,,,,,
Sun,Essaouira Airport,Safi (Morocco),29698,29693,ESU,,,,,,,,,,,,,,,,,
Sun,Essaouira Airport,Sidi Ifni,29698,29690,ESU,,,,,,,,,,,,,,,,,
Sun,Essaouira Airport,Sidi Kaouki,29698,33218,ESU,,,,,,,,,,,,,,,,,
Sun,Essaouira Airport,Taghazout,29698,21434,ESU,,,,,,,,,,,,,,,,,
Sun,Essaouira Airport,Tamraght,29698,29685,ESU,,,,,,,,,,,,,,,,,
Sun,Essaouira Airport,Taroudant,29698,21436,ESU,,,,,,,,,,,,,,,,,
Sun,Essaouira Airport,Zagora,29698,21452,ESU,,,,,,,,,,,,,,,,,
Sun,Faro Airport,Albufeira,10809,10786,FAO,,,,,,,,,,,,,,,,,
Sun,Faro Airport,Aljezur,10809,21793,FAO,,,,,,,,,,,,,,,,,
Sun,Faro Airport,Almancil,10809,22158,FAO,,,,,,,,,,,,,,,,,
Sun,Faro Airport,Altura,10809,10778,FAO,,,,,,,,,,,,,,,,,
Sun,Faro Airport,Alvor,10809,10794,FAO,,,,,,,,,,,,,,,,,
Sun,Faro Airport,Amendoeira Golf Resort,10809,29141,FAO,,,,,,,,,,,,,,,,,
Sun,Faro Airport,Areias De São João,10809,22160,FAO,,,,,,,,,,,,,,,,,
Sun,Faro Airport,Armaçao De Pera,10809,10790,FAO,,,,,,,,,,,,,,,,,
Sun,Faro Airport,Ayamonte,10809,10247,FAO,,,,,,,,,,,,,,,,,
Sun,Faro Airport,Bensafrim,10809,35647,FAO,,,,,,,,,,,,,,,,,
Sun,Faro Airport,Boliqueime,10809,22163,FAO,,,,,,,,,,,,,,,,,
Sun,Faro Airport,Cabanas Tavira,10809,10780,FAO,,,,,,,,,,,,,,,,,
Sun,Faro Airport,Carvoeiro,10809,10791,FAO,,,,,,,,,,,,,,,,,
Sun,Faro Airport,El Rompido,10809,10806,FAO,,,,,,,,,,,,,,,,,
Sun,Faro Airport,Ericeira,10809,22017,FAO,,,,,,,,,,,,,,,,,
Sun,Faro Airport,Estombar,10809,39407,FAO,,,,,,,,,,,,,,,,,
Sun,Faro Airport,Faro,10809,22020,FAO,,,,,,,,,,,,,,,,,
Sun,Faro Airport,Faro Airport,10809,10809,FAO,,,,,,,,,,,,,,,,,
Sun,Faro Airport,Ferragudo,10809,21795,FAO,,,,,,,,,,,,,,,,,
Sun,Faro Airport,Fuseta,10809,20707,FAO,,,,,,,,,,,,,,,,,
Sun,Faro Airport,Galé,10809,10787,FAO,,,,,,,,,,,,,,,,,
Sun,Faro Airport,Guia,10809,22171,FAO,,,,,,,,,,,,,,,,,
Sun,Faro Airport,Huelva,10809,10808,FAO,,,,,,,,,,,,,,,,,
Sun,Faro Airport,Isla Canela,10809,10801,FAO,,,,,,,,,,,,,,,,,
Sun,Faro Airport,Isla Cristina,10809,10802,FAO,,,,,,,,,,,,,,,,,
Sun,Faro Airport,Islantilla,10809,10804,FAO,,,,,,,,,,,,,,,,,
Sun,Faro Airport,Lagoa,10809,21796,FAO,,,,,,,,,,,,,,,,,
Sun,Faro Airport,Loulé,10809,22173,FAO,,,,,,,,,,,,,,,,,
Sun,Faro Airport,Lublin Airport,10809,30584,FAO,,,,,,,,,,,,,,,,,
Sun,Faro Airport,Manta Rota,10809,10779,FAO,,,,,,,,,,,,,,,,,
Sun,Faro Airport,Moncarapacho,10809,22175,FAO,,,,,,,,,,,,,,,,,
Sun,Faro Airport,Monchique,10809,21797,FAO,,,,,,,,,,,,,,,,,
Sun,Faro Airport,Monte Gordo,10809,10777,FAO,,,,,,,,,,,,,,,,,
Sun,Faro Airport,Montechoro (Albufeira),10809,22176,FAO,,,,,,,,,,,,,,,,,
Sun,Faro Airport,Odeceixe,10809,35415,FAO,,,,,,,,,,,,,,,,,
Sun,Faro Airport,Olhao,10809,21798,FAO,,,,,,,,,,,,,,,,,
Sun,Faro Airport,Pera,10809,21914,FAO,,,,,,,,,,,,,,,,,
Sun,Faro Airport,Porches,10809,22182,FAO,,,,,,,,,,,,,,,,,
Sun,Faro Airport,Portimao,10809,10792,FAO,,,,,,,,,,,,,,,,,
Sun,Faro Airport,Porto Covo,10809,34057,FAO,,,,,,,,,,,,,,,,,
Sun,Faro Airport,Praia Da Falésia,10809,22183,FAO,,,,,,,,,,,,,,,,,
Sun,Faro Airport,Praia Da Luz,10809,10796,FAO,,,,,,,,,,,,,,,,,
Sun,Faro Airport,Praia Da Oura,10809,22184,FAO,,,,,,,,,,,,,,,,,
Sun,Faro Airport,Praia Da Rocha,10809,10793,FAO,,,,,,,,,,,,,,,,,
Sun,Faro Airport,Punta Umbria (Spain),10809,10805,FAO,,,,,,,,,,,,,,,,,
Sun,Faro Airport,Quarteira,10809,10784,FAO,,,,,,,,,,,,,,,,,
Sun,Faro Airport,Quinta Do Lago,10809,10782,FAO,,,,,,,,,,,,,,,,,
Sun,Faro Airport,Sagres,10809,10799,FAO,,,,,,,,,,,,,,,,,
Sun,Faro Airport,Salema,10809,10798,FAO,,,,,,,,,,,,,,,,,
Sun,Faro Airport,Salgados,10809,41088,FAO,,,,,,,,,,,,,,,,,
Sun,Faro Airport,Santa Luzia,10809,22187,FAO,,,,,,,,,,,,,,,,,
Sun,Faro Airport,Sao Bartolomeu De Messines,10809,28903,FAO,,,,,,,,,,,,,,,,,
Sun,Faro Airport,Sesmarias (Albufeira),10809,10789,FAO,,,,,,,,,,,,,,,,,
Sun,Faro Airport,Seville Airport,10809,10582,FAO,,,,,,,,,,,,,,,,,
Sun,Faro Airport,Silves,10809,22191,FAO,,,,,,,,,,,,,,,,,
Sun,Faro Airport,Tavira,10809,10781,FAO,,,,,,,,,,,,,,,,,
Sun,Faro Airport,Vale De Lobo,10809,10783,FAO,,,,,,,,,,,,,,,,,
Sun,Faro Airport,Vale De Parra,10809,10788,FAO,,,,,,,,,,,,,,,,,
Sun,Faro Airport,Vale Do Lobo,10809,22194,FAO,,,,,,,,,,,,,,,,,
Sun,Faro Airport,Vila Nova De Cacela,10809,27289,FAO,,,,,,,,,,,,,,,,,
Sun,Faro Airport,Vilamoura,10809,10785,FAO,,,,,,,,,,,,,,,,,
Sun,Faro Airport,Villa Real De San Antonio,10809,22196,FAO,,,,,,,,,,,,,,,,,
Sun,Fez Airport,Casablanca,21443,22357,FEZ,,,,,,,,,,,,,,,,,
Sun,Fez Airport,Chefchaouen,21443,21444,FEZ,,,,,,,,,,,,,,,,,
Sun,Fez Airport,Erfoud,21443,21445,FEZ,,,,,,,,,,,,,,,,,
Sun,Fez Airport,Kenitra,21443,27050,FEZ,,,,,,,,,,,,,,,,,
Sun,Fez Airport,Meknes,21443,21440,FEZ,,,,,,,,,,,,,,,,,
Sun,Fez Airport,Oujda,21443,29672,FEZ,,,,,,,,,,,,,,,,,
Sun,Fez Airport,Rabat,21443,10954,FEZ,,,,,,,,,,,,,,,,,
Sun,Fez Airport,Sidi Slimane,21443,28887,FEZ,,,,,,,,,,,,,,,,,
Sun,Fez Airport,Skhirat Plage,21443,30819,FEZ,,,,,,,,,,,,,,,,,
Sun,Fez Airport,Tangier,21443,21442,FEZ,,,,,,,,,,,,,,,,,
Sun,Figari Airport,Zonza,24899,33709,FSC,,,,,,,,,,,,,,,,,
Sun,Florence Airport,Artimino,25191,25508,FLR,,,,,,,,,,,,,,,,,
Sun,Florence Airport,Bologna,25191,25518,FLR,,,,,,,,,,,,,,,,,
Sun,Florence Airport,Bologna Airport,25191,25189,FLR,,,,,,,,,,,,,,,,,
Sun,Florence Airport,Camping Norcenni Girasole Club,25191,28650,FLR,,,,,,,,,,,,,,,,,
Sun,Florence Airport,Carmignano,25191,30575,FLR,,,,,,,,,,,,,,,,,
Sun,Florence Airport,Castellina In Chianti,25191,25562,FLR,,,,,,,,,,,,,,,,,
Sun,Florence Airport,Castelnuovo Berardenga,25191,25563,FLR,,,,,,,,,,,,,,,,,
Sun,Florence Airport,Fiesole,25191,25574,FLR,,,,,,,,,,,,,,,,,
Sun,Florence Airport,Figline E Incisa Valdarno,25191,34154,FLR,,,,,,,,,,,,,,,,,
Sun,Florence Airport,Figline Valdarno,25191,25575,FLR,,,,,,,,,,,,,,,,,
Sun,Florence Airport,Florence Airport,25191,25191,FLR,,,,,,,,,,,,,,,,,
Sun,Florence Airport,Forte Dei Marmi,25191,25578,FLR,,,,,,,,,,,,,,,,,
Sun,Florence Airport,Gaiole In Chianti,25191,25580,FLR,,,,,,,,,,,,,,,,,
Sun,Florence Airport,Gambassi Terme,25191,25581,FLR,,,,,,,,,,,,,,,,,
Sun,Florence Airport,Greve In Chianti,25191,25583,FLR,,,,,,,,,,,,,,,,,
Sun,Florence Airport,Impruneta,25191,25642,FLR,,,,,,,,,,,,,,,,,
Sun,Florence Airport,La Spezia,25191,25585,FLR,,,,,,,,,,,,,,,,,
Sun,Florence Airport,Loro Ciuffenna,25191,25589,FLR,,,,,,,,,,,,,,,,,
Sun,Florence Airport,Lucca,25191,25590,FLR,,,,,,,,,,,,,,,,,
Sun,Florence Airport,Milan Malpensa Airport,25191,21752,FLR,,,,,,,,,,,,,,,,,
Sun,Florence Airport,Monsagrati,25191,31537,FLR,,,,,,,,,,,,,,,,,
Sun,Florence Airport,Monsummano Terme,25191,25600,FLR,,,,,,,,,,,,,,,,,
Sun,Florence Airport,Montaione,25191,25601,FLR,,,,,,,,,,,,,,,,,
Sun,Florence Airport,Montalcino,25191,25602,FLR,,,,,,,,,,,,,,,,,
Sun,Florence Airport,Monte San Savino,25191,27455,FLR,,,,,,,,,,,,,,,,,
Sun,Florence Airport,Montecatini Terme,25191,25603,FLR,,,,,,,,,,,,,,,,,
Sun,Florence Airport,Montepulciano,25191,25605,FLR,,,,,,,,,,,,,,,,,
Sun,Florence Airport,Monteriggioni,25191,25606,FLR,,,,,,,,,,,,,,,,,
Sun,Florence Airport,Montespertoli,25191,26677,FLR,,,,,,,,,,,,,,,,,
Sun,Florence Airport,Montevarchi,25191,25609,FLR,,,,,,,,,,,,,,,,,
Sun,Florence Airport,Padova,25191,21611,FLR,,,,,,,,,,,,,,,,,
Sun,Florence Airport,Panzano In Chianti,25191,25643,FLR,,,,,,,,,,,,,,,,,
Sun,Florence Airport,Pienza,25191,25611,FLR,,,,,,,,,,,,,,,,,
Sun,Florence Airport,Pisa,25191,25614,FLR,,,,,,,,,,,,,,,,,
Sun,Florence Airport,Pistoia,25191,25615,FLR,,,,,,,,,,,,,,,,,
Sun,Florence Airport,Poggibonsi,25191,25616,FLR,,,,,,,,,,,,,,,,,
Sun,Florence Airport,Pontassieve,25191,25644,FLR,,,,,,,,,,,,,,,,,
Sun,Florence Airport,Poppi,25191,25618,FLR,,,,,,,,,,,,,,,,,
Sun,Florence Airport,Radda In Chianti,25191,25623,FLR,,,,,,,,,,,,,,,,,
Sun,Florence Airport,Ravenna,25191,25745,FLR,,,,,,,,,,,,,,,,,
Sun,Florence Airport,San Casciano In Val Di Pesa,25191,25633,FLR,,,,,,,,,,,,,,,,,
Sun,Florence Airport,San Donato,25191,35742,FLR,,,,,,,,,,,,,,,,,
Sun,Florence Airport,San Gimignano,25191,25634,FLR,,,,,,,,,,,,,,,,,
Sun,Florence Airport,Sansepolcro,25191,32619,FLR,,,,,,,,,,,,,,,,,
Sun,Florence Airport,Siena,25191,25539,FLR,,,,,,,,,,,,,,,,,
Sun,Florence Airport,Strada In Chianti,25191,27369,FLR,,,,,,,,,,,,,,,,,
Sun,Florence Airport,Trequanda,25191,25543,FLR,,,,,,,,,,,,,,,,,
Sun,Florence Airport,Viareggio,25191,25547,FLR,,,,,,,,,,,,,,,,,
Sun,Florence Airport,Volterra,25191,25549,FLR,,,,,,,,,,,,,,,,,
Sun,Fort Lauderdale Airport,Fort Myers,31772,29515,FLL,,,,,,,,,,,,,,,,,
Sun,Fort Lauderdale Airport,Jacksonville,31772,29688,FLL,,,,,,,,,,,,,,,,,
Sun,Fort Lauderdale Airport,Kissimmee,31772,27854,FLL,,,,,,,,,,,,,,,,,
Sun,Fort Lauderdale Airport,Lauderdale-By-The-Sea,31772,34097,FLL,,,,,,,,,,,,,,,,,
Sun,Fort Lauderdale Airport,Margate,31772,33999,FLL,,,,,,,,,,,,,,,,,
Sun,Fort Lauderdale Airport,Ocala,31772,36318,FLL,,,,,,,,,,,,,,,,,
Sun,Fort Lauderdale Airport,Palm Beach Airport,31772,31774,FLL,,,,,,,,,,,,,,,,,
Sun,Fort Lauderdale Airport,Sarasota,31772,35252,FLL,,,,,,,,,,,,,,,,,
Sun,Fort Lauderdale Airport,St. Petersburg (Florida),31772,37777,FLL,,,,,,,,,,,,,,,,,
Sun,Fort Lauderdale Airport,Sunrise,31772,21879,FLL,,,,,,,,,,,,,,,,,
Sun,Fortaleza Airport,Belo Horizonte,26968,26586,FOR,,,,,,,,,,,,,,,,,
Sun,Fortaleza Airport,Brasilia,26968,26506,FOR,,,,,,,,,,,,,,,,,
Sun,Fortaleza Airport,Goiânia,26968,26511,FOR,,,,,,,,,,,,,,,,,
Sun,Fortaleza Airport,Ilha Do Guajiru,26968,37591,FOR,,,,,,,,,,,,,,,,,
Sun,Fortaleza Airport,Jacaúna,26968,34294,FOR,,,,,,,,,,,,,,,,,
Sun,Fortaleza Airport,Meireles,26968,26975,FOR,,,,,,,,,,,,,,,,,
Sun,Fortaleza Airport,Recife,26968,26526,FOR,,,,,,,,,,,,,,,,,
Sun,Fortaleza Airport,Ribeirão Preto,26968,32654,FOR,,,,,,,,,,,,,,,,,
Sun,Fortaleza Airport,Sao Luis,26968,36752,FOR,,,,,,,,,,,,,,,,,
Sun,Fortaleza Airport,Sao Paulo,26968,26514,FOR,,,,,,,,,,,,,,,,,
Sun,Frankfurt Am Main Airport,Aschaffenburg,23418,23442,FRA,,,,,,,,,,,,,,,,,
Sun,Frankfurt Am Main Airport,Bad Ems,23418,31184,FRA,,,,,,,,,,,,,,,,,
Sun,Frankfurt Am Main Airport,Bad Hersfeld,23418,33994,FRA,,,,,,,,,,,,,,,,,
Sun,Frankfurt Am Main Airport,Bad Kreuznach,23418,32304,FRA,,,,,,,,,,,,,,,,,
Sun,Frankfurt Am Main Airport,Bensheim,23418,27519,FRA,,,,,,,,,,,,,,,,,
Sun,Frankfurt Am Main Airport,Bonn,23418,22841,FRA,,,,,,,,,,,,,,,,,
Sun,Frankfurt Am Main Airport,Brussels Zaventem Airport,23418,22415,FRA,,,,,,,,,,,,,,,,,
Sun,Frankfurt Am Main Airport,Buttelborn,23418,31565,FRA,,,,,,,,,,,,,,,,,
Sun,Frankfurt Am Main Airport,Coburg,23418,32243,FRA,,,,,,,,,,,,,,,,,
Sun,Frankfurt Am Main Airport,Cologne,23418,23439,FRA,,,,,,,,,,,,,,,,,
Sun,Frankfurt Am Main Airport,Darmstadt,23418,23444,FRA,,,,,,,,,,,,,,,,,
Sun,Frankfurt Am Main Airport,Eltville Am Rhein,23418,23449,FRA,,,,,,,,,,,,,,,,,
Sun,Frankfurt Am Main Airport,Eschborn,23418,23462,FRA,,,,,,,,,,,,,,,,,
Sun,Frankfurt Am Main Airport,Frankfurt Am Main,23418,22448,FRA,,,,,,,,,,,,,,,,,
Sun,Frankfurt Am Main Airport,Freiburg Im Breisgau,23418,22449,FRA,,,,,,,,,,,,,,,,,
Sun,Frankfurt Am Main Airport,Friedrichsdorf,23418,27120,FRA,,,,,,,,,,,,,,,,,
Sun,Frankfurt Am Main Airport,Fulda,23418,23447,FRA,,,,,,,,,,,,,,,,,
Sun,Frankfurt Am Main Airport,Giessen,23418,22850,FRA,,,,,,,,,,,,,,,,,
Sun,Frankfurt Am Main Airport,Hanau,23418,23453,FRA,,,,,,,,,,,,,,,,,
Sun,Frankfurt Am Main Airport,Heidelberg,23418,23441,FRA,,,,,,,,,,,,,,,,,
Sun,Frankfurt Am Main Airport,Hockenheim,23418,31370,FRA,,,,,,,,,,,,,,,,,
Sun,Frankfurt Am Main Airport,Innsbruck Airport,23418,21800,FRA,,,,,,,,,,,,,,,,,
Sun,Frankfurt Am Main Airport,Karlsruhe,23418,22450,FRA,,,,,,,,,,,,,,,,,
Sun,Frankfurt Am Main Airport,Kelsterbach,23418,27507,FRA,,,,,,,,,,,,,,,,,
Sun,Frankfurt Am Main Airport,Leverkusen,23418,22863,FRA,,,,,,,,,,,,,,,,,
Sun,Frankfurt Am Main Airport,Limburg An Der Lahn,23418,23446,FRA,,,,,,,,,,,,,,,,,
Sun,Frankfurt Am Main Airport,Limburgerhof,23418,27122,FRA,,,,,,,,,,,,,,,,,
Sun,Frankfurt Am Main Airport,Mainz,23418,23421,FRA,,,,,,,,,,,,,,,,,
Sun,Frankfurt Am Main Airport,Marburg,23418,22865,FRA,,,,,,,,,,,,,,,,,
Sun,Frankfurt Am Main Airport,Rothenburg Ob Der Tauber,23418,27537,FRA,,,,,,,,,,,,,,,,,
Sun,Frankfurt Am Main Airport,Rüdesheim Am Rhein,23418,23445,FRA,,,,,,,,,,,,,,,,,
Sun,Frankfurt Am Main Airport,Rüsselsheim,23418,23457,FRA,,,,,,,,,,,,,,,,,
Sun,Frankfurt Am Main Airport,Saarbrücken,23418,22454,FRA,,,,,,,,,,,,,,,,,
Sun,Frankfurt Am Main Airport,Sinzig,23418,27604,FRA,,,,,,,,,,,,,,,,,
Sun,Frankfurt Am Main Airport,Strasbourg,23418,22455,FRA,,,,,,,,,,,,,,,,,
Sun,Frankfurt Am Main Airport,Weinheim,23418,27531,FRA,,,,,,,,,,,,,,,,,
Sun,Frankfurt Am Main Airport,Wetzlar,23418,22878,FRA,,,,,,,,,,,,,,,,,
Sun,Frankfurt Am Main Airport,Wiesbaden,23418,23448,FRA,,,,,,,,,,,,,,,,,
Sun,Frankfurt Am Main Airport,Worms,23418,36259,FRA,,,,,,,,,,,,,,,,,
Sun,Frankfurt Am Main Airport,Würzburg,23418,23443,FRA,,,,,,,,,,,,,,,,,
Sun,Friedrichshafen Airport,Arosa,24027,23423,FDH,,,,,,,,,,,,,,,,,
Sun,Friedrichshafen Airport,Bregenz,24027,23425,FDH,,,,,,,,,,,,,,,,,
Sun,Friedrichshafen Airport,Damüls,24027,35884,FDH,,,,,,,,,,,,,,,,,
Sun,Friedrichshafen Airport,Dornbirn,24027,23428,FDH,,,,,,,,,,,,,,,,,
Sun,Friedrichshafen Airport,Fügen,24027,22645,FDH,,,,,,,,,,,,,,,,,
Sun,Friedrichshafen Airport,Galtür,24027,22262,FDH,,,,,,,,,,,,,,,,,
Sun,Friedrichshafen Airport,Gargellen,24027,32488,FDH,,,,,,,,,,,,,,,,,
Sun,Friedrichshafen Airport,Ischgl,24027,22260,FDH,,,,,,,,,,,,,,,,,
Sun,Friedrichshafen Airport,Isny Im Allgäu,24027,24973,FDH,,,,,,,,,,,,,,,,,
Sun,Friedrichshafen Airport,Konstanz,24027,25171,FDH,,,,,,,,,,,,,,,,,
Sun,Friedrichshafen Airport,Lech Am Arlberg,24027,22279,FDH,,,,,,,,,,,,,,,,,
Sun,Friedrichshafen Airport,Markdorf,24027,39955,FDH,,,,,,,,,,,,,,,,,
Sun,Friedrichshafen Airport,Meersburg,24027,31292,FDH,,,,,,,,,,,,,,,,,
Sun,Friedrichshafen Airport,Sölden,24027,22292,FDH,,,,,,,,,,,,,,,,,
Sun,Friedrichshafen Airport,Starnberg,24027,34036,FDH,,,,,,,,,,,,,,,,,
Sun,Friedrichshafen Airport,Warth,24027,40089,FDH,,,,,,,,,,,,,,,,,
Sun,Fuerteventura Airport,Betancuria,23886,32673,FUE,,,,,,,,,,,,,,,,,
Sun,Fuerteventura Airport,Giniginamar,23886,33430,FUE,,,,,,,,,,,,,,,,,
Sun,Fuerteventura Airport,Los Gorriones,23886,24940,FUE,,,,,,,,,,,,,,,,,
Sun,Fuerteventura Airport,Majanicho,23886,34103,FUE,,,,,,,,,,,,,,,,,
Sun,Gazipasa Airport (GZP),Alanya,33224,10859,GZP,,,,,,,,,,,,,,,,,
Sun,Gazipasa Airport (GZP),Avsallar,33224,10866,GZP,,,,,,,,,,,,,,,,,
Sun,Gazipasa Airport (GZP),Kargicak,33224,22801,GZP,,,,,,,,,,,,,,,,,
Sun,Gazipasa Airport (GZP),Kemer,33224,10888,GZP,,,,,,,,,,,,,,,,,
Sun,Gazipasa Airport (GZP),Kizilot,33224,10871,GZP,,,,,,,,,,,,,,,,,
Sun,Gazipasa Airport (GZP),Konakli,33224,10862,GZP,,,,,,,,,,,,,,,,,
Sun,Gazipasa Airport (GZP),Mahmutlar,33224,10857,GZP,,,,,,,,,,,,,,,,,
Sun,Gazipasa Airport (GZP),Manavgat,33224,10873,GZP,,,,,,,,,,,,,,,,,
Sun,Gazipasa Airport (GZP),Okurcalar,33224,10867,GZP,,,,,,,,,,,,,,,,,
Sun,Gazipasa Airport (GZP),Side,33224,10872,GZP,,,,,,,,,,,,,,,,,
Sun,Gazipasa Airport (GZP),Turkler,33224,10865,GZP,,,,,,,,,,,,,,,,,
Sun,Gdansk Airport,Elblag,26664,26688,GDN,,,,,,,,,,,,,,,,,
Sun,Gdansk Airport,Gdynia,26664,26686,GDN,,,,,,,,,,,,,,,,,
Sun,Gdansk Airport,Grzechotki,26664,42274,GDN,,,,,,,,,,,,,,,,,
Sun,Gdansk Airport,Jaroslawiec,26664,32071,GDN,,,,,,,,,,,,,,,,,
Sun,Gdansk Airport,Jastrz?bia Góra,26664,31509,GDN,,,,,,,,,,,,,,,,,
Sun,Gdansk Airport,Koscierzyna,26664,26689,GDN,,,,,,,,,,,,,,,,,
Sun,Gdansk Airport,Malbork,26664,26690,GDN,,,,,,,,,,,,,,,,,
Sun,Gdansk Airport,Sopot,26664,26687,GDN,,,,,,,,,,,,,,,,,
Sun,Gdansk Airport,Starogard Gdanski,26664,26693,GDN,,,,,,,,,,,,,,,,,
Sun,Gdansk Airport,Warsaw Chopin Airport,26664,25282,GDN,,,,,,,,,,,,,,,,,
Sun,Geneva Airport,Alba,10668,10777,GVA,,,,,,,,,,,,,,,,,
Sun,Geneva Airport,Albertville,10668,26963,GVA,,,,,,,,,,,,,,,,,
Sun,Geneva Airport,Annemasse,10668,24960,GVA,,,,,,,,,,,,,,,,,
Sun,Geneva Airport,Argentière (Chamonix),10668,10755,GVA,,,,,,,,,,,,,,,,,
Sun,Geneva Airport,Bardonecchia,10668,21973,GVA,,,,,,,,,,,,,,,,,
Sun,Geneva Airport,Belle Plagne,10668,28285,GVA,,,,,,,,,,,,,,,,,
Sun,Geneva Airport,Bulle,10668,30851,GVA,,,,,,,,,,,,,,,,,
Sun,Geneva Airport,Cervinia,10668,10722,GVA,,,,,,,,,,,,,,,,,
Sun,Geneva Airport,Chamonix,10668,10637,GVA,,,,,,,,,,,,,,,,,
Sun,Geneva Airport,Champery,10668,10689,GVA,,,,,,,,,,,,,,,,,
Sun,Geneva Airport,Chatel,10668,10774,GVA,,,,,,,,,,,,,,,,,
Sun,Geneva Airport,Cluses,10668,31625,GVA,,,,,,,,,,,,,,,,,
Sun,Geneva Airport,Combloux,10668,10771,GVA,,,,,,,,,,,,,,,,,
Sun,Geneva Airport,Courchevel,10668,10641,GVA,,,,,,,,,,,,,,,,,
Sun,Geneva Airport,Courmayeur,10668,10729,GVA,,,,,,,,,,,,,,,,,
Sun,Geneva Airport,Crans Montana,10668,10694,GVA,,,,,,,,,,,,,,,,,
Sun,Geneva Airport,Crissier,10668,33178,GVA,,,,,,,,,,,,,,,,,
Sun,Geneva Airport,Crolles,10668,39843,GVA,,,,,,,,,,,,,,,,,
Sun,Geneva Airport,Doussard,10668,27249,GVA,,,,,,,,,,,,,,,,,
Sun,Geneva Airport,Flaine,10668,10773,GVA,,,,,,,,,,,,,,,,,
Sun,Geneva Airport,Fribourg,10668,32489,GVA,,,,,,,,,,,,,,,,,
Sun,Geneva Airport,Gaillard,10668,26980,GVA,,,,,,,,,,,,,,,,,
Sun,Geneva Airport,Genoa,10668,21980,GVA,,,,,,,,,,,,,,,,,
Sun,Geneva Airport,Grimentz,10668,10695,GVA,,,,,,,,,,,,,,,,,
Sun,Geneva Airport,Grindelwald,10668,10698,GVA,,,,,,,,,,,,,,,,,
Sun,Geneva Airport,Gstaad,10668,22578,GVA,,,,,,,,,,,,,,,,,
Sun,Geneva Airport,La Chapelle D'abondance,10668,10775,GVA,,,,,,,,,,,,,,,,,
Sun,Geneva Airport,La Clusaz,10668,10756,GVA,,,,,,,,,,,,,,,,,
Sun,Geneva Airport,La Plagne,10668,10647,GVA,,,,,,,,,,,,,,,,,
Sun,Geneva Airport,La Rosiere (Montvalezan),10668,10746,GVA,,,,,,,,,,,,,,,,,
Sun,Geneva Airport,La Tania,10668,10648,GVA,,,,,,,,,,,,,,,,,
Sun,Geneva Airport,La Thuile,10668,10742,GVA,,,,,,,,,,,,,,,,,
Sun,Geneva Airport,Le Praz,10668,10651,GVA,,,,,,,,,,,,,,,,,
Sun,Geneva Airport,Les Allues,10668,23787,GVA,,,,,,,,,,,,,,,,,
Sun,Geneva Airport,Les Arcs,10668,25234,GVA,,,,,,,,,,,,,,,,,
Sun,Geneva Airport,Les Arcs (1600 / 1800),10668,23789,GVA,,,,,,,,,,,,,,,,,
Sun,Geneva Airport,Les Arcs (1950 / 2000),10668,10652,GVA,,,,,,,,,,,,,,,,,
Sun,Geneva Airport,Les Coches,10668,10739,GVA,,,,,,,,,,,,,,,,,
Sun,Geneva Airport,Les Deux Alpes,10668,10653,GVA,,,,,,,,,,,,,,,,,
Sun,Geneva Airport,Les Diablerets,10668,10692,GVA,,,,,,,,,,,,,,,,,
Sun,Geneva Airport,Les Gets,10668,10748,GVA,,,,,,,,,,,,,,,,,
Sun,Geneva Airport,Les Houches,10668,10754,GVA,,,,,,,,,,,,,,,,,
Sun,Geneva Airport,Les Menuires,10668,10654,GVA,,,,,,,,,,,,,,,,,
Sun,Geneva Airport,Les Rousses,10668,34356,GVA,,,,,,,,,,,,,,,,,
Sun,Geneva Airport,Les Saisies,10668,10709,GVA,,,,,,,,,,,,,,,,,
Sun,Geneva Airport,Manigod,10668,22666,GVA,,,,,,,,,,,,,,,,,
Sun,Geneva Airport,Megeve,10668,10767,GVA,,,,,,,,,,,,,,,,,
Sun,Geneva Airport,Menthon-Saint-Bernard,10668,30391,GVA,,,,,,,,,,,,,,,,,
Sun,Geneva Airport,Meribel,10668,10657,GVA,,,,,,,,,,,,,,,,,
Sun,Geneva Airport,Milan Malpensa Airport,10668,21752,GVA,,,,,,,,,,,,,,,,,
Sun,Geneva Airport,Montchavin,10668,10740,GVA,,,,,,,,,,,,,,,,,
Sun,Geneva Airport,Montreux,10668,22552,GVA,,,,,,,,,,,,,,,,,
Sun,Geneva Airport,Montriond,10668,10765,GVA,,,,,,,,,,,,,,,,,
Sun,Geneva Airport,Morges,10668,23832,GVA,,,,,,,,,,,,,,,,,
Sun,Geneva Airport,Morzine,10668,10749,GVA,,,,,,,,,,,,,,,,,
Sun,Geneva Airport,Moutiers,10668,10737,GVA,,,,,,,,,,,,,,,,,
Sun,Geneva Airport,Nendaz,10668,22580,GVA,,,,,,,,,,,,,,,,,
Sun,Geneva Airport,Nyon,10668,23833,GVA,,,,,,,,,,,,,,,,,
Sun,Geneva Airport,Paris Charles De Gaulle Airport,10668,10626,GVA,,,,,,,,,,,,,,,,,
Sun,Geneva Airport,Peisey-Nancroix,10668,22056,GVA,,,,,,,,,,,,,,,,,
Sun,Geneva Airport,Peisey-Vallandry,10668,10744,GVA,,,,,,,,,,,,,,,,,
Sun,Geneva Airport,Rolle,10668,35770,GVA,,,,,,,,,,,,,,,,,
Sun,Geneva Airport,Saas Fee,10668,10697,GVA,,,,,,,,,,,,,,,,,
Sun,Geneva Airport,Saint-Cergues,10668,29065,GVA,,,,,,,,,,,,,,,,,
Sun,Geneva Airport,Saint-Genis-Pouilly,10668,25670,GVA,,,,,,,,,,,,,,,,,
Sun,Geneva Airport,Samoens,10668,10750,GVA,,,,,,,,,,,,,,,,,
Sun,Geneva Airport,Sévrier,10668,30466,GVA,,,,,,,,,,,,,,,,,
Sun,Geneva Airport,Sion,10668,23834,GVA,,,,,,,,,,,,,,,,,
Sun,Geneva Airport,Tasch,10668,10696,GVA,,,,,,,,,,,,,,,,,
Sun,Geneva Airport,Thonon-Les-Bains,10668,31616,GVA,,,,,,,,,,,,,,,,,
Sun,Geneva Airport,Tignes,10668,10661,GVA,,,,,,,,,,,,,,,,,
Sun,Geneva Airport,Val Thorens,10668,10664,GVA,,,,,,,,,,,,,,,,,
Sun,Geneva Airport,Vallorcine,10668,10732,GVA,,,,,,,,,,,,,,,,,
Sun,Geneva Airport,Valmorel,10668,10733,GVA,,,,,,,,,,,,,,,,,
Sun,Geneva Airport,Valtournenche,10668,21993,GVA,,,,,,,,,,,,,,,,,
Sun,Geneva Airport,Verbier,10668,20693,GVA,,,,,,,,,,,,,,,,,
Sun,Geneva Airport,Vevey,10668,23835,GVA,,,,,,,,,,,,,,,,,
Sun,Genoa Airport,Alassio,25805,23297,GOA,,,,,,,,,,,,,,,,,
Sun,Genoa Airport,Cannes,25805,10821,GOA,,,,,,,,,,,,,,,,,
Sun,Genoa Airport,Cinque Terre,25805,25570,GOA,,,,,,,,,,,,,,,,,
Sun,Genoa Airport,Finale Ligure,25805,25449,GOA,,,,,,,,,,,,,,,,,
Sun,Genoa Airport,Genoa,25805,21980,GOA,,,,,,,,,,,,,,,,,
Sun,Genoa Airport,Genoa Cruise Port,25805,25582,GOA,,,,,,,,,,,,,,,,,
Sun,Genoa Airport,La Spezia,25805,25585,GOA,,,,,,,,,,,,,,,,,
Sun,Genoa Airport,Levanto,25805,25587,GOA,,,,,,,,,,,,,,,,,
Sun,Genoa Airport,Milan Linate Airport,25805,21751,GOA,,,,,,,,,,,,,,,,,
Sun,Genoa Airport,Milan Malpensa Airport,25805,21752,GOA,,,,,,,,,,,,,,,,,
Sun,Genoa Airport,Moneglia,25805,25599,GOA,,,,,,,,,,,,,,,,,
Sun,Genoa Airport,Monterosso Al Mare,25805,25607,GOA,,,,,,,,,,,,,,,,,
Sun,Genoa Airport,Nervi,25805,33987,GOA,,,,,,,,,,,,,,,,,
Sun,Genoa Airport,Pietra Ligure,25805,27575,GOA,,,,,,,,,,,,,,,,,
Sun,Genoa Airport,Portofino,25805,25620,GOA,,,,,,,,,,,,,,,,,
Sun,Genoa Airport,Rapallo,25805,25625,GOA,,,,,,,,,,,,,,,,,
Sun,Genoa Airport,Sanremo,25805,10843,GOA,,,,,,,,,,,,,,,,,
Sun,Genoa Airport,Santa Margherita Ligure,25805,25640,GOA,,,,,,,,,,,,,,,,,
Sun,Genoa Airport,Savona,25805,25723,GOA,,,,,,,,,,,,,,,,,
Sun,Genoa Airport,Savona Cruise Port,25805,25537,GOA,,,,,,,,,,,,,,,,,
Sun,Genoa Airport,Sestri Levante,25805,25538,GOA,,,,,,,,,,,,,,,,,
Sun,Genoa Airport,Zoagli,25805,31748,GOA,,,,,,,,,,,,,,,,,
Sun,Gibraltar Airport (GIB),Algeciras,27373,10245,GIB,,,,,,,,,,,,,,,,,
Sun,Gibraltar Airport (GIB),Benahavís,27373,10289,GIB,,,,,,,,,,,,,,,,,
Sun,Gibraltar Airport (GIB),Benalmádena,27373,10290,GIB,,,,,,,,,,,,,,,,,
Sun,Gibraltar Airport (GIB),Benalup - Casas Viejas,27373,24109,GIB,,,,,,,,,,,,,,,,,
Sun,Gibraltar Airport (GIB),Cádiz,27373,10200,GIB,,,,,,,,,,,,,,,,,
Sun,Gibraltar Airport (GIB),Casares,27373,10602,GIB,,,,,,,,,,,,,,,,,
Sun,Gibraltar Airport (GIB),Conil De La Frontera,27373,10250,GIB,,,,,,,,,,,,,,,,,
Sun,Gibraltar Airport (GIB),Estepona,27373,10204,GIB,,,,,,,,,,,,,,,,,
Sun,Gibraltar Airport (GIB),Gaucin,27373,23234,GIB,,,,,,,,,,,,,,,,,
Sun,Gibraltar Airport (GIB),Gibraltar Frontier - La Línea De La Concepción,27373,10255,GIB,,,,,,,,,,,,,,,,,
Sun,Gibraltar Airport (GIB),Malaga Airport,27373,10577,GIB,,,,,,,,,,,,,,,,,
Sun,Gibraltar Airport (GIB),Manilva,27373,10311,GIB,,,,,,,,,,,,,,,,,
Sun,Gibraltar Airport (GIB),Mijas,27373,10313,GIB,,,,,,,,,,,,,,,,,
Sun,Gibraltar Airport (GIB),Montecastillo Resort,27373,23379,GIB,,,,,,,,,,,,,,,,,
Sun,Gibraltar Airport (GIB),Montenegral,27373,43359,GIB,,,,,,,,,,,,,,,,,
Sun,Gibraltar Airport (GIB),Puerto Banús,27373,10317,GIB,,,,,,,,,,,,,,,,,
Sun,Gibraltar Airport (GIB),Puerto De La Duquesa,27373,10318,GIB,,,,,,,,,,,,,,,,,
Sun,Gibraltar Airport (GIB),Ronda,27373,10266,GIB,,,,,,,,,,,,,,,,,
Sun,Gibraltar Airport (GIB),San Pedro De Alcántara,27373,10597,GIB,,,,,,,,,,,,,,,,,
Sun,Gibraltar Airport (GIB),Sotogrande,27373,10270,GIB,,,,,,,,,,,,,,,,,
Sun,Gibraltar Airport (GIB),Tarifa,27373,10271,GIB,,,,,,,,,,,,,,,,,
Sun,Gibraltar Airport (GIB),Torremolinos,27373,10330,GIB,,,,,,,,,,,,,,,,,
Sun,Gibraltar Airport (GIB),Valderrama Golf Club,27373,27415,GIB,,,,,,,,,,,,,,,,,
Sun,Gibraltar Airport (GIB),Vejer De La Frontera,27373,10272,GIB,,,,,,,,,,,,,,,,,
Sun,Gibraltar Airport (GIB),Zahara De Los Atunes,27373,10273,GIB,,,,,,,,,,,,,,,,,
Sun,Girona Airport,Barcelona Airport,10100,10571,GRO,,,,,,,,,,,,,,,,,
Sun,Girona Airport,Barcelona Cruise Port (Moll De Barcelona),10100,40290,GRO,,,,,,,,,,,,,,,,,
Sun,Girona Airport,Barcelona Sants Train Station,10100,40292,GRO,,,,,,,,,,,,,,,,,
Sun,Girona Airport,Begur,10100,10078,GRO,,,,,,,,,,,,,,,,,
Sun,Girona Airport,Blanes,10100,10080,GRO,,,,,,,,,,,,,,,,,
Sun,Girona Airport,Cadaqués,10100,10082,GRO,,,,,,,,,,,,,,,,,
Sun,Girona Airport,Cala Montgó,10100,27362,GRO,,,,,,,,,,,,,,,,,
Sun,Girona Airport,Calella De Palafrugell,10100,10086,GRO,,,,,,,,,,,,,,,,,
Sun,Girona Airport,Calonge,10100,10087,GRO,,,,,,,,,,,,,,,,,
Sun,Girona Airport,Camping Cala Gogo (Calonge),10100,23199,GRO,,,,,,,,,,,,,,,,,
Sun,Girona Airport,Camping Castell Montgrí,10100,28694,GRO,,,,,,,,,,,,,,,,,
Sun,Girona Airport,Camping Club La Sirene,10100,23178,GRO,,,,,,,,,,,,,,,,,
Sun,Girona Airport,Camping Cypsela,10100,28695,GRO,,,,,,,,,,,,,,,,,
Sun,Girona Airport,Camping El Delfín Verde,10100,24957,GRO,,,,,,,,,,,,,,,,,
Sun,Girona Airport,Camping Internacional De Calonge,10100,28692,GRO,,,,,,,,,,,,,,,,,
Sun,Girona Airport,Camping L'hippocampe,10100,23182,GRO,,,,,,,,,,,,,,,,,
Sun,Girona Airport,Camping La Ballena Alegre,10100,32560,GRO,,,,,,,,,,,,,,,,,
Sun,Girona Airport,Camping Las Dunas,10100,32885,GRO,,,,,,,,,,,,,,,,,
Sun,Girona Airport,Camping Tucan,10100,28698,GRO,,,,,,,,,,,,,,,,,
Sun,Girona Airport,Canet De Mar,10100,20848,GRO,,,,,,,,,,,,,,,,,
Sun,Girona Airport,Cardona,10100,20852,GRO,,,,,,,,,,,,,,,,,
Sun,Girona Airport,Castelldefels,10100,10090,GRO,,,,,,,,,,,,,,,,,
Sun,Girona Airport,El Prat De Llobregat,10100,20867,GRO,,,,,,,,,,,,,,,,,
Sun,Girona Airport,Empuriabrava,10100,10095,GRO,,,,,,,,,,,,,,,,,
Sun,Girona Airport,Figueres,10100,10098,GRO,,,,,,,,,,,,,,,,,
Sun,Girona Airport,Girona,10100,10076,GRO,,,,,,,,,,,,,,,,,
Sun,Girona Airport,Girona Airport,10100,10100,GRO,,,,,,,,,,,,,,,,,
Sun,Girona Airport,Llança,10100,21345,GRO,,,,,,,,,,,,,,,,,
Sun,Girona Airport,Malgrat De Mar,10100,10110,GRO,,,,,,,,,,,,,,,,,
Sun,Girona Airport,Mataró,10100,20909,GRO,,,,,,,,,,,,,,,,,
Sun,Girona Airport,Palafrugell,10100,20927,GRO,,,,,,,,,,,,,,,,,
Sun,Girona Airport,Palamos,10100,10116,GRO,,,,,,,,,,,,,,,,,
Sun,Girona Airport,Pals,10100,10118,GRO,,,,,,,,,,,,,,,,,
Sun,Girona Airport,Perpignan,10100,21681,GRO,,,,,,,,,,,,,,,,,
Sun,Girona Airport,Pineda De Mar,10100,10122,GRO,,,,,,,,,,,,,,,,,
Sun,Girona Airport,Platja De Pals,10100,10125,GRO,,,,,,,,,,,,,,,,,
Sun,Girona Airport,Roses,10100,10128,GRO,,,,,,,,,,,,,,,,,
Sun,Girona Airport,Salou,10100,10130,GRO,,,,,,,,,,,,,,,,,
Sun,Girona Airport,Salt,10100,32506,GRO,,,,,,,,,,,,,,,,,
Sun,Girona Airport,Sant Antoni De Calonge,10100,21348,GRO,,,,,,,,,,,,,,,,,
Sun,Girona Airport,Sant Feliu De Guixols,10100,10184,GRO,,,,,,,,,,,,,,,,,
Sun,Girona Airport,Sant Pere Pescador,10100,10135,GRO,,,,,,,,,,,,,,,,,
Sun,Girona Airport,Santa Susanna,10100,10140,GRO,,,,,,,,,,,,,,,,,
Sun,Girona Airport,Sitges,10100,10141,GRO,,,,,,,,,,,,,,,,,
Sun,Girona Airport,Tamariu,10100,10143,GRO,,,,,,,,,,,,,,,,,
Sun,Girona Airport,Torroella De Montgrí,10100,10146,GRO,,,,,,,,,,,,,,,,,
Sun,Girona Airport,Tossa De Mar,10100,10147,GRO,,,,,,,,,,,,,,,,,
Sun,Glasgow Airport,Aberdeen,27951,27958,GLA,,,,,,,,,,,,,,,,,
Sun,Glasgow Airport,Anniesland,27951,29486,GLA,,,,,,,,,,,,,,,,,
Sun,Glasgow Airport,Ayr,27951,27989,GLA,,,,,,,,,,,,,,,,,
Sun,Glasgow Airport,Balloch,27951,28960,GLA,,,,,,,,,,,,,,,,,
Sun,Glasgow Airport,Brechin,27951,29352,GLA,,,,,,,,,,,,,,,,,
Sun,Glasgow Airport,Craig Tara Caravan Holiday Park,27951,28861,GLA,,,,,,,,,,,,,,,,,
Sun,Glasgow Airport,Cumbernauld,27951,29391,GLA,,,,,,,,,,,,,,,,,
Sun,Glasgow Airport,Dumbarton,27951,29408,GLA,,,,,,,,,,,,,,,,,
Sun,Glasgow Airport,East Kilbride,27951,29420,GLA,,,,,,,,,,,,,,,,,
Sun,Glasgow Airport,Edinburgh,27951,27954,GLA,,,,,,,,,,,,,,,,,
Sun,Glasgow Airport,Glasgow Prestwick Airport,27951,27987,GLA,,,,,,,,,,,,,,,,,
Sun,Glasgow Airport,Grangemouth,27951,29539,GLA,,,,,,,,,,,,,,,,,
Sun,Glasgow Airport,Helensburgh,27951,29471,GLA,,,,,,,,,,,,,,,,,
Sun,Glasgow Airport,Kennacraig Ferry Terminal,27951,33055,GLA,,,,,,,,,,,,,,,,,
Sun,Glasgow Airport,Kirkcaldy,27951,29579,GLA,,,,,,,,,,,,,,,,,
Sun,Glasgow Airport,Largs,27951,29494,GLA,,,,,,,,,,,,,,,,,
Sun,Glasgow Airport,Loch Lomond Golf Club,27951,29502,GLA,,,,,,,,,,,,,,,,,
Sun,Glasgow Airport,Paisley,27951,27953,GLA,,,,,,,,,,,,,,,,,
Sun,Glasgow Airport,Royal Troon Golf Club,27951,29500,GLA,,,,,,,,,,,,,,,,,
Sun,Glasgow Airport,Rutherglen,27951,29483,GLA,,,,,,,,,,,,,,,,,
Sun,Glasgow Airport,Shawlands,27951,29482,GLA,,,,,,,,,,,,,,,,,
Sun,Glasgow Airport,Stirling,27951,27955,GLA,,,,,,,,,,,,,,,,,
Sun,Glasgow Airport,Troon,27951,27997,GLA,,,,,,,,,,,,,,,,,
Sun,Glasgow Prestwick Airport,Ayr,27987,27989,PIK,,,,,,,,,,,,,,,,,
Sun,Glasgow Prestwick Airport,Cumnock,27987,29392,PIK,,,,,,,,,,,,,,,,,
Sun,Glasgow Prestwick Airport,Edinburgh,27987,27954,PIK,,,,,,,,,,,,,,,,,
Sun,Glasgow Prestwick Airport,Kilmarnock,27987,27956,PIK,,,,,,,,,,,,,,,,,
Sun,Glasgow Prestwick Airport,Paisley,27987,27953,PIK,,,,,,,,,,,,,,,,,
Sun,Goa Airport,Agonda,27758,35715,GOI,,,,,,,,,,,,,,,,,
Sun,Goa Airport,Alto Porvorim,27758,33148,GOI,,,,,,,,,,,,,,,,,
Sun,Goa Airport,Anjuna,27758,27787,GOI,,,,,,,,,,,,,,,,,
Sun,Goa Airport,Arambol,27758,35445,GOI,,,,,,,,,,,,,,,,,
Sun,Goa Airport,Arossim,27758,27782,GOI,,,,,,,,,,,,,,,,,
Sun,Goa Airport,Arpora,27758,30023,GOI,,,,,,,,,,,,,,,,,
Sun,Goa Airport,Baga,27758,27783,GOI,,,,,,,,,,,,,,,,,
Sun,Goa Airport,Bambolim,27758,37721,GOI,,,,,,,,,,,,,,,,,
Sun,Goa Airport,Benaulim,27758,27784,GOI,,,,,,,,,,,,,,,,,
Sun,Goa Airport,Betalbatim,27758,30025,GOI,,,,,,,,,,,,,,,,,
Sun,Goa Airport,Bogmalo Beach,27758,30026,GOI,,,,,,,,,,,,,,,,,
Sun,Goa Airport,Canacona,27758,27786,GOI,,,,,,,,,,,,,,,,,
Sun,Goa Airport,Candolim,27758,30027,GOI,,,,,,,,,,,,,,,,,
Sun,Goa Airport,Cansaulim,27758,30028,GOI,,,,,,,,,,,,,,,,,
Sun,Goa Airport,Cavelossim,27758,30029,GOI,,,,,,,,,,,,,,,,,
Sun,Goa Airport,Colvá,27758,27785,GOI,,,,,,,,,,,,,,,,,
Sun,Goa Airport,Divar Island,27758,30030,GOI,,,,,,,,,,,,,,,,,
Sun,Goa Airport,Dona Paula,27758,30031,GOI,,,,,,,,,,,,,,,,,
Sun,Goa Airport,Hubli,27758,36394,GOI,,,,,,,,,,,,,,,,,
Sun,Goa Airport,Majorda (Goa),27758,30032,GOI,,,,,,,,,,,,,,,,,
Sun,Goa Airport,Miramar (Goa),27758,27938,GOI,,,,,,,,,,,,,,,,,
Sun,Goa Airport,Mobor Beach,27758,30033,GOI,,,,,,,,,,,,,,,,,
Sun,Goa Airport,Morjim,27758,36581,GOI,,,,,,,,,,,,,,,,,
Sun,Goa Airport,North Goa,27758,27759,GOI,,,,,,,,,,,,,,,,,
Sun,Goa Airport,Panjim,27758,30034,GOI,,,,,,,,,,,,,,,,,
Sun,Goa Airport,South Goa,27758,27760,GOI,,,,,,,,,,,,,,,,,
Sun,Goa Airport,Utorda Beach,27758,30035,GOI,,,,,,,,,,,,,,,,,
Sun,Goa Airport,Varca Beach,27758,30036,GOI,,,,,,,,,,,,,,,,,
Sun,Gothenburg Landvetter Airport,Boras,25287,32014,GOT,,,,,,,,,,,,,,,,,
Sun,Gothenburg Landvetter Airport,Halmstad,25287,30589,GOT,,,,,,,,,,,,,,,,,
Sun,Gothenburg Landvetter Airport,Varberg,25287,34827,GOT,,,,,,,,,,,,,,,,,
Sun,Gran Canaria Airport,Agaete,22341,22342,LPA,,,,,,,,,,,,,,,,,
Sun,Gran Canaria Airport,Amadores,22341,22354,LPA,,,,,,,,,,,,,,,,,
Sun,Gran Canaria Airport,Anfí Del Mar,22341,27053,LPA,,,,,,,,,,,,,,,,,
Sun,Gran Canaria Airport,Arguineguín,22341,22343,LPA,,,,,,,,,,,,,,,,,
Sun,Gran Canaria Airport,Bahía Feliz,22341,22344,LPA,,,,,,,,,,,,,,,,,
Sun,Gran Canaria Airport,Campo De Golf Maspalomas,22341,22346,LPA,,,,,,,,,,,,,,,,,
Sun,Gran Canaria Airport,Costa Meloneras,22341,22350,LPA,,,,,,,,,,,,,,,,,
Sun,Gran Canaria Airport,Gáldar,22341,36416,LPA,,,,,,,,,,,,,,,,,
Sun,Gran Canaria Airport,Mogan,22341,22352,LPA,,,,,,,,,,,,,,,,,
Sun,Gran Canaria Airport,Monte León,22341,28857,LPA,,,,,,,,,,,,,,,,,
Sun,Gran Canaria Airport,Patalavaca,22341,22353,LPA,,,,,,,,,,,,,,,,,
Sun,Gran Canaria Airport,Playa Del Aguila,22341,22355,LPA,,,,,,,,,,,,,,,,,
Sun,Gran Canaria Airport,Puerto Rico,22341,22358,LPA,,,,,,,,,,,,,,,,,
Sun,Gran Canaria Airport,San Agustín,22341,22360,LPA,,,,,,,,,,,,,,,,,
Sun,Gran Canaria Airport,San Bartolome De Tirajana,22341,35784,LPA,,,,,,,,,,,,,,,,,
Sun,Gran Canaria Airport,Sonneland,22341,22361,LPA,,,,,,,,,,,,,,,,,
Sun,Gran Canaria Airport,Taurito,22341,22363,LPA,,,,,,,,,,,,,,,,,
Sun,Gran Canaria Airport,Tauro,22341,22362,LPA,,,,,,,,,,,,,,,,,
Sun,Gran Canaria Airport,Tejeda,22341,23388,LPA,,,,,,,,,,,,,,,,,
Sun,Gran Canaria Airport,Vecindario,22341,31722,LPA,,,,,,,,,,,,,,,,,
Sun,Granada Airport,Almunecar,10573,10039,GRX,,,,,,,,,,,,,,,,,
Sun,Granada Airport,Benalmádena Costa,10573,10291,GRX,,,,,,,,,,,,,,,,,
Sun,Granada Airport,Castillo De Locubin,10573,36355,GRX,,,,,,,,,,,,,,,,,
Sun,Granada Airport,Guejar Sierra,10573,34020,GRX,,,,,,,,,,,,,,,,,
Sun,Granada Airport,Jaén,10573,10046,GRX,,,,,,,,,,,,,,,,,
Sun,Granada Airport,La Herradura,10573,10047,GRX,,,,,,,,,,,,,,,,,
Sun,Granada Airport,Monachil,10573,23826,GRX,,,,,,,,,,,,,,,,,
Sun,Granada Airport,Montefrio,10573,34025,GRX,,,,,,,,,,,,,,,,,
Sun,Granada Airport,Moraleda De Zafayona,10573,31484,GRX,,,,,,,,,,,,,,,,,
Sun,Granada Airport,Motril,10573,10053,GRX,,,,,,,,,,,,,,,,,
Sun,Granada Airport,Órgiva,10573,21726,GRX,,,,,,,,,,,,,,,,,
Sun,Granada Airport,Roquetas De Mar,10573,10027,GRX,,,,,,,,,,,,,,,,,
Sun,Granada Airport,Torremolinos,10573,10330,GRX,,,,,,,,,,,,,,,,,
Sun,Granada Airport,Viznar,10573,30616,GRX,,,,,,,,,,,,,,,,,
Sun,Grenoble Airport,Belle Plagne,10670,28285,GNB,,,,,,,,,,,,,,,,,
Sun,Grenoble Airport,Chamonix,10670,10637,GNB,,,,,,,,,,,,,,,,,
Sun,Grenoble Airport,Chamrousse,10670,10638,GNB,,,,,,,,,,,,,,,,,
Sun,Grenoble Airport,Courchevel,10670,10641,GNB,,,,,,,,,,,,,,,,,
Sun,Grenoble Airport,Flaine,10670,10773,GNB,,,,,,,,,,,,,,,,,
Sun,Grenoble Airport,Geneva Airport,10670,10668,GNB,,,,,,,,,,,,,,,,,
Sun,Grenoble Airport,La Plagne,10670,10647,GNB,,,,,,,,,,,,,,,,,
Sun,Grenoble Airport,La Rosiere (Montvalezan),10670,10746,GNB,,,,,,,,,,,,,,,,,
Sun,Grenoble Airport,La Tania,10670,10648,GNB,,,,,,,,,,,,,,,,,
Sun,Grenoble Airport,La Toussuire,10670,10649,GNB,,,,,,,,,,,,,,,,,
Sun,Grenoble Airport,Le Corbier,10670,10701,GNB,,,,,,,,,,,,,,,,,
Sun,Grenoble Airport,Les Allues,10670,23787,GNB,,,,,,,,,,,,,,,,,
Sun,Grenoble Airport,Les Arcs,10670,25234,GNB,,,,,,,,,,,,,,,,,
Sun,Grenoble Airport,Les Arcs (1600 / 1800),10670,23789,GNB,,,,,,,,,,,,,,,,,
Sun,Grenoble Airport,Les Arcs (1950 / 2000),10670,10652,GNB,,,,,,,,,,,,,,,,,
Sun,Grenoble Airport,Les Coches,10670,10739,GNB,,,,,,,,,,,,,,,,,
Sun,Grenoble Airport,Les Deux Alpes,10670,10653,GNB,,,,,,,,,,,,,,,,,
Sun,Grenoble Airport,Les Menuires,10670,10654,GNB,,,,,,,,,,,,,,,,,
Sun,Grenoble Airport,Les Orres,10670,23056,GNB,,,,,,,,,,,,,,,,,
Sun,Grenoble Airport,Les Sybelles,10670,22108,GNB,,,,,,,,,,,,,,,,,
Sun,Grenoble Airport,Lyon Airport,10670,10669,GNB,,,,,,,,,,,,,,,,,
Sun,Grenoble Airport,Megeve,10670,10767,GNB,,,,,,,,,,,,,,,,,
Sun,Grenoble Airport,Meribel,10670,10657,GNB,,,,,,,,,,,,,,,,,
Sun,Grenoble Airport,Montchavin,10670,10740,GNB,,,,,,,,,,,,,,,,,
Sun,Grenoble Airport,Morzine,10670,10749,GNB,,,,,,,,,,,,,,,,,
Sun,Grenoble Airport,Oz En Oisans,10670,10658,GNB,,,,,,,,,,,,,,,,,
Sun,Grenoble Airport,Risoul,10670,10725,GNB,,,,,,,,,,,,,,,,,
Sun,Grenoble Airport,Saint-Sigismond,10670,31614,GNB,,,,,,,,,,,,,,,,,
Sun,Grenoble Airport,Samoens,10670,10750,GNB,,,,,,,,,,,,,,,,,
Sun,Grenoble Airport,Serre Chevalier (La Salle-Les-Alpes),10670,10659,GNB,,,,,,,,,,,,,,,,,
Sun,Grenoble Airport,Superdévoluy,10670,10660,GNB,,,,,,,,,,,,,,,,,
Sun,Grenoble Airport,Tignes,10670,10661,GNB,,,,,,,,,,,,,,,,,
Sun,Grenoble Airport,Val Cenis,10670,10720,GNB,,,,,,,,,,,,,,,,,
Sun,Grenoble Airport,Val Thorens,10670,10664,GNB,,,,,,,,,,,,,,,,,
Sun,Grenoble Airport,Valfrejus,10670,10706,GNB,,,,,,,,,,,,,,,,,
Sun,Grenoble Airport,Valloire,10670,10702,GNB,,,,,,,,,,,,,,,,,
Sun,Grenoble Airport,Valmorel,10670,10733,GNB,,,,,,,,,,,,,,,,,
Sun,Grenoble Airport,Vaujany,10670,10665,GNB,,,,,,,,,,,,,,,,,
Sun,Grenoble Airport,Voreppe,10670,30619,GNB,,,,,,,,,,,,,,,,,
Sun,Guadalajara Airport,Irapuato,26494,32363,GDL,,,,,,,,,,,,,,,,,
Sun,Guadalajara Airport,Puerta De Hierro,26494,38566,GDL,,,,,,,,,,,,,,,,,
Sun,Guadalajara Airport,San Julian,26494,34163,GDL,,,,,,,,,,,,,,,,,
Sun,Guadalajara Airport,Tlaquepaque,26494,26565,GDL,,,,,,,,,,,,,,,,,
Sun,Guangzhou Baiyun Airport,Shenzhen City Centre,29570,34729,CAN,,,,,,,,,,,,,,,,,
Sun,Hamburg Airport,Bad Bramstedt,24024,26467,HAM,,,,,,,,,,,,,,,,,
Sun,Hamburg Airport,Bispingen,24024,27697,HAM,,,,,,,,,,,,,,,,,
Sun,Hamburg Airport,Blankenese,24024,31353,HAM,,,,,,,,,,,,,,,,,
Sun,Hamburg Airport,Bremerhaven,24024,22772,HAM,,,,,,,,,,,,,,,,,
Sun,Hamburg Airport,Buxtehude,24024,32328,HAM,,,,,,,,,,,,,,,,,
Sun,Hamburg Airport,Cuxhaven,24024,22773,HAM,,,,,,,,,,,,,,,,,
Sun,Hamburg Airport,Dagebüll,24024,34631,HAM,,,,,,,,,,,,,,,,,
Sun,Hamburg Airport,Flensburg,24024,22776,HAM,,,,,,,,,,,,,,,,,
Sun,Hamburg Airport,Hamburg Havencity Cruise Terminal,24024,34942,HAM,,,,,,,,,,,,,,,,,
Sun,Hamburg Airport,Hamburg Kronprinzkai Cruise Terminal,24024,34991,HAM,,,,,,,,,,,,,,,,,
Sun,Hamburg Airport,Henstedt-Ulzburg,24024,34610,HAM,,,,,,,,,,,,,,,,,
Sun,Hamburg Airport,Itzehoe,24024,36542,HAM,,,,,,,,,,,,,,,,,
Sun,Hamburg Airport,Kiel Norwegenkai Cruise Terminal,24024,38604,HAM,,,,,,,,,,,,,,,,,
Sun,Hamburg Airport,Kiel Ostuferhafen Cruise Terminal,24024,38605,HAM,,,,,,,,,,,,,,,,,
Sun,Hamburg Airport,Lübeck,24024,22782,HAM,,,,,,,,,,,,,,,,,
Sun,Hamburg Airport,Lüneburg,24024,22783,HAM,,,,,,,,,,,,,,,,,
Sun,Hamburg Airport,Oldenburg,24024,22784,HAM,,,,,,,,,,,,,,,,,
Sun,Hamburg Airport,Plön,24024,38414,HAM,,,,,,,,,,,,,,,,,
Sun,Hamburg Airport,Quickborn,24024,32062,HAM,,,,,,,,,,,,,,,,,
Sun,Hamburg Airport,Sassnitz,24024,34646,HAM,,,,,,,,,,,,,,,,,
Sun,Hamburg Airport,Sønderborg,24024,31919,HAM,,,,,,,,,,,,,,,,,
Sun,Hamburg Airport,Stade,24024,22788,HAM,,,,,,,,,,,,,,,,,
Sun,Hamburg Airport,Travemünde,24024,35019,HAM,,,,,,,,,,,,,,,,,
Sun,Hamburg Airport,Wacken,24024,35586,HAM,,,,,,,,,,,,,,,,,
Sun,Hamburg Airport,Wedel,24024,34249,HAM,,,,,,,,,,,,,,,,,
Sun,Hamburg Lubeck Airport (LBC),Bispingen,23879,27697,LBC,,,,,,,,,,,,,,,,,
Sun,Hamburg Lubeck Airport (LBC),Cuxhaven,23879,22773,LBC,,,,,,,,,,,,,,,,,
Sun,Hamburg Lubeck Airport (LBC),Flensburg,23879,22776,LBC,,,,,,,,,,,,,,,,,
Sun,Hamburg Lubeck Airport (LBC),Hamburg Havencity Cruise Terminal,23879,34942,LBC,,,,,,,,,,,,,,,,,
Sun,Hamburg Lubeck Airport (LBC),Hamburg Kronprinzkai Cruise Terminal,23879,34991,LBC,,,,,,,,,,,,,,,,,
Sun,Hamburg Lubeck Airport (LBC),Itzehoe,23879,36542,LBC,,,,,,,,,,,,,,,,,
Sun,Hamburg Lubeck Airport (LBC),Lübeck,23879,22782,LBC,,,,,,,,,,,,,,,,,
Sun,Hamburg Lubeck Airport (LBC),Lüneburg,23879,22783,LBC,,,,,,,,,,,,,,,,,
Sun,Hamburg Lubeck Airport (LBC),Stade,23879,22788,LBC,,,,,,,,,,,,,,,,,
Sun,Hamburg Lubeck Airport (LBC),Travemünde,23879,35019,LBC,,,,,,,,,,,,,,,,,
Sun,Hannover Airport,Bad Salzuflen,24025,22838,HAJ,,,,,,,,,,,,,,,,,
Sun,Hannover Airport,Bielefeld,24025,22839,HAJ,,,,,,,,,,,,,,,,,
Sun,Hannover Airport,Detmold,24025,32732,HAJ,,,,,,,,,,,,,,,,,
Sun,Hannover Airport,Duderstadt,24025,34796,HAJ,,,,,,,,,,,,,,,,,
Sun,Hannover Airport,Goslar,24025,36649,HAJ,,,,,,,,,,,,,,,,,
Sun,Hannover Airport,Göttingen,24025,22851,HAJ,,,,,,,,,,,,,,,,,
Sun,Hannover Airport,Hameln,24025,22854,HAJ,,,,,,,,,,,,,,,,,
Sun,Hannover Airport,Herford,24025,22857,HAJ,,,,,,,,,,,,,,,,,
Sun,Hannover Airport,Langenhagen,24025,34261,HAJ,,,,,,,,,,,,,,,,,
Sun,Hannover Airport,Lemgo,24025,32389,HAJ,,,,,,,,,,,,,,,,,
Sun,Hannover Airport,Paderborn,24025,22871,HAJ,,,,,,,,,,,,,,,,,
Sun,Hannover Airport,Sehnde,24025,33902,HAJ,,,,,,,,,,,,,,,,,
Sun,Hannover Airport,Stadthagen,24025,38118,HAJ,,,,,,,,,,,,,,,,,
Sun,Hannover Airport,Wernigerode,24025,34268,HAJ,,,,,,,,,,,,,,,,,
Sun,Hanoi Airport,Ha Long Bay,31000,31446,HAN,,,,,,,,,,,,,,,,,
Sun,Hanoi Airport,Sa Pa,31000,35828,HAN,,,,,,,,,,,,,,,,,
Sun,Havana Airport,Cayo Guillermo,29564,29867,HAV,,,,,,,,,,,,,,,,,
Sun,Havana Airport,Holguin,29564,36400,HAV,,,,,,,,,,,,,,,,,
Sun,Havana Airport,Playa Jibacoa,29564,32184,HAV,,,,,,,,,,,,,,,,,
Sun,Havana Airport,Sagua La Grande,29564,31590,HAV,,,,,,,,,,,,,,,,,
Sun,Havana Airport,Santa Clara (Cuba),29564,29864,HAV,,,,,,,,,,,,,,,,,
Sun,Havana Airport,Trinidad (Cuba),29564,29865,HAV,,,,,,,,,,,,,,,,,
Sun,Havana Cruise Port,Varadero Airport,41617,29563,NULL,,,,,,,,,,,,,,,,,
Sun,Helsinki Airport,Backas,26154,36660,HEL,,,,,,,,,,,,,,,,,
Sun,Helsinki Airport,Forssa,26154,33264,HEL,,,,,,,,,,,,,,,,,
Sun,Helsinki Airport,Joenniemi,26154,37848,HEL,,,,,,,,,,,,,,,,,
Sun,Helsinki Airport,Jyväskylä,26154,33117,HEL,,,,,,,,,,,,,,,,,
Sun,Helsinki Airport,Lappeenranta,26154,27946,HEL,,,,,,,,,,,,,,,,,
Sun,Helsinki Airport,Lohja,26154,32356,HEL,,,,,,,,,,,,,,,,,
Sun,Helsinki Airport,Majvik,26154,36528,HEL,,,,,,,,,,,,,,,,,
Sun,Helsinki Airport,Nastola,26154,33799,HEL,,,,,,,,,,,,,,,,,
Sun,Helsinki Airport,Savonlinna,26154,33928,HEL,,,,,,,,,,,,,,,,,
Sun,Hercílio Luz International Airport,Viracopos Airport,44436,32001,FLN,,,,,,,,,,,,,,,,,
Sun,Holguín Airport,Havana Airport,29566,29564,HOG,,,,,,,,,,,,,,,,,
Sun,Holguín Airport,Holguin,29566,36400,HOG,,,,,,,,,,,,,,,,,
Sun,Holguín Airport,Playa Ancon,29566,29866,HOG,,,,,,,,,,,,,,,,,
Sun,Holguín Airport,Playa Esmeralda,29566,26749,HOG,,,,,,,,,,,,,,,,,
Sun,Holguín Airport,Varadero Airport,29566,29563,HOG,,,,,,,,,,,,,,,,,
Sun,Hong Kong Airport,Clear Water Bay,31766,33423,HKG,,,,,,,,,,,,,,,,,
Sun,Hong Kong Airport,Disneyland Resort (Hong Kong),31766,31847,HKG,,,,,,,,,,,,,,,,,
Sun,Hong Kong Airport,Mong Kok (Yau Tsim Mong District),31766,32349,HKG,,,,,,,,,,,,,,,,,
Sun,Hong Kong Airport,Shajing,31766,44296,HKG,,,,,,,,,,,,,,,,,
Sun,Hong Kong Airport,Shenzhen City Centre,31766,34729,HKG,,,,,,,,,,,,,,,,,
Sun,Horta Airport (HOR),Calheta,31358,22135,HOR,,,,,,,,,,,,,,,,,
Sun,Horta Airport (HOR),Cedros,31358,31326,HOR,,,,,,,,,,,,,,,,,
Sun,Horta Airport (HOR),Feteira,31358,31301,HOR,,,,,,,,,,,,,,,,,
Sun,Horta Airport (HOR),Madalena,31358,27233,HOR,,,,,,,,,,,,,,,,,
Sun,Horta Airport (HOR),Pedro Miguel,31358,31324,HOR,,,,,,,,,,,,,,,,,
Sun,Horta Airport (HOR),Praia Do Almoxarife,31358,31323,HOR,,,,,,,,,,,,,,,,,
Sun,Horta Airport (HOR),Praia Do Norte,31358,31327,HOR,,,,,,,,,,,,,,,,,
Sun,Horta Airport (HOR),Ribeirinha,31358,31302,HOR,,,,,,,,,,,,,,,,,
Sun,Horta Airport (HOR),Salao,31358,31325,HOR,,,,,,,,,,,,,,,,,
Sun,Horta Airport (HOR),Santa Luzia,31358,22187,HOR,,,,,,,,,,,,,,,,,
Sun,Houston Intercontinental Airport (IAH),Victoria,44500,21879,IAH,,,,,,,,,,,,,,,,,
Sun,Houston William P Hobby Airport (HOU),Lafayette,45232,35704,HOU,,,,,,,,,,,,,,,,,
Sun,Houston William P Hobby Airport (HOU),Victoria,45232,21879,HOU,,,,,,,,,,,,,,,,,
Sun,Hurghada Airport,Dahab,26612,25553,HRG,,,,,,,,,,,,,,,,,
Sun,Hurghada Airport,Ismailia,26612,31432,HRG,,,,,,,,,,,,,,,,,
Sun,Hurghada Airport,Madinat Coraya (Jaz Lamaya),26612,35948,HRG,,,,,,,,,,,,,,,,,
Sun,Hurghada Airport,Qena,26612,35674,HRG,,,,,,,,,,,,,,,,,
Sun,Hurghada Airport,Sharm El Sheikh,26612,25552,HRG,,,,,,,,,,,,,,,,,
Sun,Hurghada Airport,Taba,26612,25559,HRG,,,,,,,,,,,,,,,,,
Sun,Hurghada Airport,Tanta,26612,36210,HRG,,,,,,,,,,,,,,,,,
Sun,Hyderabad Airport,Banjara Hills,27772,33936,HYD,,,,,,,,,,,,,,,,,
Sun,Hyderabad Airport,Gannavaram,27772,37425,HYD,,,,,,,,,,,,,,,,,
Sun,Hyderabad Airport,Hyderabad,27772,27773,HYD,,,,,,,,,,,,,,,,,
Sun,Hyderabad Airport,Sattenapalle,27772,34196,HYD,,,,,,,,,,,,,,,,,
Sun,Hyderabad Airport,Warangal,27772,36691,HYD,,,,,,,,,,,,,,,,,
Sun,Iasi Airport (IAS),Bucharest Baneasa Airport,38447,26153,IAS,,,,,,,,,,,,,,,,,
Sun,Iasi Airport (IAS),Chisinau,38447,38457,IAS,,,,,,,,,,,,,,,,,
Sun,Iasi Airport (IAS),Piatra Neamt,38447,38460,IAS,,,,,,,,,,,,,,,,,
Sun,Ibiza Airport,Cala Llenya,10574,10225,IBZ,,,,,,,,,,,,,,,,,
Sun,Ibiza Airport,Cala Llonga (Ibiza),10574,10226,IBZ,,,,,,,,,,,,,,,,,
Sun,Ibiza Airport,Cala Tarida,10574,10229,IBZ,,,,,,,,,,,,,,,,,
Sun,Ibiza Airport,Cala Vadella,10574,10230,IBZ,,,,,,,,,,,,,,,,,
Sun,Ibiza Airport,Cap Martinet,10574,39175,IBZ,,,,,,,,,,,,,,,,,
Sun,Ibiza Airport,Es Figueral,10574,10232,IBZ,,,,,,,,,,,,,,,,,
Sun,Ibiza Airport,Figueretas,10574,10233,IBZ,,,,,,,,,,,,,,,,,
Sun,Ibiza Airport,Formentera Del Segura,10574,20998,IBZ,,,,,,,,,,,,,,,,,
Sun,Ibiza Airport,Ibiza Cruise Port,10574,40492,IBZ,,,,,,,,,,,,,,,,,
Sun,Ibiza Airport,Platja D'en Bossa,10574,10235,IBZ,,,,,,,,,,,,,,,,,
Sun,Ibiza Airport,Portinatx,10574,10237,IBZ,,,,,,,,,,,,,,,,,
Sun,Ibiza Airport,S'argamassa,10574,10241,IBZ,,,,,,,,,,,,,,,,,
Sun,Ibiza Airport,Sant Agustí Des Vedra,10574,22366,IBZ,,,,,,,,,,,,,,,,,
Sun,Ibiza Airport,Sant Josep De Sa Talaia,10574,25023,IBZ,,,,,,,,,,,,,,,,,
Sun,Ibiza Airport,Santa Eulália,10574,22186,IBZ,,,,,,,,,,,,,,,,,
Sun,Ibiza Airport,Siesta,10574,10242,IBZ,,,,,,,,,,,,,,,,,
Sun,Ibiza Airport,Talamanca,10574,10243,IBZ,,,,,,,,,,,,,,,,,
Sun,Innsbruck Airport,Achenkirch,21800,22224,INN,,,,,,,,,,,,,,,,,
Sun,Innsbruck Airport,Alpbach,21800,22225,INN,,,,,,,,,,,,,,,,,
Sun,Innsbruck Airport,Arabba,21800,21569,INN,,,,,,,,,,,,,,,,,
Sun,Innsbruck Airport,Axams,21800,22227,INN,,,,,,,,,,,,,,,,,
Sun,Innsbruck Airport,Berwang,21800,22229,INN,,,,,,,,,,,,,,,,,
Sun,Innsbruck Airport,Bolzano,21800,21731,INN,,,,,,,,,,,,,,,,,
Sun,Innsbruck Airport,Bramberg Am Wildkogel,21800,33185,INN,,,,,,,,,,,,,,,,,
Sun,Innsbruck Airport,Brixen Im Thale,21800,22232,INN,,,,,,,,,,,,,,,,,
Sun,Innsbruck Airport,Campitello Di Fassa,21800,21735,INN,,,,,,,,,,,,,,,,,
Sun,Innsbruck Airport,Canazei,21800,21578,INN,,,,,,,,,,,,,,,,,
Sun,Innsbruck Airport,Ehrwald,21800,22234,INN,,,,,,,,,,,,,,,,,
Sun,Innsbruck Airport,Ellmau,21800,22235,INN,,,,,,,,,,,,,,,,,
Sun,Innsbruck Airport,Fieberbrunn,21800,22239,INN,,,,,,,,,,,,,,,,,
Sun,Innsbruck Airport,Fiss,21800,22241,INN,,,,,,,,,,,,,,,,,
Sun,Innsbruck Airport,Flachau,21800,22242,INN,,,,,,,,,,,,,,,,,
Sun,Innsbruck Airport,Fügen,21800,22645,INN,,,,,,,,,,,,,,,,,
Sun,Innsbruck Airport,Fulpmes,21800,22245,INN,,,,,,,,,,,,,,,,,
Sun,Innsbruck Airport,Galtür,21800,22262,INN,,,,,,,,,,,,,,,,,
Sun,Innsbruck Airport,Garmisch-Partenkirchen,21800,22660,INN,,,,,,,,,,,,,,,,,
Sun,Innsbruck Airport,Gaschurn,21800,25662,INN,,,,,,,,,,,,,,,,,
Sun,Innsbruck Airport,Gerlos,21800,22247,INN,,,,,,,,,,,,,,,,,
Sun,Innsbruck Airport,Hinterglemm,21800,22526,INN,,,,,,,,,,,,,,,,,
Sun,Innsbruck Airport,Hippach,21800,22252,INN,,,,,,,,,,,,,,,,,
Sun,Innsbruck Airport,Hochgurgl,21800,22254,INN,,,,,,,,,,,,,,,,,
Sun,Innsbruck Airport,Hochkrimml,21800,33265,INN,,,,,,,,,,,,,,,,,
Sun,Innsbruck Airport,Igls,21800,22257,INN,,,,,,,,,,,,,,,,,
Sun,Innsbruck Airport,Imst,21800,22258,INN,,,,,,,,,,,,,,,,,
Sun,Innsbruck Airport,Ischgl,21800,22260,INN,,,,,,,,,,,,,,,,,
Sun,Innsbruck Airport,Kappl,21800,22261,INN,,,,,,,,,,,,,,,,,
Sun,Innsbruck Airport,Kaprun,21800,22266,INN,,,,,,,,,,,,,,,,,
Sun,Innsbruck Airport,Kirchberg In Tirol,21800,22269,INN,,,,,,,,,,,,,,,,,
Sun,Innsbruck Airport,Kitzbuhel,21800,22271,INN,,,,,,,,,,,,,,,,,
Sun,Innsbruck Airport,Königsleiten,21800,27740,INN,,,,,,,,,,,,,,,,,
Sun,Innsbruck Airport,Krimml,21800,26722,INN,,,,,,,,,,,,,,,,,
Sun,Innsbruck Airport,Kühtai,21800,22275,INN,,,,,,,,,,,,,,,,,
Sun,Innsbruck Airport,Ladis,21800,22527,INN,,,,,,,,,,,,,,,,,
Sun,Innsbruck Airport,Längenfeld,21800,22277,INN,,,,,,,,,,,,,,,,,
Sun,Innsbruck Airport,Lech Am Arlberg,21800,22279,INN,,,,,,,,,,,,,,,,,
Sun,Innsbruck Airport,Lermoos,21800,22646,INN,,,,,,,,,,,,,,,,,
Sun,Innsbruck Airport,Leutasch,21800,26303,INN,,,,,,,,,,,,,,,,,
Sun,Innsbruck Airport,Livigno,21800,21982,INN,,,,,,,,,,,,,,,,,
Sun,Innsbruck Airport,Mathon,21800,29199,INN,,,,,,,,,,,,,,,,,
Sun,Innsbruck Airport,Mutterberg,21800,28582,INN,,,,,,,,,,,,,,,,,
Sun,Innsbruck Airport,Nauders,21800,28264,INN,,,,,,,,,,,,,,,,,
Sun,Innsbruck Airport,Neukirchen am Großvenediger,21800,24969,INN,,,,,,,,,,,,,,,,,
Sun,Innsbruck Airport,Niederau,21800,22529,INN,,,,,,,,,,,,,,,,,
Sun,Innsbruck Airport,Obergurgl,21800,22283,INN,,,,,,,,,,,,,,,,,
Sun,Innsbruck Airport,Obertauern,21800,22284,INN,,,,,,,,,,,,,,,,,
Sun,Innsbruck Airport,Ortisei,21800,21610,INN,,,,,,,,,,,,,,,,,
Sun,Innsbruck Airport,Pertisau,21800,22650,INN,,,,,,,,,,,,,,,,,
Sun,Innsbruck Airport,Pozza Di Fassa,21800,21917,INN,,,,,,,,,,,,,,,,,
Sun,Innsbruck Airport,Ramsau Im Zillertal,21800,32712,INN,,,,,,,,,,,,,,,,,
Sun,Innsbruck Airport,Saalbach,21800,22286,INN,,,,,,,,,,,,,,,,,
Sun,Innsbruck Airport,San Candido,21800,21762,INN,,,,,,,,,,,,,,,,,
Sun,Innsbruck Airport,San Cassiano,21800,21621,INN,,,,,,,,,,,,,,,,,
Sun,Innsbruck Airport,San Vigilio Di Marebbe,21800,21624,INN,,,,,,,,,,,,,,,,,
Sun,Innsbruck Airport,Santa Cristina Val Gardena,21800,21626,INN,,,,,,,,,,,,,,,,,
Sun,Innsbruck Airport,Selva,21800,34035,INN,,,,,,,,,,,,,,,,,
Sun,Innsbruck Airport,Selva Di Val Gardena,21800,21765,INN,,,,,,,,,,,,,,,,,
Sun,Innsbruck Airport,Serfaus,21800,22291,INN,,,,,,,,,,,,,,,,,
Sun,Innsbruck Airport,Sölden,21800,22292,INN,,,,,,,,,,,,,,,,,
Sun,Innsbruck Airport,Söll,21800,22293,INN,,,,,,,,,,,,,,,,,
Sun,Innsbruck Airport,Tux,21800,22656,INN,,,,,,,,,,,,,,,,,
Sun,Innsbruck Airport,Vent,21800,37738,INN,,,,,,,,,,,,,,,,,
Sun,Innsbruck Airport,Warth,21800,40089,INN,,,,,,,,,,,,,,,,,
Sun,Innsbruck Airport,Westendorf,21800,22658,INN,,,,,,,,,,,,,,,,,
Sun,Innsbruck Airport,Zell Am See,21800,22298,INN,,,,,,,,,,,,,,,,,
Sun,Innsbruck Airport,Zell Am Ziller,21800,22299,INN,,,,,,,,,,,,,,,,,
Sun,Inverness Airport (INV),Aberdeen,28072,27958,INV,,,,,,,,,,,,,,,,,
Sun,Inverness Airport (INV),Aviemore,28072,29322,INV,,,,,,,,,,,,,,,,,
Sun,Inverness Airport (INV),Dingwall,28072,29401,INV,,,,,,,,,,,,,,,,,
Sun,Inverness Airport (INV),Dornoch,28072,29404,INV,,,,,,,,,,,,,,,,,
Sun,Inverness Airport (INV),Dundee,28072,27959,INV,,,,,,,,,,,,,,,,,
Sun,Inverness Airport (INV),Edinburgh,28072,27954,INV,,,,,,,,,,,,,,,,,
Sun,Inverness Airport (INV),Forres,28072,29438,INV,,,,,,,,,,,,,,,,,
Sun,Inverness Airport (INV),Fort William,28072,29440,INV,,,,,,,,,,,,,,,,,
Sun,Inverness Airport (INV),Inverness,28072,27960,INV,,,,,,,,,,,,,,,,,
Sun,Inverness Airport (INV),Royal Dornoch Golf Club,28072,29498,INV,,,,,,,,,,,,,,,,,
Sun,Istanbul Airport (IST),Aksaray (Istanbul),43606,22606,IST,,,,,,,,,,,,,,,,,
Sun,Istanbul Airport (IST),Arnavutköy,43606,27097,IST,,,,,,,,,,,,,,,,,
Sun,Istanbul Airport (IST),Beylikdüzü,43606,29367,IST,,,,,,,,,,,,,,,,,
Sun,Istanbul Airport (IST),Binbirdirek,43606,22613,IST,,,,,,,,,,,,,,,,,
Sun,Istanbul Airport (IST),Bursa,43606,33930,IST,,,,,,,,,,,,,,,,,
Sun,Istanbul Airport (IST),Esenyurt,43606,33401,IST,,,,,,,,,,,,,,,,,
Sun,Istanbul Airport (IST),Istanbul City Centre (European Side),43606,22616,IST,,,,,,,,,,,,,,,,,
Sun,Istanbul Airport (IST),Küçükçekmece,43606,31758,IST,,,,,,,,,,,,,,,,,
Sun,Istanbul Airport (IST),Levent,43606,26318,IST,,,,,,,,,,,,,,,,,
Sun,Istanbul Airport (IST),Yalova,43606,32677,IST,,,,,,,,,,,,,,,,,
Sun,Istanbul Airport (IST),Zeytinburnu,43606,22640,IST,,,,,,,,,,,,,,,,,
Sun,Istanbul Sabiha Gokcen Airport (SAW),Binbirdirek,22642,22613,SAW,,,,,,,,,,,,,,,,,
Sun,Istanbul Sabiha Gokcen Airport (SAW),Bursa,22642,33930,SAW,,,,,,,,,,,,,,,,,
Sun,Istanbul Sabiha Gokcen Airport (SAW),Esenyurt,22642,33401,SAW,,,,,,,,,,,,,,,,,
Sun,Istanbul Sabiha Gokcen Airport (SAW),Istanbul City Centre (Asian Side),22642,22615,SAW,,,,,,,,,,,,,,,,,
Sun,Istanbul Sabiha Gokcen Airport (SAW),Istanbul City Centre (European Side),22642,22616,SAW,,,,,,,,,,,,,,,,,
Sun,Istanbul Sabiha Gokcen Airport (SAW),Küçükçekmece,22642,31758,SAW,,,,,,,,,,,,,,,,,
Sun,Izmir Airport,Akbuk,22643,22589,ADB,,,,,,,,,,,,,,,,,
Sun,Izmir Airport,Alacati,22643,27234,ADB,,,,,,,,,,,,,,,,,
Sun,Izmir Airport,Aliaga,22643,27950,ADB,,,,,,,,,,,,,,,,,
Sun,Izmir Airport,Ayvalik,22643,27421,ADB,,,,,,,,,,,,,,,,,
Sun,Izmir Airport,Bergama,22643,27333,ADB,,,,,,,,,,,,,,,,,
Sun,Izmir Airport,Candarli / Çandarli,22643,25463,ADB,,,,,,,,,,,,,,,,,
Sun,Izmir Airport,Cesme,22643,22644,ADB,,,,,,,,,,,,,,,,,
Sun,Izmir Airport,Davutlar,22643,31382,ADB,,,,,,,,,,,,,,,,,
Sun,Izmir Airport,Didim (Altinkum),22643,22588,ADB,,,,,,,,,,,,,,,,,
Sun,Izmir Airport,Dikili,22643,24996,ADB,,,,,,,,,,,,,,,,,
Sun,Izmir Airport,Guzelcamli,22643,23247,ADB,,,,,,,,,,,,,,,,,
Sun,Izmir Airport,Izmir Port,22643,30732,ADB,,,,,,,,,,,,,,,,,
Sun,Izmir Airport,Kusadasi,22643,22595,ADB,,,,,,,,,,,,,,,,,
Sun,Izmir Airport,Manisa,22643,27154,ADB,,,,,,,,,,,,,,,,,
Sun,Izmir Airport,Ozdere (Gumuldur),22643,22596,ADB,,,,,,,,,,,,,,,,,
Sun,Izmir Airport,Salihli,22643,37933,ADB,,,,,,,,,,,,,,,,,
Sun,Izmir Airport,Selcuk,22643,26324,ADB,,,,,,,,,,,,,,,,,
Sun,Izmir Airport,Soke,22643,36168,ADB,,,,,,,,,,,,,,,,,
Sun,Izmir Airport,Torbali,22643,30093,ADB,,,,,,,,,,,,,,,,,
Sun,Izmir Airport,Urla,22643,27173,ADB,,,,,,,,,,,,,,,,,
Sun,Jaipur Airport,Agra,27768,27747,JAI,,,,,,,,,,,,,,,,,
Sun,Jaipur Airport,Ajmer,27768,33248,JAI,,,,,,,,,,,,,,,,,
Sun,Jaipur Airport,Jaipur,27768,27769,JAI,,,,,,,,,,,,,,,,,
Sun,Jaipur Airport,Udaipur,27768,27779,JAI,,,,,,,,,,,,,,,,,
Sun,Jakarta International Airport,Bandung,29991,30707,CGK,,,,,,,,,,,,,,,,,
Sun,Jakarta International Airport,Bogor,29991,30705,CGK,,,,,,,,,,,,,,,,,
Sun,Jakarta International Airport,Cilegon,29991,36217,CGK,,,,,,,,,,,,,,,,,
Sun,Jakarta International Airport,Cileungsi,29991,36325,CGK,,,,,,,,,,,,,,,,,
Sun,Jakarta International Airport,Cirebon,29991,37688,CGK,,,,,,,,,,,,,,,,,
Sun,Jakarta International Airport,Kota Tangerang Selatan,29991,30710,CGK,,,,,,,,,,,,,,,,,
Sun,Jakarta International Airport,Puncak,29991,30706,CGK,,,,,,,,,,,,,,,,,
Sun,Jerez Airport,Algeciras,10575,10245,XRY,,,,,,,,,,,,,,,,,
Sun,Jerez Airport,Arcos De La Frontera,10575,10246,XRY,,,,,,,,,,,,,,,,,
Sun,Jerez Airport,Benalup - Casas Viejas,10575,24109,XRY,,,,,,,,,,,,,,,,,
Sun,Jerez Airport,Cádiz,10575,10200,XRY,,,,,,,,,,,,,,,,,
Sun,Jerez Airport,Chipiona,10575,10253,XRY,,,,,,,,,,,,,,,,,
Sun,Jerez Airport,Conil De La Frontera,10575,10250,XRY,,,,,,,,,,,,,,,,,
Sun,Jerez Airport,Gibraltar Frontier - La Línea De La Concepción,10575,10255,XRY,,,,,,,,,,,,,,,,,
Sun,Jerez Airport,Los Canos De Meca,10575,26260,XRY,,,,,,,,,,,,,,,,,
Sun,Jerez Airport,Medina-Sidonia,10575,20814,XRY,,,,,,,,,,,,,,,,,
Sun,Jerez Airport,Montecastillo Resort,10575,23379,XRY,,,,,,,,,,,,,,,,,
Sun,Jerez Airport,Montejaque,10575,23322,XRY,,,,,,,,,,,,,,,,,
Sun,Jerez Airport,Novo Sancti Petri,10575,10263,XRY,,,,,,,,,,,,,,,,,
Sun,Jerez Airport,Punta Umbria (Spain),10575,10805,XRY,,,,,,,,,,,,,,,,,
Sun,Jerez Airport,Rota,10575,10267,XRY,,,,,,,,,,,,,,,,,
Sun,Jerez Airport,Rota Naval Station,10575,32600,XRY,,,,,,,,,,,,,,,,,
Sun,Jerez Airport,San Fernando,10575,23926,XRY,,,,,,,,,,,,,,,,,
Sun,Jerez Airport,Sanlúcar De Barrameda,10575,10268,XRY,,,,,,,,,,,,,,,,,
Sun,Jerez Airport,Sotogrande,10575,10270,XRY,,,,,,,,,,,,,,,,,
Sun,Jerez Airport,Tarifa,10575,10271,XRY,,,,,,,,,,,,,,,,,
Sun,Jerez Airport,Vejer De La Frontera,10575,10272,XRY,,,,,,,,,,,,,,,,,
Sun,Jerez Airport,Zahara De Los Atunes,10575,10273,XRY,,,,,,,,,,,,,,,,,
Sun,Johannesburg Airport,Fourways,28296,34032,JNB,,,,,,,,,,,,,,,,,
Sun,Johannesburg Airport,Gaborone,28296,33303,JNB,,,,,,,,,,,,,,,,,
Sun,Johannesburg Airport,Hoedspruit,28296,35934,JNB,,,,,,,,,,,,,,,,,
Sun,Johannesburg Airport,Isando,28296,37510,JNB,,,,,,,,,,,,,,,,,
Sun,Johannesburg Airport,Kiepersol,28296,31554,JNB,,,,,,,,,,,,,,,,,
Sun,Johannesburg Airport,Lesedi African Lodge And Cultural Village,28296,29881,JNB,,,,,,,,,,,,,,,,,
Sun,Johannesburg Airport,Madikwe Game Reserve,28296,29800,JNB,,,,,,,,,,,,,,,,,
Sun,Johannesburg Airport,Mulberton,28296,35811,JNB,,,,,,,,,,,,,,,,,
Sun,Johannesburg Airport,Potchefstroom,28296,29433,JNB,,,,,,,,,,,,,,,,,
Sun,Johannesburg Airport,Pretoriuskop,28296,29677,JNB,,,,,,,,,,,,,,,,,
Sun,Johannesburg Airport,Tembe Elephant Park,28296,29749,JNB,,,,,,,,,,,,,,,,,
Sun,Kalamata Airport,Agios Andreas (Koroni),30675,34774,KLX,,,,,,,,,,,,,,,,,
Sun,Kalamata Airport,Agios Nikolaos (Kalamata),30675,33959,KLX,,,,,,,,,,,,,,,,,
Sun,Kalamata Airport,Akrogiali,30675,34778,KLX,,,,,,,,,,,,,,,,,
Sun,Kalamata Airport,Amaliada,30675,33960,KLX,,,,,,,,,,,,,,,,,
Sun,Kalamata Airport,Areopoli,30675,33961,KLX,,,,,,,,,,,,,,,,,
Sun,Kalamata Airport,Astros,30675,33963,KLX,,,,,,,,,,,,,,,,,
Sun,Kalamata Airport,Chrani,30675,33964,KLX,,,,,,,,,,,,,,,,,
Sun,Kalamata Airport,Corinth Town,30675,21541,KLX,,,,,,,,,,,,,,,,,
Sun,Kalamata Airport,Costa Navarino,30675,30687,KLX,,,,,,,,,,,,,,,,,
Sun,Kalamata Airport,Diakopto,30675,39512,KLX,,,,,,,,,,,,,,,,,
Sun,Kalamata Airport,Filiatra,30675,33968,KLX,,,,,,,,,,,,,,,,,
Sun,Kalamata Airport,Gargaliani,30675,34009,KLX,,,,,,,,,,,,,,,,,
Sun,Kalamata Airport,Gastouni,30675,34010,KLX,,,,,,,,,,,,,,,,,
Sun,Kalamata Airport,Gerolimenas,30675,35477,KLX,,,,,,,,,,,,,,,,,
Sun,Kalamata Airport,Gialova,30675,34011,KLX,,,,,,,,,,,,,,,,,
Sun,Kalamata Airport,Isthmia,30675,23377,KLX,,,,,,,,,,,,,,,,,
Sun,Kalamata Airport,Kalo Nero,30675,31439,KLX,,,,,,,,,,,,,,,,,
Sun,Kalamata Airport,Mikra Mantinia,30675,34779,KLX,,,,,,,,,,,,,,,,,
Sun,Kalamata Airport,Mystras,30675,34333,KLX,,,,,,,,,,,,,,,,,
Sun,Kalamata Airport,Nafplion,30675,21549,KLX,,,,,,,,,,,,,,,,,
Sun,Kalamata Airport,Paralia Vergas,30675,35915,KLX,,,,,,,,,,,,,,,,,
Sun,Kalamata Airport,Paralio Astros,30675,34599,KLX,,,,,,,,,,,,,,,,,
Sun,Kalamata Airport,Porto Cheli,30675,31527,KLX,,,,,,,,,,,,,,,,,
Sun,Kalamata Airport,Stoupa,30675,23771,KLX,,,,,,,,,,,,,,,,,
Sun,Kalamata Airport,Tolo,30675,21557,KLX,,,,,,,,,,,,,,,,,
Sun,Kalamata Airport,Tripoli (Kalamata),30675,23777,KLX,,,,,,,,,,,,,,,,,
Sun,Kalamata Airport,Volos Port,30675,44105,KLX,,,,,,,,,,,,,,,,,
Sun,Karlsruhe Airport,Ahlen,23880,22837,FKB,,,,,,,,,,,,,,,,,
Sun,Karlsruhe Airport,Bühl,23880,34636,FKB,,,,,,,,,,,,,,,,,
Sun,Karlsruhe Airport,Colmar,23880,22447,FKB,,,,,,,,,,,,,,,,,
Sun,Karlsruhe Airport,Ettlingen,23880,27506,FKB,,,,,,,,,,,,,,,,,
Sun,Karlsruhe Airport,Frankfurt Am Main,23880,22448,FKB,,,,,,,,,,,,,,,,,
Sun,Karlsruhe Airport,Heidelberg,23880,23441,FKB,,,,,,,,,,,,,,,,,
Sun,Karlsruhe Airport,Hockenheim,23880,31370,FKB,,,,,,,,,,,,,,,,,
Sun,Karlsruhe Airport,Karlsruhe,23880,22450,FKB,,,,,,,,,,,,,,,,,
Sun,Karlsruhe Airport,Memmingen Airport,23880,23416,FKB,,,,,,,,,,,,,,,,,
Sun,Karlsruhe Airport,Neuried,23880,29901,FKB,,,,,,,,,,,,,,,,,
Sun,Karlsruhe Airport,Obernai,23880,33530,FKB,,,,,,,,,,,,,,,,,
Sun,Karlsruhe Airport,Sinsheim,23880,29920,FKB,,,,,,,,,,,,,,,,,
Sun,Karlsruhe Airport,Strasbourg,23880,22455,FKB,,,,,,,,,,,,,,,,,
Sun,Karlsruhe Airport,Strasbourg Airport,23880,22443,FKB,,,,,,,,,,,,,,,,,
Sun,Kastoria Airport,Argos Orestiko,33559,33877,KSO,,,,,,,,,,,,,,,,,
Sun,Kastoria Airport,Grevená,33559,33879,KSO,,,,,,,,,,,,,,,,,
Sun,Kastoria Airport,Igoumenitsa Town,33559,29249,KSO,,,,,,,,,,,,,,,,,
Sun,Kastoria Airport,Kastoria,33559,29163,KSO,,,,,,,,,,,,,,,,,
Sun,Kastoria Airport,Kozani,33559,33815,KSO,,,,,,,,,,,,,,,,,
Sun,Kastoria Airport,Metsovo,33559,33880,KSO,,,,,,,,,,,,,,,,,
Sun,Kastoria Airport,Preveza,33559,23762,KSO,,,,,,,,,,,,,,,,,
Sun,Kastoria Airport,Ptolemaida,33559,29900,KSO,,,,,,,,,,,,,,,,,
Sun,Katowice Airport (KTW),Bialka Tatrza?ska,23890,29282,KTW,,,,,,,,,,,,,,,,,
Sun,Katowice Airport (KTW),Cieszyn,23890,25400,KTW,,,,,,,,,,,,,,,,,
Sun,Katowice Airport (KTW),Czestochowa,23890,25401,KTW,,,,,,,,,,,,,,,,,
Sun,Katowice Airport (KTW),Dabrowa Gornicza,23890,25402,KTW,,,,,,,,,,,,,,,,,
Sun,Katowice Airport (KTW),Gliwice,23890,25403,KTW,,,,,,,,,,,,,,,,,
Sun,Katowice Airport (KTW),Jaworzno,23890,33731,KTW,,,,,,,,,,,,,,,,,
Sun,Katowice Airport (KTW),Karvina,23890,31571,KTW,,,,,,,,,,,,,,,,,
Sun,Katowice Airport (KTW),Katowice,23890,25398,KTW,,,,,,,,,,,,,,,,,
Sun,Katowice Airport (KTW),Krakow,23890,25396,KTW,,,,,,,,,,,,,,,,,
Sun,Katowice Airport (KTW),Opole,23890,25407,KTW,,,,,,,,,,,,,,,,,
Sun,Katowice Airport (KTW),Ostrava,23890,21874,KTW,,,,,,,,,,,,,,,,,
Sun,Katowice Airport (KTW),Oswiecim,23890,25408,KTW,,,,,,,,,,,,,,,,,
Sun,Katowice Airport (KTW),Ruda Slaska,23890,25409,KTW,,,,,,,,,,,,,,,,,
Sun,Katowice Airport (KTW),Szczyrk,23890,33083,KTW,,,,,,,,,,,,,,,,,
Sun,Katowice Airport (KTW),Tychy,23890,34438,KTW,,,,,,,,,,,,,,,,,
Sun,Katowice Airport (KTW),Wroclaw City Centre,23890,26706,KTW,,,,,,,,,,,,,,,,,
Sun,Katowice Airport (KTW),Zakopane,23890,25397,KTW,,,,,,,,,,,,,,,,,
Sun,Kaunas Airport,Daugavpils,26389,34411,KUN,,,,,,,,,,,,,,,,,
Sun,Kaunas Airport,Druskininkai,26389,26288,KUN,,,,,,,,,,,,,,,,,
Sun,Kaunas Airport,Jekabpils,26389,36622,KUN,,,,,,,,,,,,,,,,,
Sun,Kaunas Airport,Kacergine,26389,27447,KUN,,,,,,,,,,,,,,,,,
Sun,Kaunas Airport,Kaunas,26389,26292,KUN,,,,,,,,,,,,,,,,,
Sun,Kaunas Airport,Klaipeda,26389,26277,KUN,,,,,,,,,,,,,,,,,
Sun,Kaunas Airport,Marijampole,26389,26293,KUN,,,,,,,,,,,,,,,,,
Sun,Kaunas Airport,Palanga,26389,26296,KUN,,,,,,,,,,,,,,,,,
Sun,Kaunas Airport,Radviliškis,26389,26297,KUN,,,,,,,,,,,,,,,,,
Sun,Kaunas Airport,Siauliai,26389,26298,KUN,,,,,,,,,,,,,,,,,
Sun,Kaunas Airport,Suwalki,26389,27283,KUN,,,,,,,,,,,,,,,,,
Sun,Kaunas Airport,Trakai,26389,26299,KUN,,,,,,,,,,,,,,,,,
Sun,Kaunas Airport,Ukmerge,26389,26300,KUN,,,,,,,,,,,,,,,,,
Sun,Kaunas Airport,Varena,26389,26301,KUN,,,,,,,,,,,,,,,,,
Sun,Kavala Airport,Amfipoli,33541,33851,KVA,,,,,,,,,,,,,,,,,
Sun,Kavala Airport,Chrisoupoli,33541,33816,KVA,,,,,,,,,,,,,,,,,
Sun,Kavala Airport,Kavala,33541,25369,KVA,,,,,,,,,,,,,,,,,
Sun,Kayseri Airport,Alanya,33246,10859,ASR,,,,,,,,,,,,,,,,,
Sun,Kayseri Airport,Avsallar,33246,10866,ASR,,,,,,,,,,,,,,,,,
Sun,Kayseri Airport,Belek,33246,10879,ASR,,,,,,,,,,,,,,,,,
Sun,Kayseri Airport,Denizli,33246,22982,ASR,,,,,,,,,,,,,,,,,
Sun,Kayseri Airport,Evrenseki,33246,10878,ASR,,,,,,,,,,,,,,,,,
Sun,Kayseri Airport,Finike,33246,10896,ASR,,,,,,,,,,,,,,,,,
Sun,Kayseri Airport,Ni?de,33246,34819,ASR,,,,,,,,,,,,,,,,,
Sun,Kayseri Airport,Uchisar,33246,34741,ASR,,,,,,,,,,,,,,,,,
Sun,Kefalonia Airport,Agia Effimia,21473,21474,EFL,,,,,,,,,,,,,,,,,
Sun,Kefalonia Airport,Argostoli,21473,21499,EFL,,,,,,,,,,,,,,,,,
Sun,Kefalonia Airport,Assos,21473,21478,EFL,,,,,,,,,,,,,,,,,
Sun,Kefalonia Airport,Farsa,21473,35767,EFL,,,,,,,,,,,,,,,,,
Sun,Kefalonia Airport,Fiskardo / Fiscardo,21473,21480,EFL,,,,,,,,,,,,,,,,,
Sun,Kefalonia Airport,Karavados,21473,21501,EFL,,,,,,,,,,,,,,,,,
Sun,Kefalonia Airport,Katelios,21473,21500,EFL,,,,,,,,,,,,,,,,,
Sun,Kefalonia Airport,Keramies,21473,27102,EFL,,,,,,,,,,,,,,,,,
Sun,Kefalonia Airport,Lakithra,21473,21485,EFL,,,,,,,,,,,,,,,,,
Sun,Kefalonia Airport,Lixouri,21473,21484,EFL,,,,,,,,,,,,,,,,,
Sun,Kefalonia Airport,Lourdata,21473,21486,EFL,,,,,,,,,,,,,,,,,
Sun,Kefalonia Airport,Moussata,21473,39208,EFL,,,,,,,,,,,,,,,,,
Sun,Kefalonia Airport,Poros,21473,21490,EFL,,,,,,,,,,,,,,,,,
Sun,Kefalonia Airport,Skala (Kefalonia),21473,21503,EFL,,,,,,,,,,,,,,,,,
Sun,Kefalonia Airport,Spartia,21473,21493,EFL,,,,,,,,,,,,,,,,,
Sun,Kefalonia Airport,Svoronata,21473,21495,EFL,,,,,,,,,,,,,,,,,
Sun,Kefalonia Airport,Trapezaki Beach,21473,21496,EFL,,,,,,,,,,,,,,,,,
Sun,Kefalonia Airport,Vlachata,21473,38572,EFL,,,,,,,,,,,,,,,,,
Sun,Kerry Airport (KIR),Adare,22521,22537,KIR,,,,,,,,,,,,,,,,,
Sun,Kerry Airport (KIR),Ballinskelligs,22521,23397,KIR,,,,,,,,,,,,,,,,,
Sun,Kerry Airport (KIR),Bantry,22521,22762,KIR,,,,,,,,,,,,,,,,,
Sun,Kerry Airport (KIR),Cahersiveen,22521,22970,KIR,,,,,,,,,,,,,,,,,
Sun,Kerry Airport (KIR),Curraheen (Co. Kerry),22521,25015,KIR,,,,,,,,,,,,,,,,,
Sun,Kerry Airport (KIR),Dingle,22521,22765,KIR,,,,,,,,,,,,,,,,,
Sun,Kerry Airport (KIR),Ennis,22521,22541,KIR,,,,,,,,,,,,,,,,,
Sun,Kerry Airport (KIR),Galway,22521,22542,KIR,,,,,,,,,,,,,,,,,
Sun,Kerry Airport (KIR),Glenbeigh,22521,22972,KIR,,,,,,,,,,,,,,,,,
Sun,Kerry Airport (KIR),Glengarriff,22521,22761,KIR,,,,,,,,,,,,,,,,,
Sun,Kerry Airport (KIR),Kenmare,22521,22759,KIR,,,,,,,,,,,,,,,,,
Sun,Kerry Airport (KIR),Kilcummin,22521,24994,KIR,,,,,,,,,,,,,,,,,
Sun,Kerry Airport (KIR),Kilkee,22521,22544,KIR,,,,,,,,,,,,,,,,,
Sun,Kerry Airport (KIR),Killaloe,22521,22543,KIR,,,,,,,,,,,,,,,,,
Sun,Kerry Airport (KIR),Killarney,22521,22545,KIR,,,,,,,,,,,,,,,,,
Sun,Kerry Airport (KIR),Killorglin,22521,22971,KIR,,,,,,,,,,,,,,,,,
Sun,Kerry Airport (KIR),Limerick,22521,22546,KIR,,,,,,,,,,,,,,,,,
Sun,Kerry Airport (KIR),Listowel,22521,22974,KIR,,,,,,,,,,,,,,,,,
Sun,Kerry Airport (KIR),Lohercannon,22521,25028,KIR,,,,,,,,,,,,,,,,,
Sun,Kerry Airport (KIR),Nenagh,22521,22547,KIR,,,,,,,,,,,,,,,,,
Sun,Kerry Airport (KIR),Sneem,22521,22973,KIR,,,,,,,,,,,,,,,,,
Sun,Kerry Airport (KIR),Tralee,22521,22550,KIR,,,,,,,,,,,,,,,,,
Sun,Kerry Airport (KIR),Waterville,22521,22969,KIR,,,,,,,,,,,,,,,,,
Sun,Kingston Norman Manley Airport,Falmouth (Jamaica),30129,30639,KIN,,,,,,,,,,,,,,,,,
Sun,Kingston Norman Manley Airport,Lucea,30129,30621,KIN,,,,,,,,,,,,,,,,,
Sun,Kingston Norman Manley Airport,Montego Bay,30129,30623,KIN,,,,,,,,,,,,,,,,,
Sun,Kingston Norman Manley Airport,Negril,30129,30624,KIN,,,,,,,,,,,,,,,,,
Sun,Kingston Norman Manley Airport,Ocho Rios,30129,30625,KIN,,,,,,,,,,,,,,,,,
Sun,Kingston Norman Manley Airport,Oracabessa,30129,30626,KIN,,,,,,,,,,,,,,,,,
Sun,Kingston Norman Manley Airport,Port Antonio,30129,30627,KIN,,,,,,,,,,,,,,,,,
Sun,Kingston Norman Manley Airport,Rose Hall,30129,30640,KIN,,,,,,,,,,,,,,,,,
Sun,Kingston Norman Manley Airport,Runaway Bay (Jamaica),30129,30643,KIN,,,,,,,,,,,,,,,,,
Sun,Kingston Norman Manley Airport,Treasure Beach,30129,30629,KIN,,,,,,,,,,,,,,,,,
Sun,Knock Airport (NOC),Achill,22816,22817,NOC,,,,,,,,,,,,,,,,,
Sun,Knock Airport (NOC),Athlone,22816,22696,NOC,,,,,,,,,,,,,,,,,
Sun,Knock Airport (NOC),Ballina,22816,22818,NOC,,,,,,,,,,,,,,,,,
Sun,Knock Airport (NOC),Ballyhaunis,22816,24943,NOC,,,,,,,,,,,,,,,,,
Sun,Knock Airport (NOC),Belmullet,22816,22819,NOC,,,,,,,,,,,,,,,,,
Sun,Knock Airport (NOC),Belturbet,22816,22820,NOC,,,,,,,,,,,,,,,,,
Sun,Knock Airport (NOC),Carrick-On-Shannon,22816,22821,NOC,,,,,,,,,,,,,,,,,
Sun,Knock Airport (NOC),Castlebar,22816,22822,NOC,,,,,,,,,,,,,,,,,
Sun,Knock Airport (NOC),Clifden,22816,22823,NOC,,,,,,,,,,,,,,,,,
Sun,Knock Airport (NOC),Cong (Co. Mayo),22816,25001,NOC,,,,,,,,,,,,,,,,,
Sun,Knock Airport (NOC),Connemara National Park,22816,23401,NOC,,,,,,,,,,,,,,,,,
Sun,Knock Airport (NOC),Crossmolina,22816,29174,NOC,,,,,,,,,,,,,,,,,
Sun,Knock Airport (NOC),Donegal,22816,22824,NOC,,,,,,,,,,,,,,,,,
Sun,Knock Airport (NOC),Dromoland (Co. Clare),22816,23382,NOC,,,,,,,,,,,,,,,,,
Sun,Knock Airport (NOC),Enniskillen,22816,22825,NOC,,,,,,,,,,,,,,,,,
Sun,Knock Airport (NOC),Galway,22816,22542,NOC,,,,,,,,,,,,,,,,,
Sun,Knock Airport (NOC),Killarney,22816,22545,NOC,,,,,,,,,,,,,,,,,
Sun,Knock Airport (NOC),Knock,22816,22834,NOC,,,,,,,,,,,,,,,,,
Sun,Knock Airport (NOC),Leitrim,22816,22826,NOC,,,,,,,,,,,,,,,,,
Sun,Knock Airport (NOC),Letterkenny,22816,22827,NOC,,,,,,,,,,,,,,,,,
Sun,Knock Airport (NOC),Longford,22816,22828,NOC,,,,,,,,,,,,,,,,,
Sun,Knock Airport (NOC),Omagh,22816,22829,NOC,,,,,,,,,,,,,,,,,
Sun,Knock Airport (NOC),Roscommon,22816,22830,NOC,,,,,,,,,,,,,,,,,
Sun,Knock Airport (NOC),Rossaveel,22816,24980,NOC,,,,,,,,,,,,,,,,,
Sun,Knock Airport (NOC),Sligo City,22816,22831,NOC,,,,,,,,,,,,,,,,,
Sun,Knock Airport (NOC),Strabane,22816,22832,NOC,,,,,,,,,,,,,,,,,
Sun,Knock Airport (NOC),Westport,22816,22833,NOC,,,,,,,,,,,,,,,,,
Sun,Koh Samui Airport,Bangrak Beach,29194,36195,USM,,,,,,,,,,,,,,,,,
Sun,Kolkata Airport,Alipore,27754,28853,CCU,,,,,,,,,,,,,,,,,
Sun,Kolkata Airport,Ashoknagar Kalyangarh,27754,39728,CCU,,,,,,,,,,,,,,,,,
Sun,Kolkata Airport,Bankura,27754,37485,CCU,,,,,,,,,,,,,,,,,
Sun,Kolkata Airport,Chakraberia,27754,38548,CCU,,,,,,,,,,,,,,,,,
Sun,Kolkata Airport,Chandannagar,27754,36629,CCU,,,,,,,,,,,,,,,,,
Sun,Kolkata Airport,Keshtopur,27754,33772,CCU,,,,,,,,,,,,,,,,,
Sun,Kolkata Airport,Kolkata,27754,27755,CCU,,,,,,,,,,,,,,,,,
Sun,Kolkata Airport,Kriparampur,27754,35054,CCU,,,,,,,,,,,,,,,,,
Sun,Kolkata Airport,New Alipore,27754,28944,CCU,,,,,,,,,,,,,,,,,
Sun,Kolkata Airport,North Dumdum,27754,37630,CCU,,,,,,,,,,,,,,,,,
Sun,Kolkata Airport,Parasnath Hill,27754,28862,CCU,,,,,,,,,,,,,,,,,
Sun,Kolkata Airport,Parnasree,27754,29362,CCU,,,,,,,,,,,,,,,,,
Sun,Kolkata Airport,Tollygunge Golf Club,27754,28951,CCU,,,,,,,,,,,,,,,,,
Sun,Kos Airport,Lambi Beach,21373,21378,KGS,,,,,,,,,,,,,,,,,
Sun,Kos Airport,Paradisi,21373,21382,KGS,,,,,,,,,,,,,,,,,
Sun,Kos Airport,Robinson Club Daidalos,21373,36362,KGS,,,,,,,,,,,,,,,,,
Sun,Kosice Airport,Bodrogkeresztúr,25326,34453,KSC,,,,,,,,,,,,,,,,,
Sun,Kosice Airport,Demänovská Dolina,25326,25420,KSC,,,,,,,,,,,,,,,,,
Sun,Kosice Airport,Krakow,25326,25396,KSC,,,,,,,,,,,,,,,,,
Sun,Kosice Airport,Liptovsky Mikulas,25326,26542,KSC,,,,,,,,,,,,,,,,,
Sun,Kosice Airport,Zakopane,25326,25397,KSC,,,,,,,,,,,,,,,,,
Sun,Kota Kinabalu Airport,Kota Kinabalu City Centre,31929,31787,BKI,,,,,,,,,,,,,,,,,
Sun,Kota Kinabalu Airport,Ranau,31929,33446,BKI,,,,,,,,,,,,,,,,,
Sun,Kozani Airport,Kastoria,33560,29163,KZI,,,,,,,,,,,,,,,,,
Sun,Kozani Airport,Kozani,33560,33815,KZI,,,,,,,,,,,,,,,,,
Sun,Kozani Airport,Naousa,33560,33820,KZI,,,,,,,,,,,,,,,,,
Sun,Kozani Airport,Paralia (Katerini),33560,27363,KZI,,,,,,,,,,,,,,,,,
Sun,Kozani Airport,Ptolemaida,33560,29900,KZI,,,,,,,,,,,,,,,,,
Sun,Kozani Airport,Servia,33560,33818,KZI,,,,,,,,,,,,,,,,,
Sun,Kozani Airport,Siatista,33560,33817,KZI,,,,,,,,,,,,,,,,,
Sun,Kozani Airport,Veria,33560,33819,KZI,,,,,,,,,,,,,,,,,
Sun,Krabi Airport,Ao Nang Beach,29195,36522,KBV,,,,,,,,,,,,,,,,,
Sun,Krabi Airport,Krabi Town,29195,36291,KBV,,,,,,,,,,,,,,,,,
Sun,Krabi Airport,Phang Nga,29195,37543,KBV,,,,,,,,,,,,,,,,,
Sun,Kruger Mpumalanga Airport,Hoedspruit,42128,35934,MQP,,,,,,,,,,,,,,,,,
Sun,Kuala Lumpur Airport,Bandar Baru Enstek,31473,35449,KUL,,,,,,,,,,,,,,,,,
Sun,Kuala Lumpur Airport,Bandar Baru Nilai,31473,34211,KUL,,,,,,,,,,,,,,,,,
Sun,Kuala Lumpur Airport,Cyberjaya,31473,36742,KUL,,,,,,,,,,,,,,,,,
Sun,Kuala Lumpur Airport,Dungun,31473,36247,KUL,,,,,,,,,,,,,,,,,
Sun,Kuala Lumpur Airport,Ipoh,31473,32365,KUL,,,,,,,,,,,,,,,,,
Sun,Kuala Lumpur Airport,Johor Bahru,31473,30412,KUL,,,,,,,,,,,,,,,,,
Sun,Kuala Lumpur Airport,Kajang,31473,34967,KUL,,,,,,,,,,,,,,,,,
Sun,Kuala Lumpur Airport,Kuala Tahan (Taman Negara),31473,37768,KUL,,,,,,,,,,,,,,,,,
Sun,Kuala Lumpur Airport,Mantin,31473,35563,KUL,,,,,,,,,,,,,,,,,
Sun,Kuala Lumpur Airport,Marina Island (Lumut),31473,34279,KUL,,,,,,,,,,,,,,,,,
Sun,Kuala Lumpur Airport,Medini (Nusajaya),31473,34795,KUL,,,,,,,,,,,,,,,,,
Sun,Kuala Lumpur Airport,Melaka,31473,31780,KUL,,,,,,,,,,,,,,,,,
Sun,Kuala Lumpur Airport,Mersing,31473,33319,KUL,,,,,,,,,,,,,,,,,
Sun,Kuala Lumpur Airport,Mid Valley City,31473,33123,KUL,,,,,,,,,,,,,,,,,
Sun,Kuala Lumpur Airport,Pahang,31473,33302,KUL,,,,,,,,,,,,,,,,,
Sun,Kuala Lumpur Airport,Port Dickson,31473,34425,KUL,,,,,,,,,,,,,,,,,
Sun,Kuala Lumpur Airport,Port Klang Cruise Terminal,31473,31779,KUL,,,,,,,,,,,,,,,,,
Sun,Kuala Lumpur Airport,Puchong,31473,33054,KUL,,,,,,,,,,,,,,,,,
Sun,Kuala Lumpur Airport,Seri Kembangan,31473,35564,KUL,,,,,,,,,,,,,,,,,
Sun,Kuala Lumpur Airport,Sri Hartamas,31473,37569,KUL,,,,,,,,,,,,,,,,,
Sun,Kuala Lumpur Airport,Subang Airport,31473,31781,KUL,,,,,,,,,,,,,,,,,
Sun,Kuala Lumpur Airport,Sungai Petani,31473,35157,KUL,,,,,,,,,,,,,,,,,
Sun,Kuala Lumpur Airport,Sunway Lagoon,31473,31778,KUL,,,,,,,,,,,,,,,,,
Sun,Kuala Lumpur Airport,Tampin,31473,35136,KUL,,,,,,,,,,,,,,,,,
Sun,Kuala Lumpur Airport,Tanah Rata (Cameron Highlands),31473,32282,KUL,,,,,,,,,,,,,,,,,
Sun,Kutaisi Airport,Akhalkalaki,34944,36554,KUT,,,,,,,,,,,,,,,,,
Sun,Kutaisi Airport,Akhaltsikhe,34944,36555,KUT,,,,,,,,,,,,,,,,,
Sun,Kutaisi Airport,Borjomi,34944,36553,KUT,,,,,,,,,,,,,,,,,
Sun,Kutaisi Airport,Gori,34944,36552,KUT,,,,,,,,,,,,,,,,,
Sun,Kutaisi Airport,Gudauri,34944,36478,KUT,,,,,,,,,,,,,,,,,
Sun,Kutaisi Airport,Kutaisi,34944,35005,KUT,,,,,,,,,,,,,,,,,
Sun,Kutaisi Airport,Kvareli,34944,36548,KUT,,,,,,,,,,,,,,,,,
Sun,Kutaisi Airport,Mestia,34944,36549,KUT,,,,,,,,,,,,,,,,,
Sun,Kutaisi Airport,Sighnaghi,34944,35897,KUT,,,,,,,,,,,,,,,,,
Sun,Kutaisi Airport,Telavi,34944,36547,KUT,,,,,,,,,,,,,,,,,
Sun,Kutaisi Airport,Yerevan,34944,33909,KUT,,,,,,,,,,,,,,,,,
Sun,Kutaisi Airport,Zestafoni,34944,36465,KUT,,,,,,,,,,,,,,,,,
Sun,Kutaisi Airport,Zugdidi,34944,36550,KUT,,,,,,,,,,,,,,,,,
Sun,La Coruña Airport,Covas (Lugo),24502,35889,LCG,,,,,,,,,,,,,,,,,
Sun,La Coruña Airport,Fisterra,24502,33935,LCG,,,,,,,,,,,,,,,,,
Sun,La Coruña Airport,Gijón,24502,20779,LCG,,,,,,,,,,,,,,,,,
Sun,La Coruña Airport,La Coruna,24502,21082,LCG,,,,,,,,,,,,,,,,,
Sun,La Coruña Airport,La Coruña Cruise Port,24502,30518,LCG,,,,,,,,,,,,,,,,,
Sun,La Coruña Airport,Laxe,24502,34786,LCG,,,,,,,,,,,,,,,,,
Sun,La Coruña Airport,Pontevedra,24502,21163,LCG,,,,,,,,,,,,,,,,,
Sun,La Coruña Airport,Santiago De Compostela,24502,21189,LCG,,,,,,,,,,,,,,,,,
Sun,La Coruña Airport,Sanxenxo,24502,23289,LCG,,,,,,,,,,,,,,,,,
Sun,La Coruña Airport,Sarria (Lugo),24502,24662,LCG,,,,,,,,,,,,,,,,,
Sun,La Rochelle Airport (LRH),Ars-En-Ré,30637,30668,LRH,,,,,,,,,,,,,,,,,
Sun,La Rochelle Airport (LRH),Châtelaillon-Plage,30637,31658,LRH,,,,,,,,,,,,,,,,,
Sun,La Rochelle Airport (LRH),La Flotte-En-Ré,30637,30673,LRH,,,,,,,,,,,,,,,,,
Sun,La Rochelle Airport (LRH),Les Mathes,30637,23124,LRH,,,,,,,,,,,,,,,,,
Sun,La Rochelle Airport (LRH),Les Portes-En-Ré,30637,30670,LRH,,,,,,,,,,,,,,,,,
Sun,La Rochelle Airport (LRH),Longeville-Sur-Mer,30637,34419,LRH,,,,,,,,,,,,,,,,,
Sun,La Rochelle Airport (LRH),Oyonnax,30637,28279,LRH,,,,,,,,,,,,,,,,,
Sun,La Rochelle Airport (LRH),Paris Charles De Gaulle Airport,30637,10626,LRH,,,,,,,,,,,,,,,,,
Sun,La Rochelle Airport (LRH),Saint-Georges-D'oléron,30637,31225,LRH,,,,,,,,,,,,,,,,,
Sun,La Rochelle Airport (LRH),Saint-Martin-De-Ré,30637,30665,LRH,,,,,,,,,,,,,,,,,
Sun,La Rochelle Airport (LRH),Sainte-Marie-De-Ré,30637,30663,LRH,,,,,,,,,,,,,,,,,
Sun,La Rochelle Airport (LRH),Toulouse Airport,30637,21704,LRH,,,,,,,,,,,,,,,,,
Sun,La Rochelle Airport (LRH),Urval,30637,35215,LRH,,,,,,,,,,,,,,,,,
Sun,La Rochelle Airport (LRH),Val Thorens,30637,10664,LRH,,,,,,,,,,,,,,,,,
Sun,La Romana Airport,San Pedro De Macorís,26757,27804,LRM,,,,,,,,,,,,,,,,,
Sun,Lajes Airport (TER),Angra Do Heroísmo,31361,31303,TER,,,,,,,,,,,,,,,,,
Sun,Lamezia Terme Airport,Briatico,27375,27380,SUF,,,,,,,,,,,,,,,,,
Sun,Lamezia Terme Airport,Capo Vaticano,27375,27386,SUF,,,,,,,,,,,,,,,,,
Sun,Lamezia Terme Airport,Cariati,27375,27401,SUF,,,,,,,,,,,,,,,,,
Sun,Lamezia Terme Airport,Catania Airport,27375,22315,SUF,,,,,,,,,,,,,,,,,
Sun,Lamezia Terme Airport,Catanzaro,27375,27378,SUF,,,,,,,,,,,,,,,,,
Sun,Lamezia Terme Airport,Ciro Marina,27375,27390,SUF,,,,,,,,,,,,,,,,,
Sun,Lamezia Terme Airport,Corigliano Calabro,27375,27391,SUF,,,,,,,,,,,,,,,,,
Sun,Lamezia Terme Airport,Cosenza,27375,27397,SUF,,,,,,,,,,,,,,,,,
Sun,Lamezia Terme Airport,Crotone,27375,27389,SUF,,,,,,,,,,,,,,,,,
Sun,Lamezia Terme Airport,Diamante,27375,27388,SUF,,,,,,,,,,,,,,,,,
Sun,Lamezia Terme Airport,Guardavalle,27375,35135,SUF,,,,,,,,,,,,,,,,,
Sun,Lamezia Terme Airport,Isola Di Capo Rizzuto,27375,27394,SUF,,,,,,,,,,,,,,,,,
Sun,Lamezia Terme Airport,Lamezia Terme,27375,27376,SUF,,,,,,,,,,,,,,,,,
Sun,Lamezia Terme Airport,Marina Di Caulonia,27375,31482,SUF,,,,,,,,,,,,,,,,,
Sun,Lamezia Terme Airport,Montepaone Lido,27375,27383,SUF,,,,,,,,,,,,,,,,,
Sun,Lamezia Terme Airport,Paola,27375,10948,SUF,,,,,,,,,,,,,,,,,
Sun,Lamezia Terme Airport,Parghelia,27375,27384,SUF,,,,,,,,,,,,,,,,,
Sun,Lamezia Terme Airport,Pizzo Calabro,27375,27377,SUF,,,,,,,,,,,,,,,,,
Sun,Lamezia Terme Airport,Santa Domenica,27375,34852,SUF,,,,,,,,,,,,,,,,,
Sun,Lamezia Terme Airport,Scalea,27375,34708,SUF,,,,,,,,,,,,,,,,,
Sun,Lamezia Terme Airport,Scilla,27375,34641,SUF,,,,,,,,,,,,,,,,,
Sun,Lamezia Terme Airport,Siderno,27375,34633,SUF,,,,,,,,,,,,,,,,,
Sun,Lamezia Terme Airport,Simeri Mare,27375,27382,SUF,,,,,,,,,,,,,,,,,
Sun,Lamezia Terme Airport,Soverato,27375,27385,SUF,,,,,,,,,,,,,,,,,
Sun,Lamezia Terme Airport,Taormina,27375,21669,SUF,,,,,,,,,,,,,,,,,
Sun,Lamezia Terme Airport,Trebisacce,27375,27399,SUF,,,,,,,,,,,,,,,,,
Sun,Lamezia Terme Airport,Vibo Valentia,27375,27379,SUF,,,,,,,,,,,,,,,,,
Sun,Lamezia Terme Airport,Zambrone,27375,27381,SUF,,,,,,,,,,,,,,,,,
Sun,Langkawi Airport,Datai Bay,31842,31785,LGK,,,,,,,,,,,,,,,,,
Sun,Langkawi Airport,Tanjung Rhu,31842,31786,LGK,,,,,,,,,,,,,,,,,
Sun,Lanzarote Airport,Playa Blanca,23887,10440,ACE,,,,,,,,,,,,,,,,,
Sun,Lanzarote Airport,Playa Honda,23887,22211,ACE,,,,,,,,,,,,,,,,,
Sun,Larnaca Airport,Agios Tychon,21518,34982,LCA,,,,,,,,,,,,,,,,,
Sun,Larnaca Airport,Ayia Napa,21518,21509,LCA,,,,,,,,,,,,,,,,,
Sun,Larnaca Airport,Bafra (North Cyprus),21518,23374,LCA,,,,,,,,,,,,,,,,,
Sun,Larnaca Airport,Catalkoy,21518,27478,LCA,,,,,,,,,,,,,,,,,
Sun,Larnaca Airport,Chloraka,21518,21998,LCA,,,,,,,,,,,,,,,,,
Sun,Larnaca Airport,Coral Bay,21518,21512,LCA,,,,,,,,,,,,,,,,,
Sun,Larnaca Airport,Famagusta,21518,21999,LCA,,,,,,,,,,,,,,,,,
Sun,Larnaca Airport,Gaziveren,21518,36716,LCA,,,,,,,,,,,,,,,,,
Sun,Larnaca Airport,Kalecik,21518,43988,LCA,,,,,,,,,,,,,,,,,
Sun,Larnaca Airport,Kapparis,21518,22000,LCA,,,,,,,,,,,,,,,,,
Sun,Larnaca Airport,Kato Paphos,21518,21723,LCA,,,,,,,,,,,,,,,,,
Sun,Larnaca Airport,Kissonerga,21518,21516,LCA,,,,,,,,,,,,,,,,,
Sun,Larnaca Airport,Kiti,21518,22001,LCA,,,,,,,,,,,,,,,,,
Sun,Larnaca Airport,Larnaca Bay,21518,22003,LCA,,,,,,,,,,,,,,,,,
Sun,Larnaca Airport,Nicosia (Cyprus),21518,22004,LCA,,,,,,,,,,,,,,,,,
Sun,Larnaca Airport,Nissi Beach,21518,22005,LCA,,,,,,,,,,,,,,,,,
Sun,Larnaca Airport,Oroklini,21518,23210,LCA,,,,,,,,,,,,,,,,,
Sun,Larnaca Airport,Paphos Airport,21518,21504,LCA,,,,,,,,,,,,,,,,,
Sun,Larnaca Airport,Paralimni,21518,22006,LCA,,,,,,,,,,,,,,,,,
Sun,Larnaca Airport,Pernera,21518,22007,LCA,,,,,,,,,,,,,,,,,
Sun,Larnaca Airport,Pervolia,21518,22008,LCA,,,,,,,,,,,,,,,,,
Sun,Larnaca Airport,Peyia,21518,22009,LCA,,,,,,,,,,,,,,,,,
Sun,Larnaca Airport,Pissouri,21518,21525,LCA,,,,,,,,,,,,,,,,,
Sun,Larnaca Airport,Polis,21518,21526,LCA,,,,,,,,,,,,,,,,,
Sun,Larnaca Airport,Protaras,21518,21528,LCA,,,,,,,,,,,,,,,,,
Sun,Larnaca Airport,Pyla,21518,23102,LCA,,,,,,,,,,,,,,,,,
Sun,Larnaca Airport,Sotira,21518,23294,LCA,,,,,,,,,,,,,,,,,
Sun,Larnaca Airport,Street,21518,36061,LCA,,,,,,,,,,,,,,,,,
Sun,Larnaca Airport,Tochni,21518,21530,LCA,,,,,,,,,,,,,,,,,
Sun,Larnaca Airport,Vokolida,21518,27196,LCA,,,,,,,,,,,,,,,,,
Sun,Las Vegas Airport,Fresno,28964,36591,LAS,,,,,,,,,,,,,,,,,
Sun,Las Vegas Airport,Irvine (California),28964,30351,LAS,,,,,,,,,,,,,,,,,
Sun,Las Vegas Airport,Kanab,28964,36155,LAS,,,,,,,,,,,,,,,,,
Sun,Las Vegas Airport,Los Angeles Downtown,28964,28992,LAS,,,,,,,,,,,,,,,,,
Sun,Las Vegas Airport,Santa Barbara,28964,29797,LAS,,,,,,,,,,,,,,,,,
Sun,Las Vegas Airport,St. George,28964,21879,LAS,,,,,,,,,,,,,,,,,
Sun,Leeds Bradford Airport (LBA),Barnsley,27647,27655,LBA,,,,,,,,,,,,,,,,,
Sun,Leeds Bradford Airport (LBA),Blackburn,27647,27666,LBA,,,,,,,,,,,,,,,,,
Sun,Leeds Bradford Airport (LBA),Bolton,27647,27662,LBA,,,,,,,,,,,,,,,,,
Sun,Leeds Bradford Airport (LBA),Bradford,27647,27649,LBA,,,,,,,,,,,,,,,,,
Sun,Leeds Bradford Airport (LBA),Bury,27647,27661,LBA,,,,,,,,,,,,,,,,,
Sun,Leeds Bradford Airport (LBA),Buxton,27647,27665,LBA,,,,,,,,,,,,,,,,,
Sun,Leeds Bradford Airport (LBA),Carlisle,27647,27724,LBA,,,,,,,,,,,,,,,,,
Sun,Leeds Bradford Airport (LBA),Castleford,27647,27670,LBA,,,,,,,,,,,,,,,,,
Sun,Leeds Bradford Airport (LBA),Chesterfield,27647,27664,LBA,,,,,,,,,,,,,,,,,
Sun,Leeds Bradford Airport (LBA),Dewsbury,27647,27673,LBA,,,,,,,,,,,,,,,,,
Sun,Leeds Bradford Airport (LBA),Doncaster,27647,27663,LBA,,,,,,,,,,,,,,,,,
Sun,Leeds Bradford Airport (LBA),Grantham,27647,27947,LBA,,,,,,,,,,,,,,,,,
Sun,Leeds Bradford Airport (LBA),Halifax,27647,27650,LBA,,,,,,,,,,,,,,,,,
Sun,Leeds Bradford Airport (LBA),Harrogate,27647,27668,LBA,,,,,,,,,,,,,,,,,
Sun,Leeds Bradford Airport (LBA),Huddersfield,27647,27651,LBA,,,,,,,,,,,,,,,,,
Sun,Leeds Bradford Airport (LBA),Hull,27647,27676,LBA,,,,,,,,,,,,,,,,,
Sun,Leeds Bradford Airport (LBA),Ilkley,27647,27671,LBA,,,,,,,,,,,,,,,,,
Sun,Leeds Bradford Airport (LBA),Keighley,27647,27654,LBA,,,,,,,,,,,,,,,,,
Sun,Leeds Bradford Airport (LBA),Leeds,27647,27648,LBA,,,,,,,,,,,,,,,,,
Sun,Leeds Bradford Airport (LBA),Manchester,27647,27657,LBA,,,,,,,,,,,,,,,,,
Sun,Leeds Bradford Airport (LBA),Manchester Airport,27647,27926,LBA,,,,,,,,,,,,,,,,,
Sun,Leeds Bradford Airport (LBA),Newcastle Upon Tyne,27647,27675,LBA,,,,,,,,,,,,,,,,,
Sun,Leeds Bradford Airport (LBA),Nottingham,27647,27669,LBA,,,,,,,,,,,,,,,,,
Sun,Leeds Bradford Airport (LBA),Oldham,27647,27659,LBA,,,,,,,,,,,,,,,,,
Sun,Leeds Bradford Airport (LBA),Rochdale,27647,27660,LBA,,,,,,,,,,,,,,,,,
Sun,Leeds Bradford Airport (LBA),Scarborough (Uk),27647,29765,LBA,,,,,,,,,,,,,,,,,
Sun,Leeds Bradford Airport (LBA),Scunthorpe,27647,27672,LBA,,,,,,,,,,,,,,,,,
Sun,Leeds Bradford Airport (LBA),Selby,27647,27674,LBA,,,,,,,,,,,,,,,,,
Sun,Leeds Bradford Airport (LBA),Sheffield,27647,27656,LBA,,,,,,,,,,,,,,,,,
Sun,Leeds Bradford Airport (LBA),Stockport,27647,27658,LBA,,,,,,,,,,,,,,,,,
Sun,Leeds Bradford Airport (LBA),Wakefield,27647,27653,LBA,,,,,,,,,,,,,,,,,
Sun,Leeds Bradford Airport (LBA),Wetherby,27647,27667,LBA,,,,,,,,,,,,,,,,,
Sun,Leeds Bradford Airport (LBA),York,27647,27652,LBA,,,,,,,,,,,,,,,,,
Sun,Lefkada Preveza Airport (PVK),Agios Nikitas,29996,30000,PVK,,,,,,,,,,,,,,,,,
Sun,Lefkada Preveza Airport (PVK),Geni,29996,35298,PVK,,,,,,,,,,,,,,,,,
Sun,Lefkada Preveza Airport (PVK),Lefkada Port,29996,30001,PVK,,,,,,,,,,,,,,,,,
Sun,Lefkada Preveza Airport (PVK),Lefkada Town,29996,23278,PVK,,,,,,,,,,,,,,,,,
Sun,Lefkada Preveza Airport (PVK),Loutsa (Preveza),29996,33312,PVK,,,,,,,,,,,,,,,,,
Sun,Lefkada Preveza Airport (PVK),Paleros,29996,30928,PVK,,,,,,,,,,,,,,,,,
Sun,Lefkada Preveza Airport (PVK),Preveza,29996,23762,PVK,,,,,,,,,,,,,,,,,
Sun,Lefkada Preveza Airport (PVK),Sivota (Igoumenitsa),29996,30467,PVK,,,,,,,,,,,,,,,,,
Sun,Lefkada Preveza Airport (PVK),Sivota (Lefkada),29996,30006,PVK,,,,,,,,,,,,,,,,,
Sun,Lefkada Preveza Airport (PVK),Vasiliki (Lefkada),29996,25501,PVK,,,,,,,,,,,,,,,,,
Sun,Leipzig Halle Airport,Colditz,23881,34026,LEJ,,,,,,,,,,,,,,,,,
Sun,Lesvos Mytilene Airport (MJT),Plomari,29118,33954,MJT,,,,,,,,,,,,,,,,,
Sun,Liège Airport,Antwerpen,37969,22413,LGG,,,,,,,,,,,,,,,,,
Sun,Liège Airport,Brugge,37969,22427,LGG,,,,,,,,,,,,,,,,,
Sun,Liège Airport,Charleroi,37969,22429,LGG,,,,,,,,,,,,,,,,,
Sun,Liège Airport,Cologne,37969,23439,LGG,,,,,,,,,,,,,,,,,
Sun,Liège Airport,Leuven,37969,27889,LGG,,,,,,,,,,,,,,,,,
Sun,Liège Airport,Liege,37969,22432,LGG,,,,,,,,,,,,,,,,,
Sun,Liège Airport,Lille,37969,21950,LGG,,,,,,,,,,,,,,,,,
Sun,Liège Airport,Maastricht,37969,22434,LGG,,,,,,,,,,,,,,,,,
Sun,Liège Airport,Mons,37969,27226,LGG,,,,,,,,,,,,,,,,,
Sun,Liège Airport,Namur,37969,27900,LGG,,,,,,,,,,,,,,,,,
Sun,Liège Airport,Paris Charles De Gaulle Airport,37969,10626,LGG,,,,,,,,,,,,,,,,,
Sun,Liège Airport,Rotterdam,37969,22421,LGG,,,,,,,,,,,,,,,,,
Sun,Liège Airport,Waterloo,37969,33992,LGG,,,,,,,,,,,,,,,,,
Sun,Liège Airport,Zaventem,37969,31366,LGG,,,,,,,,,,,,,,,,,
Sun,Lille Airport (LIL),Amiens,22435,22436,LIL,,,,,,,,,,,,,,,,,
Sun,Lille Airport (LIL),Arras,22435,22437,LIL,,,,,,,,,,,,,,,,,
Sun,Lille Airport (LIL),Aubonne,22435,33176,LIL,,,,,,,,,,,,,,,,,
Sun,Lille Airport (LIL),Boulogne-Sur-Mer,22435,22438,LIL,,,,,,,,,,,,,,,,,
Sun,Lille Airport (LIL),Brugge,22435,22427,LIL,,,,,,,,,,,,,,,,,
Sun,Lille Airport (LIL),Calais,22435,22428,LIL,,,,,,,,,,,,,,,,,
Sun,Lille Airport (LIL),Camping La Bien Assise,22435,28716,LIL,,,,,,,,,,,,,,,,,
Sun,Lille Airport (LIL),Charleroi,22435,22429,LIL,,,,,,,,,,,,,,,,,
Sun,Lille Airport (LIL),Disneyland,22435,10629,LIL,,,,,,,,,,,,,,,,,
Sun,Lille Airport (LIL),Ieper,22435,32566,LIL,,,,,,,,,,,,,,,,,
Sun,Lille Airport (LIL),Lille,22435,21950,LIL,,,,,,,,,,,,,,,,,
Sun,Lille Airport (LIL),Menthon-Saint-Bernard,22435,30391,LIL,,,,,,,,,,,,,,,,,
Sun,Lille Airport (LIL),Mouscron,22435,35900,LIL,,,,,,,,,,,,,,,,,
Sun,Lille Airport (LIL),Nieuwpoort,22435,27908,LIL,,,,,,,,,,,,,,,,,
Sun,Lille Airport (LIL),Ostend,22435,22439,LIL,,,,,,,,,,,,,,,,,
Sun,Lille Airport (LIL),Parc Astérix,22435,21955,LIL,,,,,,,,,,,,,,,,,
Sun,Lille Airport (LIL),Paris,22435,21879,LIL,,,,,,,,,,,,,,,,,
Sun,Lille Airport (LIL),Roubaix,22435,22440,LIL,,,,,,,,,,,,,,,,,
Sun,Lille Airport (LIL),Saint-Genis-Pouilly,22435,25670,LIL,,,,,,,,,,,,,,,,,
Sun,Lille Airport (LIL),Valenciennes,22435,22442,LIL,,,,,,,,,,,,,,,,,
Sun,Lille Airport (LIL),Vred,22435,35425,LIL,,,,,,,,,,,,,,,,,
Sun,Lima Airport,Huacachina,26496,37642,LIM,,,,,,,,,,,,,,,,,
Sun,Lima Airport,Lima,26496,10076,LIM,,,,,,,,,,,,,,,,,
Sun,Lima Airport,Lurigancho,26496,32937,LIM,,,,,,,,,,,,,,,,,
Sun,Lima Airport,Nazca,26496,31864,LIM,,,,,,,,,,,,,,,,,
Sun,Lima Airport,Pisco,26496,33520,LIM,,,,,,,,,,,,,,,,,
Sun,Lima Airport,Playa Caballeros,26496,34664,LIM,,,,,,,,,,,,,,,,,
Sun,Lima Airport,Pucusana,26496,42188,LIM,,,,,,,,,,,,,,,,,
Sun,Lima Airport,San Miguel (Lima),26496,36732,LIM,,,,,,,,,,,,,,,,,
Sun,Lima Airport,Totoritas Playa,26496,28883,LIM,,,,,,,,,,,,,,,,,
Sun,Linz Airport (LNZ),Asten,23902,38476,LNZ,,,,,,,,,,,,,,,,,
Sun,Linz Airport (LNZ),?eský Krumlov,23902,21852,LNZ,,,,,,,,,,,,,,,,,
Sun,Linz Airport (LNZ),Gmunden,23902,40167,LNZ,,,,,,,,,,,,,,,,,
Sun,Linz Airport (LNZ),Linz Am Rhein,23902,25332,LNZ,,,,,,,,,,,,,,,,,
Sun,Linz Airport (LNZ),Schladming,23902,22534,LNZ,,,,,,,,,,,,,,,,,
Sun,Lisbon Airport,Albufeira,10800,10786,LIS,,,,,,,,,,,,,,,,,
Sun,Lisbon Airport,Alcochete,10800,39350,LIS,,,,,,,,,,,,,,,,,
Sun,Lisbon Airport,Aljezur,10800,21793,LIS,,,,,,,,,,,,,,,,,
Sun,Lisbon Airport,Almada,10800,25035,LIS,,,,,,,,,,,,,,,,,
Sun,Lisbon Airport,Amadora,10800,24964,LIS,,,,,,,,,,,,,,,,,
Sun,Lisbon Airport,Amora,10800,34293,LIS,,,,,,,,,,,,,,,,,
Sun,Lisbon Airport,Azeitão,10800,40810,LIS,,,,,,,,,,,,,,,,,
Sun,Lisbon Airport,Beja,10800,35994,LIS,,,,,,,,,,,,,,,,,
Sun,Lisbon Airport,Caldas Da Rainha,10800,27335,LIS,,,,,,,,,,,,,,,,,
Sun,Lisbon Airport,Carvoeiro,10800,10791,LIS,,,,,,,,,,,,,,,,,
Sun,Lisbon Airport,Cascais,10800,22015,LIS,,,,,,,,,,,,,,,,,
Sun,Lisbon Airport,Castelo Branco,10800,29052,LIS,,,,,,,,,,,,,,,,,
Sun,Lisbon Airport,Charneca De Caparica,10800,37037,LIS,,,,,,,,,,,,,,,,,
Sun,Lisbon Airport,Coimbra,10800,21818,LIS,,,,,,,,,,,,,,,,,
Sun,Lisbon Airport,Coimbrao,10800,34605,LIS,,,,,,,,,,,,,,,,,
Sun,Lisbon Airport,Colares,10800,27132,LIS,,,,,,,,,,,,,,,,,
Sun,Lisbon Airport,Comporta,10800,33153,LIS,,,,,,,,,,,,,,,,,
Sun,Lisbon Airport,Costa Da Caparica,10800,22016,LIS,,,,,,,,,,,,,,,,,
Sun,Lisbon Airport,Ericeira,10800,22017,LIS,,,,,,,,,,,,,,,,,
Sun,Lisbon Airport,Estoril,10800,22018,LIS,,,,,,,,,,,,,,,,,
Sun,Lisbon Airport,Évora,10800,22019,LIS,,,,,,,,,,,,,,,,,
Sun,Lisbon Airport,Faro,10800,22020,LIS,,,,,,,,,,,,,,,,,
Sun,Lisbon Airport,Faro Airport,10800,10809,LIS,,,,,,,,,,,,,,,,,
Sun,Lisbon Airport,Fátima,10800,21822,LIS,,,,,,,,,,,,,,,,,
Sun,Lisbon Airport,Ferrel,10800,31560,LIS,,,,,,,,,,,,,,,,,
Sun,Lisbon Airport,Figueira Da Foz,10800,21823,LIS,,,,,,,,,,,,,,,,,
Sun,Lisbon Airport,Foz Do Arelho,10800,25336,LIS,,,,,,,,,,,,,,,,,
Sun,Lisbon Airport,Grandola,10800,31224,LIS,,,,,,,,,,,,,,,,,
Sun,Lisbon Airport,Leiria,10800,21826,LIS,,,,,,,,,,,,,,,,,
Sun,Lisbon Airport,Lisbon Airport,10800,10800,LIS,,,,,,,,,,,,,,,,,
Sun,Lisbon Airport,Lisbon Cruise Port,10800,40499,LIS,,,,,,,,,,,,,,,,,
Sun,Lisbon Airport,Lisbon Orient Train Station,10800,40494,LIS,,,,,,,,,,,,,,,,,
Sun,Lisbon Airport,Madrid Airport,10800,10576,LIS,,,,,,,,,,,,,,,,,
Sun,Lisbon Airport,Mafra,10800,22678,LIS,,,,,,,,,,,,,,,,,
Sun,Lisbon Airport,Montijo,10800,30967,LIS,,,,,,,,,,,,,,,,,
Sun,Lisbon Airport,Óbidos,10800,22025,LIS,,,,,,,,,,,,,,,,,
Sun,Lisbon Airport,Palmela,10800,22027,LIS,,,,,,,,,,,,,,,,,
Sun,Lisbon Airport,Parede,10800,41378,LIS,,,,,,,,,,,,,,,,,
Sun,Lisbon Airport,Peniche,10800,22028,LIS,,,,,,,,,,,,,,,,,
Sun,Lisbon Airport,Porches,10800,22182,LIS,,,,,,,,,,,,,,,,,
Sun,Lisbon Airport,Portimao,10800,10792,LIS,,,,,,,,,,,,,,,,,
Sun,Lisbon Airport,Porto Airport,10800,21810,LIS,,,,,,,,,,,,,,,,,
Sun,Lisbon Airport,Porto Covo,10800,34057,LIS,,,,,,,,,,,,,,,,,
Sun,Lisbon Airport,Praia Del Rey,10800,22029,LIS,,,,,,,,,,,,,,,,,
Sun,Lisbon Airport,Quarteira,10800,10784,LIS,,,,,,,,,,,,,,,,,
Sun,Lisbon Airport,Queijas,10800,36589,LIS,,,,,,,,,,,,,,,,,
Sun,Lisbon Airport,Quinta Da Marinha,10800,22030,LIS,,,,,,,,,,,,,,,,,
Sun,Lisbon Airport,Rio Maior,10800,26469,LIS,,,,,,,,,,,,,,,,,
Sun,Lisbon Airport,Salir Do Porto,10800,25459,LIS,,,,,,,,,,,,,,,,,
Sun,Lisbon Airport,Santa Cruz (Portugal),10800,26571,LIS,,,,,,,,,,,,,,,,,
Sun,Lisbon Airport,Sao Martinho Do Porto,10800,23222,LIS,,,,,,,,,,,,,,,,,
Sun,Lisbon Airport,Seixal,10800,26597,LIS,,,,,,,,,,,,,,,,,
Sun,Lisbon Airport,Sesimbra,10800,22031,LIS,,,,,,,,,,,,,,,,,
Sun,Lisbon Airport,Setubal,10800,22032,LIS,,,,,,,,,,,,,,,,,
Sun,Lisbon Airport,Sines,10800,22034,LIS,,,,,,,,,,,,,,,,,
Sun,Lisbon Airport,Sintra,10800,22035,LIS,,,,,,,,,,,,,,,,,
Sun,Lisbon Airport,Torres Vedras,10800,21932,LIS,,,,,,,,,,,,,,,,,
Sun,Lisbon Airport,Vilamoura,10800,10785,LIS,,,,,,,,,,,,,,,,,
Sun,Liverpool Airport (LPL),Birmingham,27943,27702,LPL,,,,,,,,,,,,,,,,,
Sun,Liverpool Airport (LPL),Blackpool,27943,27940,LPL,,,,,,,,,,,,,,,,,
Sun,Liverpool Airport (LPL),Burnley,27943,36101,LPL,,,,,,,,,,,,,,,,,
Sun,Liverpool Airport (LPL),Crosby,27943,35581,LPL,,,,,,,,,,,,,,,,,
Sun,Liverpool Airport (LPL),Ellesmere Port,27943,33989,LPL,,,,,,,,,,,,,,,,,
Sun,Liverpool Airport (LPL),Leeds,27943,27648,LPL,,,,,,,,,,,,,,,,,
Sun,Liverpool Airport (LPL),Liverpool,27943,27720,LPL,,,,,,,,,,,,,,,,,
Sun,Liverpool Airport (LPL),Manchester,27943,27657,LPL,,,,,,,,,,,,,,,,,
Sun,Liverpool Airport (LPL),Rainford,27943,35040,LPL,,,,,,,,,,,,,,,,,
Sun,Liverpool Airport (LPL),Runcorn,27943,30088,LPL,,,,,,,,,,,,,,,,,
Sun,Liverpool Airport (LPL),Sheffield,27943,27656,LPL,,,,,,,,,,,,,,,,,
Sun,Liverpool Airport (LPL),Stoke-On-Trent,27943,27709,LPL,,,,,,,,,,,,,,,,,
Sun,Liverpool Airport (LPL),Whixall,27943,31455,LPL,,,,,,,,,,,,,,,,,
Sun,Liverpool Airport (LPL),Wigan,27943,34220,LPL,,,,,,,,,,,,,,,,,
Sun,Liverpool Airport (LPL),Wirral,27943,43684,LPL,,,,,,,,,,,,,,,,,
Sun,Ljubljana Airport,Bad Kleinkirchheim,25323,22961,LJU,,,,,,,,,,,,,,,,,
Sun,Ljubljana Airport,Bled,25323,25340,LJU,,,,,,,,,,,,,,,,,
Sun,Ljubljana Airport,Bohinj Lake,25323,25338,LJU,,,,,,,,,,,,,,,,,
Sun,Ljubljana Airport,Bohinjska Bistrica,25323,30065,LJU,,,,,,,,,,,,,,,,,
Sun,Ljubljana Airport,Celje,25323,25350,LJU,,,,,,,,,,,,,,,,,
Sun,Ljubljana Airport,Izola,25323,25650,LJU,,,,,,,,,,,,,,,,,
Sun,Ljubljana Airport,Koper,25323,25356,LJU,,,,,,,,,,,,,,,,,
Sun,Ljubljana Airport,Kranjska Gora,25323,25341,LJU,,,,,,,,,,,,,,,,,
Sun,Ljubljana Airport,Laško,25323,35632,LJU,,,,,,,,,,,,,,,,,
Sun,Ljubljana Airport,Ljubljana,25323,25337,LJU,,,,,,,,,,,,,,,,,
Sun,Ljubljana Airport,Maria Wörth,25323,33438,LJU,,,,,,,,,,,,,,,,,
Sun,Ljubljana Airport,Maribor,25323,25339,LJU,,,,,,,,,,,,,,,,,
Sun,Ljubljana Airport,Nova Gorica,25323,25353,LJU,,,,,,,,,,,,,,,,,
Sun,Ljubljana Airport,Novo Mesto,25323,25342,LJU,,,,,,,,,,,,,,,,,
Sun,Ljubljana Airport,Piran,25323,25345,LJU,,,,,,,,,,,,,,,,,
Sun,Ljubljana Airport,Rijeka,25323,25053,LJU,,,,,,,,,,,,,,,,,
Sun,Ljubljana Airport,Rogaška Slatina,25323,32091,LJU,,,,,,,,,,,,,,,,,
Sun,Ljubljana Airport,Rovinj,25323,25348,LJU,,,,,,,,,,,,,,,,,
Sun,Ljubljana Airport,Schladming,25323,22534,LJU,,,,,,,,,,,,,,,,,
Sun,Ljubljana Airport,Tabor,25323,21881,LJU,,,,,,,,,,,,,,,,,
Sun,Ljubljana Airport,Tarvisio,25323,34238,LJU,,,,,,,,,,,,,,,,,
Sun,Ljubljana Airport,Tolmin,25323,34200,LJU,,,,,,,,,,,,,,,,,
Sun,Ljubljana Airport,Trieste,25323,21636,LJU,,,,,,,,,,,,,,,,,
Sun,Ljubljana Airport,Umag,25323,25357,LJU,,,,,,,,,,,,,,,,,
Sun,Ljubljana Airport,Vienna Airport,25323,23411,LJU,,,,,,,,,,,,,,,,,
Sun,Lleida Airport,Grau Roig (Andorra),36095,20827,ILD,,,,,,,,,,,,,,,,,
Sun,Lleida Airport,Huesca,36095,21005,ILD,,,,,,,,,,,,,,,,,
Sun,Lleida Airport,La Massana (Andorra),36095,10468,ILD,,,,,,,,,,,,,,,,,
Sun,Lleida Airport,Mollerussa,36095,43214,ILD,,,,,,,,,,,,,,,,,
Sun,Lleida Airport,Ordino (Andorra),36095,10479,ILD,,,,,,,,,,,,,,,,,
Sun,Lleida Airport,Pas De La Casa (Andorra),36095,10120,ILD,,,,,,,,,,,,,,,,,
Sun,Lleida Airport,Soldeu (Andorra),36095,10499,ILD,,,,,,,,,,,,,,,,,
Sun,Lleida Airport,Tortosa,36095,20986,ILD,,,,,,,,,,,,,,,,,
Sun,Lodz Airport,Baluty,30595,30572,LCJ,,,,,,,,,,,,,,,,,
Sun,Lodz Airport,Czestochowa,30595,25401,LCJ,,,,,,,,,,,,,,,,,
Sun,Lodz Airport,Katowice,30595,25398,LCJ,,,,,,,,,,,,,,,,,
Sun,Lodz Airport,Konin,30595,35531,LCJ,,,,,,,,,,,,,,,,,
Sun,Lodz Airport,Kowalewo Pomorskie,30595,35839,LCJ,,,,,,,,,,,,,,,,,
Sun,Lodz Airport,Krakow,30595,25396,LCJ,,,,,,,,,,,,,,,,,
Sun,Lodz Airport,Kutno,30595,28972,LCJ,,,,,,,,,,,,,,,,,
Sun,Lodz Airport,Pabianice,30595,30597,LCJ,,,,,,,,,,,,,,,,,
Sun,Lodz Airport,Turek,30595,34399,LCJ,,,,,,,,,,,,,,,,,
Sun,Lodz Airport,Wartkowice,30595,38378,LCJ,,,,,,,,,,,,,,,,,
Sun,Lodz Airport,Wloclawek,30595,30598,LCJ,,,,,,,,,,,,,,,,,
Sun,Lodz Airport,Zgierz,30595,30573,LCJ,,,,,,,,,,,,,,,,,
Sun,Lombok Airport,Kute,29995,29993,LOP,,,,,,,,,,,,,,,,,
Sun,Lombok Airport,Mataram,29995,33064,LOP,,,,,,,,,,,,,,,,,
Sun,Lombok Airport,Medana,29995,29992,LOP,,,,,,,,,,,,,,,,,
Sun,Lombok Airport,Senggigi,29995,29990,LOP,,,,,,,,,,,,,,,,,
Sun,London City Airport (LCY),Brighton,28256,27827,LCY,,,,,,,,,,,,,,,,,
Sun,London City Airport (LCY),Clapham (London),28256,35027,LCY,,,,,,,,,,,,,,,,,
Sun,London City Airport (LCY),Fitzrovia,28256,34878,LCY,,,,,,,,,,,,,,,,,
Sun,London City Airport (LCY),Horley,28256,35920,LCY,,,,,,,,,,,,,,,,,
Sun,London City Airport (LCY),London Gatwick Airport,28256,27944,LCY,,,,,,,,,,,,,,,,,
Sun,London City Airport (LCY),Oxford,28256,27791,LCY,,,,,,,,,,,,,,,,,
Sun,London City Airport (LCY),Rochester,28256,37915,LCY,,,,,,,,,,,,,,,,,
Sun,London City Airport (LCY),Southampton,28256,27793,LCY,,,,,,,,,,,,,,,,,
Sun,London City Airport (LCY),Southampton Port,28256,27829,LCY,,,,,,,,,,,,,,,,,
Sun,London City Airport (LCY),Whitechapel (London),28256,31243,LCY,,,,,,,,,,,,,,,,,
Sun,London Gatwick Airport,Brighton,27944,27827,LGW,,,,,,,,,,,,,,,,,
Sun,London Gatwick Airport,Buxted,27944,30358,LGW,,,,,,,,,,,,,,,,,
Sun,London Gatwick Airport,Chessington,27944,34450,LGW,,,,,,,,,,,,,,,,,
Sun,London Gatwick Airport,Hove,27944,29929,LGW,,,,,,,,,,,,,,,,,
Sun,London Gatwick Airport,Liverpool,27944,27720,LGW,,,,,,,,,,,,,,,,,
Sun,London Gatwick Airport,Manchester,27944,27657,LGW,,,,,,,,,,,,,,,,,
Sun,London Gatwick Airport,Nottingham,27944,27669,LGW,,,,,,,,,,,,,,,,,
Sun,London Gatwick Airport,Orpington,27944,35335,LGW,,,,,,,,,,,,,,,,,
Sun,London Gatwick Airport,Oxford,27944,27791,LGW,,,,,,,,,,,,,,,,,
Sun,London Gatwick Airport,Southampton,27944,27793,LGW,,,,,,,,,,,,,,,,,
Sun,London Gatwick Airport,Southampton Port,27944,27829,LGW,,,,,,,,,,,,,,,,,
Sun,London Gatwick Airport,Tonbridge,27944,37477,LGW,,,,,,,,,,,,,,,,,
Sun,London Gatwick Airport,Vauxhall (London),27944,35029,LGW,,,,,,,,,,,,,,,,,
Sun,London Gatwick Airport,Wembley (London),27944,31240,LGW,,,,,,,,,,,,,,,,,
Sun,London Gatwick Airport,Westminster (London),27944,31242,LGW,,,,,,,,,,,,,,,,,
Sun,London Gatwick Airport,Wimbledon (London),27944,31244,LGW,,,,,,,,,,,,,,,,,
Sun,London Gatwick Airport,Winchester,27944,27828,LGW,,,,,,,,,,,,,,,,,
Sun,London Gatwick Airport,Windsor,27944,28854,LGW,,,,,,,,,,,,,,,,,
Sun,London Heathrow Airport (LHR),Bath,27945,27797,LHR,,,,,,,,,,,,,,,,,
Sun,London Heathrow Airport (LHR),Birmingham,27945,27702,LHR,,,,,,,,,,,,,,,,,
Sun,London Heathrow Airport (LHR),Bracknell,27945,33527,LHR,,,,,,,,,,,,,,,,,
Sun,London Heathrow Airport (LHR),Brighton,27945,27827,LHR,,,,,,,,,,,,,,,,,
Sun,London Heathrow Airport (LHR),Fitzrovia,27945,34878,LHR,,,,,,,,,,,,,,,,,
Sun,London Heathrow Airport (LHR),Hove,27945,29929,LHR,,,,,,,,,,,,,,,,,
Sun,London Heathrow Airport (LHR),London Gatwick Airport,27945,27944,LHR,,,,,,,,,,,,,,,,,
Sun,London Heathrow Airport (LHR),Oxford,27945,27791,LHR,,,,,,,,,,,,,,,,,
Sun,London Heathrow Airport (LHR),Slough,27945,28855,LHR,,,,,,,,,,,,,,,,,
Sun,London Heathrow Airport (LHR),Southampton,27945,27793,LHR,,,,,,,,,,,,,,,,,
Sun,London Heathrow Airport (LHR),Southampton Port,27945,27829,LHR,,,,,,,,,,,,,,,,,
Sun,London Heathrow Airport (LHR),Stowmarket,27945,36643,LHR,,,,,,,,,,,,,,,,,
Sun,London Heathrow Airport (LHR),Uxbridge,27945,28979,LHR,,,,,,,,,,,,,,,,,
Sun,London Heathrow Airport (LHR),Windsor,27945,28854,LHR,,,,,,,,,,,,,,,,,
Sun,London Luton Airport,Berkhamsted,28093,29964,LTN,,,,,,,,,,,,,,,,,
Sun,London Luton Airport,Enfield,28093,22715,LTN,,,,,,,,,,,,,,,,,
Sun,London Luton Airport,Hammersmith (London),28093,35656,LTN,,,,,,,,,,,,,,,,,
Sun,London Luton Airport,Hemel Hempstead,28093,29963,LTN,,,,,,,,,,,,,,,,,
Sun,London Luton Airport,Horsham,28093,29799,LTN,,,,,,,,,,,,,,,,,
Sun,London Luton Airport,London Gatwick Airport,28093,27944,LTN,,,,,,,,,,,,,,,,,
Sun,London Luton Airport,Milton Keynes,28093,27711,LTN,,,,,,,,,,,,,,,,,
Sun,London Luton Airport,Oxford,28093,27791,LTN,,,,,,,,,,,,,,,,,
Sun,London Luton Airport,Silverstone,28093,31622,LTN,,,,,,,,,,,,,,,,,
Sun,London Luton Airport,Southampton,28093,27793,LTN,,,,,,,,,,,,,,,,,
Sun,London Luton Airport,Southampton Port,28093,27829,LTN,,,,,,,,,,,,,,,,,
Sun,London Luton Airport,Warwick,28093,27710,LTN,,,,,,,,,,,,,,,,,
Sun,London Luton Airport,Wembley (London),28093,31240,LTN,,,,,,,,,,,,,,,,,
Sun,London Luton Airport,Westminster (London),28093,31242,LTN,,,,,,,,,,,,,,,,,
Sun,London Southend Airport (SEN),Finsbury Park (London),28389,33836,SEN,,,,,,,,,,,,,,,,,
Sun,London Southend Airport (SEN),Harwich Cruise Port,28389,29673,SEN,,,,,,,,,,,,,,,,,
Sun,London Southend Airport (SEN),Oxford,28389,27791,SEN,,,,,,,,,,,,,,,,,
Sun,London Southend Airport (SEN),Whitechapel (London),28389,31243,SEN,,,,,,,,,,,,,,,,,
Sun,London Stansted Airport,Bexley,28220,35139,STN,,,,,,,,,,,,,,,,,
Sun,London Stansted Airport,Brighton,28220,27827,STN,,,,,,,,,,,,,,,,,
Sun,London Stansted Airport,Enfield,28220,22715,STN,,,,,,,,,,,,,,,,,
Sun,London Stansted Airport,Finsbury Park (London),28220,33836,STN,,,,,,,,,,,,,,,,,
Sun,London Stansted Airport,Hemel Hempstead,28220,29963,STN,,,,,,,,,,,,,,,,,
Sun,London Stansted Airport,Horley,28220,35920,STN,,,,,,,,,,,,,,,,,
Sun,London Stansted Airport,Leicester,28220,27703,STN,,,,,,,,,,,,,,,,,
Sun,London Stansted Airport,Leighton Buzzard,28220,35515,STN,,,,,,,,,,,,,,,,,
Sun,London Stansted Airport,Letchworth Garden City,28220,36132,STN,,,,,,,,,,,,,,,,,
Sun,London Stansted Airport,Leyton (London),28220,36728,STN,,,,,,,,,,,,,,,,,
Sun,London Stansted Airport,London Gatwick Airport,28220,27944,STN,,,,,,,,,,,,,,,,,
Sun,London Stansted Airport,Manchester,28220,27657,STN,,,,,,,,,,,,,,,,,
Sun,London Stansted Airport,Milton Keynes,28220,27711,STN,,,,,,,,,,,,,,,,,
Sun,London Stansted Airport,Oxford,28220,27791,STN,,,,,,,,,,,,,,,,,
Sun,London Stansted Airport,Peterborough,28220,27872,STN,,,,,,,,,,,,,,,,,
Sun,London Stansted Airport,Southampton,28220,27793,STN,,,,,,,,,,,,,,,,,
Sun,London Stansted Airport,Southampton Port,28220,27829,STN,,,,,,,,,,,,,,,,,
Sun,London Stansted Airport,Wembley (London),28220,31240,STN,,,,,,,,,,,,,,,,,
Sun,London Stansted Airport,Westminster (London),28220,31242,STN,,,,,,,,,,,,,,,,,
Sun,London Stansted Airport,Wimbledon (London),28220,31244,STN,,,,,,,,,,,,,,,,,
Sun,London Stansted Airport,Windsor,28220,28854,STN,,,,,,,,,,,,,,,,,
Sun,Long Beach Airport (LGB),Anaheim,32758,28989,LGB,,,,,,,,,,,,,,,,,
Sun,Long Beach Airport (LGB),Costa Mesa,32758,31284,LGB,,,,,,,,,,,,,,,,,
Sun,Long Beach Airport (LGB),Delano,32758,36656,LGB,,,,,,,,,,,,,,,,,
Sun,Long Beach Airport (LGB),Irvine (California),32758,30351,LGB,,,,,,,,,,,,,,,,,
Sun,Long Beach Airport (LGB),Laguna Beach (California),32758,29467,LGB,,,,,,,,,,,,,,,,,
Sun,Long Beach Airport (LGB),Oxnard,32758,31516,LGB,,,,,,,,,,,,,,,,,
Sun,Long Beach Airport (LGB),Palmdale,32758,33068,LGB,,,,,,,,,,,,,,,,,
Sun,Long Beach Airport (LGB),Riverside,32758,32284,LGB,,,,,,,,,,,,,,,,,
Sun,Long Beach Airport (LGB),San Pedro,32758,35976,LGB,,,,,,,,,,,,,,,,,
Sun,Long Beach Airport (LGB),Santa Ana,32758,10109,LGB,,,,,,,,,,,,,,,,,
Sun,Long Beach Airport (LGB),Santa Barbara,32758,29797,LGB,,,,,,,,,,,,,,,,,
Sun,Long Beach Airport (LGB),Torrance,32758,29016,LGB,,,,,,,,,,,,,,,,,
Sun,Los Angeles Airport,Agoura Hills,28963,33962,LAX,,,,,,,,,,,,,,,,,
Sun,Los Angeles Airport,Alhambra,28963,33269,LAX,,,,,,,,,,,,,,,,,
Sun,Los Angeles Airport,Aliso Viejo,28963,33285,LAX,,,,,,,,,,,,,,,,,
Sun,Los Angeles Airport,Anaheim,28963,28989,LAX,,,,,,,,,,,,,,,,,
Sun,Los Angeles Airport,Bellflower,28963,37704,LAX,,,,,,,,,,,,,,,,,
Sun,Los Angeles Airport,Beverly Hills,28963,28990,LAX,,,,,,,,,,,,,,,,,
Sun,Los Angeles Airport,Buena Park,28963,35527,LAX,,,,,,,,,,,,,,,,,
Sun,Los Angeles Airport,Camarillo,28963,34822,LAX,,,,,,,,,,,,,,,,,
Sun,Los Angeles Airport,Claremont (Los Angeles),28963,34532,LAX,,,,,,,,,,,,,,,,,
Sun,Los Angeles Airport,Clovis,28963,38091,LAX,,,,,,,,,,,,,,,,,
Sun,Los Angeles Airport,Cypress,28963,33721,LAX,,,,,,,,,,,,,,,,,
Sun,Los Angeles Airport,Delano,28963,36656,LAX,,,,,,,,,,,,,,,,,
Sun,Los Angeles Airport,Disneyland Resort (Los Angeles),28963,28991,LAX,,,,,,,,,,,,,,,,,
Sun,Los Angeles Airport,Eagle Rock,28963,36623,LAX,,,,,,,,,,,,,,,,,
Sun,Los Angeles Airport,Eastvale,28963,33119,LAX,,,,,,,,,,,,,,,,,
Sun,Los Angeles Airport,Fresno,28963,36591,LAX,,,,,,,,,,,,,,,,,
Sun,Los Angeles Airport,Fullerton,28963,31522,LAX,,,,,,,,,,,,,,,,,
Sun,Los Angeles Airport,Gardena (California),28963,31901,LAX,,,,,,,,,,,,,,,,,
Sun,Los Angeles Airport,Hermosa Beach,28963,28993,LAX,,,,,,,,,,,,,,,,,
Sun,Los Angeles Airport,Hollywood (California),28963,28994,LAX,,,,,,,,,,,,,,,,,
Sun,Los Angeles Airport,Indian Wells,28963,32683,LAX,,,,,,,,,,,,,,,,,
Sun,Los Angeles Airport,Inglewood,28963,35720,LAX,,,,,,,,,,,,,,,,,
Sun,Los Angeles Airport,Irvine (California),28963,30351,LAX,,,,,,,,,,,,,,,,,
Sun,Los Angeles Airport,Laguna Beach (California),28963,29467,LAX,,,,,,,,,,,,,,,,,
Sun,Los Angeles Airport,Laguna Hills,28963,31295,LAX,,,,,,,,,,,,,,,,,
Sun,Los Angeles Airport,Lake Elsinore,28963,29877,LAX,,,,,,,,,,,,,,,,,
Sun,Los Angeles Airport,Long Beach Cruise Terminal,28963,28996,LAX,,,,,,,,,,,,,,,,,
Sun,Los Angeles Airport,Los Angeles,28963,22358,LAX,,,,,,,,,,,,,,,,,
Sun,Los Angeles Airport,Los Angeles Downtown,28963,28992,LAX,,,,,,,,,,,,,,,,,
Sun,Los Angeles Airport,Monterey Park,28963,36361,LAX,,,,,,,,,,,,,,,,,
Sun,Los Angeles Airport,Moreno Valley,28963,31430,LAX,,,,,,,,,,,,,,,,,
Sun,Los Angeles Airport,Oceanside,28963,29796,LAX,,,,,,,,,,,,,,,,,
Sun,Los Angeles Airport,Ontario (California),28963,30701,LAX,,,,,,,,,,,,,,,,,
Sun,Los Angeles Airport,Oxnard,28963,31516,LAX,,,,,,,,,,,,,,,,,
Sun,Los Angeles Airport,Pacific Palisades,28963,34805,LAX,,,,,,,,,,,,,,,,,
Sun,Los Angeles Airport,Palmdale,28963,33068,LAX,,,,,,,,,,,,,,,,,
Sun,Los Angeles Airport,Rancho Palos Verdes,28963,30689,LAX,,,,,,,,,,,,,,,,,
Sun,Los Angeles Airport,Redlands,28963,36694,LAX,,,,,,,,,,,,,,,,,
Sun,Los Angeles Airport,Riverside,28963,32284,LAX,,,,,,,,,,,,,,,,,
Sun,Los Angeles Airport,Santa Ana,28963,10109,LAX,,,,,,,,,,,,,,,,,
Sun,Los Angeles Airport,Seal Beach,28963,31437,LAX,,,,,,,,,,,,,,,,,
Sun,Los Angeles Airport,Sherman Oaks,28963,31550,LAX,,,,,,,,,,,,,,,,,
Sun,Los Angeles Airport,Signal Hill,28963,37853,LAX,,,,,,,,,,,,,,,,,
Sun,Los Angeles Airport,Somis,28963,33771,LAX,,,,,,,,,,,,,,,,,
Sun,Los Angeles Airport,Torrance,28963,29016,LAX,,,,,,,,,,,,,,,,,
Sun,Los Angeles Airport,Universal Studios Hollywood,28963,29840,LAX,,,,,,,,,,,,,,,,,
Sun,Los Angeles Airport,West Hollywood,28963,36423,LAX,,,,,,,,,,,,,,,,,
Sun,Los Angeles Airport,Woodland Hills,28963,32059,LAX,,,,,,,,,,,,,,,,,
Sun,Los Cabos Airport,Cabo Bello,28408,33111,SJD,,,,,,,,,,,,,,,,,
Sun,Los Cabos Airport,La Paz,28408,22349,SJD,,,,,,,,,,,,,,,,,
Sun,Lourdes Airport (LDE),Agen,23220,23107,LDE,,,,,,,,,,,,,,,,,
Sun,Lourdes Airport (LDE),Argeles-Gazost,23220,27077,LDE,,,,,,,,,,,,,,,,,
Sun,Lourdes Airport (LDE),Auch,23220,23112,LDE,,,,,,,,,,,,,,,,,
Sun,Lourdes Airport (LDE),Bagneres-De-Bigorre,23220,29922,LDE,,,,,,,,,,,,,,,,,
Sun,Lourdes Airport (LDE),Bareges,23220,23169,LDE,,,,,,,,,,,,,,,,,
Sun,Lourdes Airport (LDE),Cahors,23220,23151,LDE,,,,,,,,,,,,,,,,,
Sun,Lourdes Airport (LDE),Castelnaudary,23220,21698,LDE,,,,,,,,,,,,,,,,,
Sun,Lourdes Airport (LDE),Cauterets,23220,23170,LDE,,,,,,,,,,,,,,,,,
Sun,Lourdes Airport (LDE),Gavarnie,23220,23167,LDE,,,,,,,,,,,,,,,,,
Sun,Lourdes Airport (LDE),Gourette,23220,23165,LDE,,,,,,,,,,,,,,,,,
Sun,Lourdes Airport (LDE),La Mongie,23220,23161,LDE,,,,,,,,,,,,,,,,,
Sun,Lourdes Airport (LDE),Lourdes,23220,23126,LDE,,,,,,,,,,,,,,,,,
Sun,Lourdes Airport (LDE),Montauban,23220,23153,LDE,,,,,,,,,,,,,,,,,
Sun,Lourdes Airport (LDE),Ordino (Andorra),23220,10479,LDE,,,,,,,,,,,,,,,,,
Sun,Lourdes Airport (LDE),Pas De La Casa (Andorra),23220,10120,LDE,,,,,,,,,,,,,,,,,
Sun,Lourdes Airport (LDE),Pau,23220,23136,LDE,,,,,,,,,,,,,,,,,
Sun,Lourdes Airport (LDE),Piau Engaly,23220,23163,LDE,,,,,,,,,,,,,,,,,
Sun,Lourdes Airport (LDE),Saint-Jean-Pied-De-Port,23220,23218,LDE,,,,,,,,,,,,,,,,,
Sun,Lourdes Airport (LDE),Saint-Lary-Soulan,23220,23164,LDE,,,,,,,,,,,,,,,,,
Sun,Lourdes Airport (LDE),San Sebastián / Donostia,23220,20720,LDE,,,,,,,,,,,,,,,,,
Sun,Lourdes Airport (LDE),Superbagneres,23220,23171,LDE,,,,,,,,,,,,,,,,,
Sun,Lourdes Airport (LDE),Tarbes,23220,23172,LDE,,,,,,,,,,,,,,,,,
Sun,Lublin Airport,Biala Podlaska,30584,25290,LUZ,,,,,,,,,,,,,,,,,
Sun,Lublin Airport,Katowice,30584,25398,LUZ,,,,,,,,,,,,,,,,,
Sun,Lublin Airport,Parczew,30584,36275,LUZ,,,,,,,,,,,,,,,,,
Sun,Lublin Airport,Radomsko,30584,31939,LUZ,,,,,,,,,,,,,,,,,
Sun,Lublin Airport,Wroclaw City Centre,30584,26706,LUZ,,,,,,,,,,,,,,,,,
Sun,Lublin Airport,Zamosc,30584,35628,LUZ,,,,,,,,,,,,,,,,,
Sun,Lublin Airport,Zemborzyce Tereszy?skie,30584,38400,LUZ,,,,,,,,,,,,,,,,,
Sun,Lugano Airport (LUG),Milan Malpensa Airport,44508,21752,LUG,,,,,,,,,,,,,,,,,
Sun,Luxembourg Airport,Bernkastel-Kues,24155,27534,LUX,,,,,,,,,,,,,,,,,
Sun,Luxembourg Airport,Brussels Zaventem Airport,24155,22415,LUX,,,,,,,,,,,,,,,,,
Sun,Luxembourg Airport,Frankfurt Am Main,24155,22448,LUX,,,,,,,,,,,,,,,,,
Sun,Luxembourg Airport,Larochette,24155,30748,LUX,,,,,,,,,,,,,,,,,
Sun,Luxembourg Airport,Metz,24155,22451,LUX,,,,,,,,,,,,,,,,,
Sun,Luxembourg Airport,Nancy,24155,22453,LUX,,,,,,,,,,,,,,,,,
Sun,Luxembourg Airport,Paris,24155,21879,LUX,,,,,,,,,,,,,,,,,
Sun,Luxembourg Airport,Saarbrücken,24155,22454,LUX,,,,,,,,,,,,,,,,,
Sun,Luxembourg Airport,Scheierhaff,24155,33862,LUX,,,,,,,,,,,,,,,,,
Sun,Luxembourg Airport,Strasbourg,24155,22455,LUX,,,,,,,,,,,,,,,,,
Sun,Luxembourg Airport,Traben-Trarbach,24155,32368,LUX,,,,,,,,,,,,,,,,,
Sun,Luxembourg Airport,Völklingen,24155,25431,LUX,,,,,,,,,,,,,,,,,
Sun,Luxor Airport,Qena,26628,35674,LXR,,,,,,,,,,,,,,,,,
Sun,Luxor Airport,Taba,26628,25559,LXR,,,,,,,,,,,,,,,,,
Sun,Lyon Airport,Albertville,10669,26963,LYS,,,,,,,,,,,,,,,,,
Sun,Lyon Airport,Ars-Sur-Formans,10669,26962,LYS,,,,,,,,,,,,,,,,,
Sun,Lyon Airport,Beaune,10669,23096,LYS,,,,,,,,,,,,,,,,,
Sun,Lyon Airport,Belle Plagne,10669,28285,LYS,,,,,,,,,,,,,,,,,
Sun,Lyon Airport,Bourg D'oisans,10669,10633,LYS,,,,,,,,,,,,,,,,,
Sun,Lyon Airport,Bron,10669,32910,LYS,,,,,,,,,,,,,,,,,
Sun,Lyon Airport,Chamonix,10669,10637,LYS,,,,,,,,,,,,,,,,,
Sun,Lyon Airport,Charette-Varennes,10669,32577,LYS,,,,,,,,,,,,,,,,,
Sun,Lyon Airport,Chassieu,10669,26935,LYS,,,,,,,,,,,,,,,,,
Sun,Lyon Airport,Clermont-Ferrand,10669,29934,LYS,,,,,,,,,,,,,,,,,
Sun,Lyon Airport,Courchevel,10669,10641,LYS,,,,,,,,,,,,,,,,,
Sun,Lyon Airport,Dijon,10669,23419,LYS,,,,,,,,,,,,,,,,,
Sun,Lyon Airport,Écully,10669,32387,LYS,,,,,,,,,,,,,,,,,
Sun,Lyon Airport,Gassin,10669,23281,LYS,,,,,,,,,,,,,,,,,
Sun,Lyon Airport,Geneva Airport,10669,10668,LYS,,,,,,,,,,,,,,,,,
Sun,Lyon Airport,La Côte-Saint-André,10669,31979,LYS,,,,,,,,,,,,,,,,,
Sun,Lyon Airport,La Plagne,10669,10647,LYS,,,,,,,,,,,,,,,,,
Sun,Lyon Airport,La Rosiere (Montvalezan),10669,10746,LYS,,,,,,,,,,,,,,,,,
Sun,Lyon Airport,La Salle-Les-Alpes,10669,22050,LYS,,,,,,,,,,,,,,,,,
Sun,Lyon Airport,La Tania,10669,10648,LYS,,,,,,,,,,,,,,,,,
Sun,Lyon Airport,La Toussuire,10669,10649,LYS,,,,,,,,,,,,,,,,,
Sun,Lyon Airport,Le Puy-En-Velay,10669,28928,LYS,,,,,,,,,,,,,,,,,
Sun,Lyon Airport,Les Allues,10669,23787,LYS,,,,,,,,,,,,,,,,,
Sun,Lyon Airport,Les Arcs,10669,25234,LYS,,,,,,,,,,,,,,,,,
Sun,Lyon Airport,Les Arcs (1600 / 1800),10669,23789,LYS,,,,,,,,,,,,,,,,,
Sun,Lyon Airport,Les Arcs (1950 / 2000),10669,10652,LYS,,,,,,,,,,,,,,,,,
Sun,Lyon Airport,Les Coches,10669,10739,LYS,,,,,,,,,,,,,,,,,
Sun,Lyon Airport,Les Deux Alpes,10669,10653,LYS,,,,,,,,,,,,,,,,,
Sun,Lyon Airport,Les Menuires,10669,10654,LYS,,,,,,,,,,,,,,,,,
Sun,Lyon Airport,Lyon Perrache Train Station,10669,41189,LYS,,,,,,,,,,,,,,,,,
Sun,Lyon Airport,Mâcon,10669,27224,LYS,,,,,,,,,,,,,,,,,
Sun,Lyon Airport,Megeve,10669,10767,LYS,,,,,,,,,,,,,,,,,
Sun,Lyon Airport,Meribel,10669,10657,LYS,,,,,,,,,,,,,,,,,
Sun,Lyon Airport,Montchavin,10669,10740,LYS,,,,,,,,,,,,,,,,,
Sun,Lyon Airport,Morzine,10669,10749,LYS,,,,,,,,,,,,,,,,,
Sun,Lyon Airport,Oz En Oisans,10669,10658,LYS,,,,,,,,,,,,,,,,,
Sun,Lyon Airport,Peisey-Nancroix,10669,22056,LYS,,,,,,,,,,,,,,,,,
Sun,Lyon Airport,Saint-Étienne,10669,26770,LYS,,,,,,,,,,,,,,,,,
Sun,Lyon Airport,Samoens,10669,10750,LYS,,,,,,,,,,,,,,,,,
Sun,Lyon Airport,Serre Chevalier (La Salle-Les-Alpes),10669,10659,LYS,,,,,,,,,,,,,,,,,
Sun,Lyon Airport,Tignes,10669,10661,LYS,,,,,,,,,,,,,,,,,
Sun,Lyon Airport,Val Thorens,10669,10664,LYS,,,,,,,,,,,,,,,,,
Sun,Lyon Airport,Valence,10669,30091,LYS,,,,,,,,,,,,,,,,,
Sun,Lyon Airport,Valmorel,10669,10733,LYS,,,,,,,,,,,,,,,,,
Sun,Lyon Airport,Vaujany,10669,10665,LYS,,,,,,,,,,,,,,,,,
Sun,Lyon Airport,Vénissieux,10669,36648,LYS,,,,,,,,,,,,,,,,,
Sun,Lyon Airport,Vichy,10669,29935,LYS,,,,,,,,,,,,,,,,,
Sun,Lyon Airport,Vienne,10669,22060,LYS,,,,,,,,,,,,,,,,,
Sun,Lyon Airport,Villefranche-Sur-Saône,10669,22061,LYS,,,,,,,,,,,,,,,,,
Sun,Maceio Airport,Boca Da Mata,43018,43028,MCZ,,,,,,,,,,,,,,,,,
Sun,Maceio Airport,João Pessoa,43018,32026,MCZ,,,,,,,,,,,,,,,,,
Sun,Maceio Airport,Matriz De Camaragibe,43018,43072,MCZ,,,,,,,,,,,,,,,,,
Sun,Maceio Airport,Messias,43018,43073,MCZ,,,,,,,,,,,,,,,,,
Sun,Maceio Airport,Olho D'água Do Casado,43018,43080,MCZ,,,,,,,,,,,,,,,,,
Sun,Maceio Airport,Penedo (Alagoas),43018,43089,MCZ,,,,,,,,,,,,,,,,,
Sun,Maceio Airport,Pindoba,43018,43093,MCZ,,,,,,,,,,,,,,,,,
Sun,Maceio Airport,Recife,43018,26526,MCZ,,,,,,,,,,,,,,,,,
Sun,Maceio Airport,Salvador,43018,26517,MCZ,,,,,,,,,,,,,,,,,
Sun,Maceio Airport,São José Da Tapera,43018,43106,MCZ,,,,,,,,,,,,,,,,,
Sun,Maceio Airport,São Miguel Dos Milagres,43018,32871,MCZ,,,,,,,,,,,,,,,,,
Sun,Maceio Airport,Teotônio Vilela,43018,43114,MCZ,,,,,,,,,,,,,,,,,
Sun,Mactan-Cebu Airport,Angeles (Philippines),31011,32096,CEB,,,,,,,,,,,,,,,,,
Sun,Mactan-Cebu Airport,Nasugbu,31011,31394,CEB,,,,,,,,,,,,,,,,,
Sun,Mactan-Cebu Airport,Olongapo,31011,31555,CEB,,,,,,,,,,,,,,,,,
Sun,Mactan-Cebu Airport,San Remigio,31011,32755,CEB,,,,,,,,,,,,,,,,,
Sun,Mactan-Cebu Airport,Urdaneta City,31011,32093,CEB,,,,,,,,,,,,,,,,,
Sun,Madrid Airport,Alcalá De Henares,10576,21027,MAD,,,,,,,,,,,,,,,,,
Sun,Madrid Airport,Alcázar De San Juan,10576,21028,MAD,,,,,,,,,,,,,,,,,
Sun,Madrid Airport,Alcobendas,10576,21029,MAD,,,,,,,,,,,,,,,,,
Sun,Madrid Airport,Alcorcón,10576,21030,MAD,,,,,,,,,,,,,,,,,
Sun,Madrid Airport,Aranjuez,10576,21037,MAD,,,,,,,,,,,,,,,,,
Sun,Madrid Airport,Astorga,10576,24718,MAD,,,,,,,,,,,,,,,,,
Sun,Madrid Airport,Ávila,10576,10274,MAD,,,,,,,,,,,,,,,,,
Sun,Madrid Airport,Boadilla Del Monte,10576,21050,MAD,,,,,,,,,,,,,,,,,
Sun,Madrid Airport,Fuenlabrada,10576,21094,MAD,,,,,,,,,,,,,,,,,
Sun,Madrid Airport,Getafe,10576,21102,MAD,,,,,,,,,,,,,,,,,
Sun,Madrid Airport,Guadalajara,10576,21104,MAD,,,,,,,,,,,,,,,,,
Sun,Madrid Airport,Madrid Airport,10576,10576,MAD,,,,,,,,,,,,,,,,,
Sun,Madrid Airport,Madrid Atocha Train Station,10576,40304,MAD,,,,,,,,,,,,,,,,,
Sun,Madrid Airport,Majadahonda,10576,21121,MAD,,,,,,,,,,,,,,,,,
Sun,Madrid Airport,Pinto,10576,21160,MAD,,,,,,,,,,,,,,,,,
Sun,Madrid Airport,Plasencia,10576,21162,MAD,,,,,,,,,,,,,,,,,
Sun,Madrid Airport,Pozuelo De Alarcón,10576,21164,MAD,,,,,,,,,,,,,,,,,
Sun,Madrid Airport,Salamanca,10576,10278,MAD,,,,,,,,,,,,,,,,,
Sun,Madrid Airport,Sarria (Lugo),10576,24662,MAD,,,,,,,,,,,,,,,,,
Sun,Madrid Airport,Segovia,10576,10279,MAD,,,,,,,,,,,,,,,,,
Sun,Madrid Airport,Soto Del Real,10576,21198,MAD,,,,,,,,,,,,,,,,,
Sun,Madrid Airport,Toledo,10576,10280,MAD,,,,,,,,,,,,,,,,,
Sun,Madrid Airport,Valdepenas,10576,21221,MAD,,,,,,,,,,,,,,,,,
Sun,Madrid Airport,Valladolid,10576,10281,MAD,,,,,,,,,,,,,,,,,
Sun,Madrid Airport,Valverde (Madrid),10576,36421,MAD,,,,,,,,,,,,,,,,,
Sun,Madrid Airport,Warner Bros Movie World,10576,10282,MAD,,,,,,,,,,,,,,,,,
Sun,Malaga Airport,Alcaidesa,10577,22120,AGP,,,,,,,,,,,,,,,,,
Sun,Malaga Airport,Algeciras,10577,10245,AGP,,,,,,,,,,,,,,,,,
Sun,Malaga Airport,Alhama De Granada,10577,22796,AGP,,,,,,,,,,,,,,,,,
Sun,Malaga Airport,Alhaurín De La Torre,10577,22121,AGP,,,,,,,,,,,,,,,,,
Sun,Malaga Airport,Almunecar,10577,10039,AGP,,,,,,,,,,,,,,,,,
Sun,Malaga Airport,Alora,10577,23229,AGP,,,,,,,,,,,,,,,,,
Sun,Malaga Airport,Antequera,10577,10287,AGP,,,,,,,,,,,,,,,,,
Sun,Malaga Airport,Archidona,10577,24715,AGP,,,,,,,,,,,,,,,,,
Sun,Malaga Airport,Ardales,10577,27305,AGP,,,,,,,,,,,,,,,,,
Sun,Malaga Airport,Arenas,10577,37055,AGP,,,,,,,,,,,,,,,,,
Sun,Malaga Airport,Atalaya Isdabe,10577,34068,AGP,,,,,,,,,,,,,,,,,
Sun,Malaga Airport,Benahavís,10577,10289,AGP,,,,,,,,,,,,,,,,,
Sun,Malaga Airport,Benajarafe,10577,21471,AGP,,,,,,,,,,,,,,,,,
Sun,Malaga Airport,Benalmádena,10577,10290,AGP,,,,,,,,,,,,,,,,,
Sun,Malaga Airport,Benalmádena Costa,10577,10291,AGP,,,,,,,,,,,,,,,,,
Sun,Malaga Airport,Cádiz,10577,10200,AGP,,,,,,,,,,,,,,,,,
Sun,Malaga Airport,Caleta De Vélez,10577,10935,AGP,,,,,,,,,,,,,,,,,
Sun,Malaga Airport,Cancelada,10577,20701,AGP,,,,,,,,,,,,,,,,,
Sun,Malaga Airport,Canillas De Aceituno,10577,34391,AGP,,,,,,,,,,,,,,,,,
Sun,Malaga Airport,Chipiona,10577,10253,AGP,,,,,,,,,,,,,,,,,
Sun,Malaga Airport,Comares,10577,22470,AGP,,,,,,,,,,,,,,,,,
Sun,Malaga Airport,Cómpeta,10577,22124,AGP,,,,,,,,,,,,,,,,,
Sun,Malaga Airport,Conil De La Frontera,10577,10250,AGP,,,,,,,,,,,,,,,,,
Sun,Malaga Airport,El Faro,10577,23859,AGP,,,,,,,,,,,,,,,,,
Sun,Malaga Airport,El Palo,10577,22125,AGP,,,,,,,,,,,,,,,,,
Sun,Malaga Airport,El Paraiso,10577,33635,AGP,,,,,,,,,,,,,,,,,
Sun,Malaga Airport,Elviria,10577,10591,AGP,,,,,,,,,,,,,,,,,
Sun,Malaga Airport,Estepona,10577,10204,AGP,,,,,,,,,,,,,,,,,
Sun,Malaga Airport,Faro Airport,10577,10809,AGP,,,,,,,,,,,,,,,,,
Sun,Malaga Airport,Frigiliana,10577,10301,AGP,,,,,,,,,,,,,,,,,
Sun,Malaga Airport,Fuengirola,10577,10302,AGP,,,,,,,,,,,,,,,,,
Sun,Malaga Airport,Gibraltar Frontier - La Línea De La Concepción,10577,10255,AGP,,,,,,,,,,,,,,,,,
Sun,Malaga Airport,Granada Airport,10577,10573,AGP,,,,,,,,,,,,,,,,,
Sun,Malaga Airport,Guadalmar,10577,23232,AGP,,,,,,,,,,,,,,,,,
Sun,Malaga Airport,La Cala Golf Resort (Mijas),10577,24381,AGP,,,,,,,,,,,,,,,,,
Sun,Malaga Airport,La Herradura,10577,10047,AGP,,,,,,,,,,,,,,,,,
Sun,Malaga Airport,Lanjarón,10577,24866,AGP,,,,,,,,,,,,,,,,,
Sun,Malaga Airport,Los Barrios,10577,37669,AGP,,,,,,,,,,,,,,,,,
Sun,Malaga Airport,Malaga Airport,10577,10577,AGP,,,,,,,,,,,,,,,,,
Sun,Malaga Airport,Malaga Cruise Port,10577,40429,AGP,,,,,,,,,,,,,,,,,
Sun,Malaga Airport,Malaga Train Station,10577,40430,AGP,,,,,,,,,,,,,,,,,
Sun,Malaga Airport,Manilva,10577,10311,AGP,,,,,,,,,,,,,,,,,
Sun,Malaga Airport,Marbesa (Urb.),10577,22407,AGP,,,,,,,,,,,,,,,,,
Sun,Malaga Airport,Mijas,10577,10313,AGP,,,,,,,,,,,,,,,,,
Sun,Malaga Airport,Mojacar,10577,10019,AGP,,,,,,,,,,,,,,,,,
Sun,Malaga Airport,Monda,10577,23235,AGP,,,,,,,,,,,,,,,,,
Sun,Malaga Airport,Motril,10577,10053,AGP,,,,,,,,,,,,,,,,,
Sun,Malaga Airport,Nerja,10577,10055,AGP,,,,,,,,,,,,,,,,,
Sun,Malaga Airport,Novo Sancti Petri,10577,10263,AGP,,,,,,,,,,,,,,,,,
Sun,Malaga Airport,Nueva Andalucía,10577,10590,AGP,,,,,,,,,,,,,,,,,
Sun,Malaga Airport,Pedregalejo,10577,33875,AGP,,,,,,,,,,,,,,,,,
Sun,Malaga Airport,Playa Granada,10577,22458,AGP,,,,,,,,,,,,,,,,,
Sun,Malaga Airport,Puerto Banús,10577,10317,AGP,,,,,,,,,,,,,,,,,
Sun,Malaga Airport,Puerto De La Duquesa,10577,10318,AGP,,,,,,,,,,,,,,,,,
Sun,Malaga Airport,Rincón De La Victoria,10577,10058,AGP,,,,,,,,,,,,,,,,,
Sun,Malaga Airport,Riviera Del Sol,10577,23858,AGP,,,,,,,,,,,,,,,,,
Sun,Malaga Airport,Ronda,10577,10266,AGP,,,,,,,,,,,,,,,,,
Sun,Malaga Airport,Roquetas De Mar,10577,10027,AGP,,,,,,,,,,,,,,,,,
Sun,Malaga Airport,Salobrena,10577,10060,AGP,,,,,,,,,,,,,,,,,
Sun,Malaga Airport,San Pedro De Alcántara,10577,10597,AGP,,,,,,,,,,,,,,,,,
Sun,Malaga Airport,Seville Airport,10577,10582,AGP,,,,,,,,,,,,,,,,,
Sun,Malaga Airport,Sitio De Calahonda (Mijas),10577,22975,AGP,,,,,,,,,,,,,,,,,
Sun,Malaga Airport,Sotogrande,10577,10270,AGP,,,,,,,,,,,,,,,,,
Sun,Malaga Airport,Tarifa,10577,10271,AGP,,,,,,,,,,,,,,,,,
Sun,Malaga Airport,Torre Del Mar,10577,10064,AGP,,,,,,,,,,,,,,,,,
Sun,Malaga Airport,Torreblanca,10577,20705,AGP,,,,,,,,,,,,,,,,,
Sun,Malaga Airport,Torremolinos,10577,10330,AGP,,,,,,,,,,,,,,,,,
Sun,Malaga Airport,Torrequebrada,10577,27155,AGP,,,,,,,,,,,,,,,,,
Sun,Malaga Airport,Torrox,10577,10065,AGP,,,,,,,,,,,,,,,,,
Sun,Malaga Airport,Torrox Costa,10577,10066,AGP,,,,,,,,,,,,,,,,,
Sun,Mallorca Airport,Alcúdia,10580,10404,PMI,,,,,,,,,,,,,,,,,
Sun,Mallorca Airport,Andratx,10580,10405,PMI,,,,,,,,,,,,,,,,,
Sun,Mallorca Airport,Badia Gran,10580,23848,PMI,,,,,,,,,,,,,,,,,
Sun,Mallorca Airport,Cala Blava,10580,23844,PMI,,,,,,,,,,,,,,,,,
Sun,Mallorca Airport,Cala Bona,10580,10408,PMI,,,,,,,,,,,,,,,,,
Sun,Mallorca Airport,Cala D'or,10580,10409,PMI,,,,,,,,,,,,,,,,,
Sun,Mallorca Airport,Cala Ferrera,10580,45621,PMI,,,,,,,,,,,,,,,,,
Sun,Mallorca Airport,Cala Fornells,10580,10411,PMI,,,,,,,,,,,,,,,,,
Sun,Mallorca Airport,Cala Major,10580,10412,PMI,,,,,,,,,,,,,,,,,
Sun,Mallorca Airport,Cala Mendia,10580,27641,PMI,,,,,,,,,,,,,,,,,
Sun,Mallorca Airport,Cala Mesquida,10580,23248,PMI,,,,,,,,,,,,,,,,,
Sun,Mallorca Airport,Cala Millor,10580,10413,PMI,,,,,,,,,,,,,,,,,
Sun,Mallorca Airport,Cala Murada,10580,10854,PMI,,,,,,,,,,,,,,,,,
Sun,Mallorca Airport,Cala Ratjada,10580,10415,PMI,,,,,,,,,,,,,,,,,
Sun,Mallorca Airport,Cala Santanyí,10580,10618,PMI,,,,,,,,,,,,,,,,,
Sun,Mallorca Airport,Cales De Mallorca,10580,10418,PMI,,,,,,,,,,,,,,,,,
Sun,Mallorca Airport,Calvia,10580,31519,PMI,,,,,,,,,,,,,,,,,
Sun,Mallorca Airport,Camp De Mar,10580,10419,PMI,,,,,,,,,,,,,,,,,
Sun,Mallorca Airport,Campanet,10580,24458,PMI,,,,,,,,,,,,,,,,,
Sun,Mallorca Airport,Can Pastilla,10580,10420,PMI,,,,,,,,,,,,,,,,,
Sun,Mallorca Airport,Can Picafort,10580,10421,PMI,,,,,,,,,,,,,,,,,
Sun,Mallorca Airport,Canyamel,10580,10422,PMI,,,,,,,,,,,,,,,,,
Sun,Mallorca Airport,Capdepera,10580,24897,PMI,,,,,,,,,,,,,,,,,
Sun,Mallorca Airport,Costa De La Calma,10580,43899,PMI,,,,,,,,,,,,,,,,,
Sun,Mallorca Airport,El Toro,10580,25448,PMI,,,,,,,,,,,,,,,,,
Sun,Mallorca Airport,Felanitx,10580,25447,PMI,,,,,,,,,,,,,,,,,
Sun,Mallorca Airport,Font De Sa Cala,10580,27201,PMI,,,,,,,,,,,,,,,,,
Sun,Mallorca Airport,Genoa,10580,21980,PMI,,,,,,,,,,,,,,,,,
Sun,Mallorca Airport,Inca,10580,33605,PMI,,,,,,,,,,,,,,,,,
Sun,Mallorca Airport,Lloseta,10580,31041,PMI,,,,,,,,,,,,,,,,,
Sun,Mallorca Airport,Llucmajor,10580,10426,PMI,,,,,,,,,,,,,,,,,
Sun,Mallorca Airport,Magaluf,10580,10427,PMI,,,,,,,,,,,,,,,,,
Sun,Mallorca Airport,Mallorca Airport,10580,10580,PMI,,,,,,,,,,,,,,,,,
Sun,Mallorca Airport,Manacor,10580,27071,PMI,,,,,,,,,,,,,,,,,
Sun,Mallorca Airport,Paguera,10580,10428,PMI,,,,,,,,,,,,,,,,,
Sun,Mallorca Airport,Palma De Mallorca,10580,10429,PMI,,,,,,,,,,,,,,,,,
Sun,Mallorca Airport,Palma Mallorca Cruise Port,10580,40431,PMI,,,,,,,,,,,,,,,,,
Sun,Mallorca Airport,Palma Nova,10580,10430,PMI,,,,,,,,,,,,,,,,,
Sun,Mallorca Airport,Palmanova,10580,37481,PMI,,,,,,,,,,,,,,,,,
Sun,Mallorca Airport,Playa De Palma,10580,10431,PMI,,,,,,,,,,,,,,,,,
Sun,Mallorca Airport,Pollença,10580,10616,PMI,,,,,,,,,,,,,,,,,
Sun,Mallorca Airport,Port D'andratx,10580,10855,PMI,,,,,,,,,,,,,,,,,
Sun,Mallorca Airport,Port De Pollença,10580,10436,PMI,,,,,,,,,,,,,,,,,
Sun,Mallorca Airport,Port De Sóller,10580,10437,PMI,,,,,,,,,,,,,,,,,
Sun,Mallorca Airport,Portals Nous,10580,10433,PMI,,,,,,,,,,,,,,,,,
Sun,Mallorca Airport,Porto Cristo,10580,10435,PMI,,,,,,,,,,,,,,,,,
Sun,Mallorca Airport,Portocolom,10580,10434,PMI,,,,,,,,,,,,,,,,,
Sun,Mallorca Airport,Portol,10580,29549,PMI,,,,,,,,,,,,,,,,,
Sun,Mallorca Airport,S'illot,10580,10440,PMI,,,,,,,,,,,,,,,,,
Sun,Mallorca Airport,Sa Coma,10580,10438,PMI,,,,,,,,,,,,,,,,,
Sun,Mallorca Airport,Sant Elm,10580,22793,PMI,,,,,,,,,,,,,,,,,
Sun,Mallorca Airport,Sant Llorenc Des Cardassar,10580,32087,PMI,,,,,,,,,,,,,,,,,
Sun,Mallorca Airport,Santa Ponça,10580,10439,PMI,,,,,,,,,,,,,,,,,
Sun,Mallorca Airport,Sóller,10580,24373,PMI,,,,,,,,,,,,,,,,,
Sun,Mallorca Airport,Son Servera,10580,25677,PMI,,,,,,,,,,,,,,,,,
Sun,Mallorca Airport,Son Vida,10580,10442,PMI,,,,,,,,,,,,,,,,,
Sun,Malmö Airport,Helsingborg,25325,30588,MMX,,,,,,,,,,,,,,,,,
Sun,Malmö Airport,Lund,25325,29067,MMX,,,,,,,,,,,,,,,,,
Sun,Malmö Airport,Malmo Cruise Port,25325,30587,MMX,,,,,,,,,,,,,,,,,
Sun,Malmö Airport,Ystad,25325,30591,MMX,,,,,,,,,,,,,,,,,
Sun,Malta International Airport,Birgu,10977,10910,MLA,,,,,,,,,,,,,,,,,
Sun,Malta International Airport,Birkirkara,10977,10911,MLA,,,,,,,,,,,,,,,,,
Sun,Malta International Airport,Bugibba,10977,10914,MLA,,,,,,,,,,,,,,,,,
Sun,Malta International Airport,Cirkewwa,10977,10915,MLA,,,,,,,,,,,,,,,,,
Sun,Malta International Airport,Floriana,10977,10918,MLA,,,,,,,,,,,,,,,,,
Sun,Malta International Airport,Ghaxaq,10977,10920,MLA,,,,,,,,,,,,,,,,,
Sun,Malta International Airport,Marfa,10977,27049,MLA,,,,,,,,,,,,,,,,,
Sun,Malta International Airport,Marsaxlokk,10977,10939,MLA,,,,,,,,,,,,,,,,,
Sun,Malta International Airport,Mellieha,10977,10941,MLA,,,,,,,,,,,,,,,,,
Sun,Malta International Airport,Msida,10977,10945,MLA,,,,,,,,,,,,,,,,,
Sun,Malta International Airport,Naxxar,10977,10947,MLA,,,,,,,,,,,,,,,,,
Sun,Malta International Airport,Paceville,10977,45595,MLA,,,,,,,,,,,,,,,,,
Sun,Malta International Airport,Pieta,10977,10950,MLA,,,,,,,,,,,,,,,,,
Sun,Malta International Airport,Qawra,10977,10951,MLA,,,,,,,,,,,,,,,,,
Sun,Malta International Airport,Saint Julians,10977,10961,MLA,,,,,,,,,,,,,,,,,
Sun,Malta International Airport,Saint Paul's Bay,10977,10962,MLA,,,,,,,,,,,,,,,,,
Sun,Malta International Airport,Sliema,10977,10960,MLA,,,,,,,,,,,,,,,,,
Sun,Malta International Airport,Valletta,10977,10968,MLA,,,,,,,,,,,,,,,,,
Sun,Malta International Airport,Zabbar,10977,10971,MLA,,,,,,,,,,,,,,,,,
Sun,Malta International Airport,Zejtun,10977,10973,MLA,,,,,,,,,,,,,,,,,
Sun,Managua Airport,Playa Maderas,43762,44632,MGA,,,,,,,,,,,,,,,,,
Sun,Manchester Airport,Barnsley,27926,27655,MAN,,,,,,,,,,,,,,,,,
Sun,Manchester Airport,Birmingham,27926,27702,MAN,,,,,,,,,,,,,,,,,
Sun,Manchester Airport,Blackburn,27926,27666,MAN,,,,,,,,,,,,,,,,,
Sun,Manchester Airport,Blackpool,27926,27940,MAN,,,,,,,,,,,,,,,,,
Sun,Manchester Airport,Bolton,27926,27662,MAN,,,,,,,,,,,,,,,,,
Sun,Manchester Airport,Bradford,27926,27649,MAN,,,,,,,,,,,,,,,,,
Sun,Manchester Airport,Burnley,27926,36101,MAN,,,,,,,,,,,,,,,,,
Sun,Manchester Airport,Buxton,27926,27665,MAN,,,,,,,,,,,,,,,,,
Sun,Manchester Airport,Cheadle,27926,36492,MAN,,,,,,,,,,,,,,,,,
Sun,Manchester Airport,Durham,27926,27816,MAN,,,,,,,,,,,,,,,,,
Sun,Manchester Airport,Ellesmere Port,27926,33989,MAN,,,,,,,,,,,,,,,,,
Sun,Manchester Airport,Halifax,27926,27650,MAN,,,,,,,,,,,,,,,,,
Sun,Manchester Airport,Harrogate,27926,27668,MAN,,,,,,,,,,,,,,,,,
Sun,Manchester Airport,Huddersfield,27926,27651,MAN,,,,,,,,,,,,,,,,,
Sun,Manchester Airport,Leeds,27926,27648,MAN,,,,,,,,,,,,,,,,,
Sun,Manchester Airport,Leicester,27926,27703,MAN,,,,,,,,,,,,,,,,,
Sun,Manchester Airport,Liverpool,27926,27720,MAN,,,,,,,,,,,,,,,,,
Sun,Manchester Airport,Llandudno,27926,31510,MAN,,,,,,,,,,,,,,,,,
Sun,Manchester Airport,Manchester,27926,27657,MAN,,,,,,,,,,,,,,,,,
Sun,Manchester Airport,Newcastle Upon Tyne,27926,27675,MAN,,,,,,,,,,,,,,,,,
Sun,Manchester Airport,Nottingham,27926,27669,MAN,,,,,,,,,,,,,,,,,
Sun,Manchester Airport,Oldham,27926,27659,MAN,,,,,,,,,,,,,,,,,
Sun,Manchester Airport,Sheffield,27926,27656,MAN,,,,,,,,,,,,,,,,,
Sun,Manchester Airport,Stockport,27926,27658,MAN,,,,,,,,,,,,,,,,,
Sun,Manchester Airport,Stoke-On-Trent,27926,27709,MAN,,,,,,,,,,,,,,,,,
Sun,Manchester Airport,Wirral,27926,43684,MAN,,,,,,,,,,,,,,,,,
Sun,Manchester Airport,York,27926,27652,MAN,,,,,,,,,,,,,,,,,
Sun,Manchester Airport (MHT),Allentown (Pennsylvania),27926,30645,MAN,,,,,,,,,,,,,,,,,
Sun,Manchester Airport (MHT),Concord,27926,31282,MAN,,,,,,,,,,,,,,,,,
Sun,Manchester Airport (MHT),Philadelphia (Pennsylvania),27926,29916,MAN,,,,,,,,,,,,,,,,,
Sun,Manchester Airport (MHT),Providence,27926,32058,MAN,,,,,,,,,,,,,,,,,
Sun,Manila Airport,Angeles (Philippines),31007,32096,MNL,,,,,,,,,,,,,,,,,
Sun,Manila Airport,Aringay,31007,32332,MNL,,,,,,,,,,,,,,,,,
Sun,Manila Airport,Baguio,31007,31338,MNL,,,,,,,,,,,,,,,,,
Sun,Manila Airport,Barrio Barretto,31007,32382,MNL,,,,,,,,,,,,,,,,,
Sun,Manila Airport,Batangas,31007,31685,MNL,,,,,,,,,,,,,,,,,
Sun,Manila Airport,Calamba,31007,32171,MNL,,,,,,,,,,,,,,,,,
Sun,Manila Airport,Guiguinto,31007,31575,MNL,,,,,,,,,,,,,,,,,
Sun,Manila Airport,Las Pinas,31007,42273,MNL,,,,,,,,,,,,,,,,,
Sun,Manila Airport,Magalang,31007,32374,MNL,,,,,,,,,,,,,,,,,
Sun,Manila Airport,Nasugbu,31007,31394,MNL,,,,,,,,,,,,,,,,,
Sun,Manila Airport,Olongapo,31007,31555,MNL,,,,,,,,,,,,,,,,,
Sun,Manila Airport,Parañaque,31007,33293,MNL,,,,,,,,,,,,,,,,,
Sun,Manila Airport,Pasay,31007,37492,MNL,,,,,,,,,,,,,,,,,
Sun,Manila Airport,San Jose del Monte,31007,34816,MNL,,,,,,,,,,,,,,,,,
Sun,Manila Airport,Siniloan,31007,31941,MNL,,,,,,,,,,,,,,,,,
Sun,Manila Airport,Taguig,31007,33139,MNL,,,,,,,,,,,,,,,,,
Sun,Manila Airport,Urdaneta City,31007,32093,MNL,,,,,,,,,,,,,,,,,
Sun,Marrakech Airport,Aqua Mirage Club,20710,37658,RAK,,,,,,,,,,,,,,,,,
Sun,Marrakech Airport,Asni,20710,21428,RAK,,,,,,,,,,,,,,,,,
Sun,Marrakech Airport,Atlas Targa & Resort,20710,30562,RAK,,,,,,,,,,,,,,,,,
Sun,Marrakech Airport,Beni-Mellal,20710,35161,RAK,,,,,,,,,,,,,,,,,
Sun,Marrakech Airport,Chrifia,20710,36758,RAK,,,,,,,,,,,,,,,,,
Sun,Marrakech Airport,Dar Tounsi,20710,33315,RAK,,,,,,,,,,,,,,,,,
Sun,Marrakech Airport,Douar Lahna,20710,30795,RAK,,,,,,,,,,,,,,,,,
Sun,Marrakech Airport,El Jadida,20710,21438,RAK,,,,,,,,,,,,,,,,,
Sun,Marrakech Airport,Errachidia,20710,39522,RAK,,,,,,,,,,,,,,,,,
Sun,Marrakech Airport,Essaouira,20710,20713,RAK,,,,,,,,,,,,,,,,,
Sun,Marrakech Airport,Imintanoute,20710,33471,RAK,,,,,,,,,,,,,,,,,
Sun,Marrakech Airport,Imsouane,20710,36944,RAK,,,,,,,,,,,,,,,,,
Sun,Marrakech Airport,Khouribga,20710,33311,RAK,,,,,,,,,,,,,,,,,
Sun,Marrakech Airport,La Palmeraie,20710,20714,RAK,,,,,,,,,,,,,,,,,
Sun,Marrakech Airport,Lalla Takerkoust,20710,29700,RAK,,,,,,,,,,,,,,,,,
Sun,Marrakech Airport,Marrakech City (Excl. Medina),20710,20715,RAK,,,,,,,,,,,,,,,,,
Sun,Marrakech Airport,Marrakech Medina (Main Entrance),20710,40270,RAK,,,,,,,,,,,,,,,,,
Sun,Marrakech Airport,Meknes,20710,21440,RAK,,,,,,,,,,,,,,,,,
Sun,Marrakech Airport,Merzouga,20710,21447,RAK,,,,,,,,,,,,,,,,,
Sun,Marrakech Airport,Ouahat Sidi Brahim,20710,35964,RAK,,,,,,,,,,,,,,,,,
Sun,Marrakech Airport,Oualidia,20710,21441,RAK,,,,,,,,,,,,,,,,,
Sun,Marrakech Airport,Oujda,20710,29672,RAK,,,,,,,,,,,,,,,,,
Sun,Marrakech Airport,Oukaimeden,20710,21449,RAK,,,,,,,,,,,,,,,,,
Sun,Marrakech Airport,Rabat,20710,10954,RAK,,,,,,,,,,,,,,,,,
Sun,Marrakech Airport,Safi (Morocco),20710,29693,RAK,,,,,,,,,,,,,,,,,
Sun,Marrakech Airport,Semlalia,20710,40014,RAK,,,,,,,,,,,,,,,,,
Sun,Marrakech Airport,Settat,20710,35519,RAK,,,,,,,,,,,,,,,,,
Sun,Marrakech Airport,Setti Fadma,20710,21432,RAK,,,,,,,,,,,,,,,,,
Sun,Marrakech Airport,Sidi Abdallah Ghiat,20710,41163,RAK,,,,,,,,,,,,,,,,,
Sun,Marrakech Airport,Sidi Bouzguia,20710,29966,RAK,,,,,,,,,,,,,,,,,
Sun,Marrakech Airport,Taj Palace Marrakech,20710,29138,RAK,,,,,,,,,,,,,,,,,
Sun,Marrakech Airport,Tamraght,20710,29685,RAK,,,,,,,,,,,,,,,,,
Sun,Marrakech Airport,Tangier,20710,21442,RAK,,,,,,,,,,,,,,,,,
Sun,Marrakech Airport,Taroudant,20710,21436,RAK,,,,,,,,,,,,,,,,,
Sun,Marrakech Airport,Tinghir,20710,21451,RAK,,,,,,,,,,,,,,,,,
Sun,Marrakech Airport,Zagora,20710,21452,RAK,,,,,,,,,,,,,,,,,
Sun,Marsa Alam Airport,Madinat Coraya (Jaz Lamaya),32703,35948,RMF,,,,,,,,,,,,,,,,,
Sun,Marseille Airport,Apt,21705,25414,MRS,,,,,,,,,,,,,,,,,
Sun,Marseille Airport,Arles,21705,21706,MRS,,,,,,,,,,,,,,,,,
Sun,Marseille Airport,Aubagne,21705,29183,MRS,,,,,,,,,,,,,,,,,
Sun,Marseille Airport,Bandol,21705,21708,MRS,,,,,,,,,,,,,,,,,
Sun,Marseille Airport,Bédoin,21705,31731,MRS,,,,,,,,,,,,,,,,,
Sun,Marseille Airport,Bonnieux,21705,27005,MRS,,,,,,,,,,,,,,,,,
Sun,Marseille Airport,Bormes-Les-Mimosas,21705,22367,MRS,,,,,,,,,,,,,,,,,
Sun,Marseille Airport,Brignoles,21705,27480,MRS,,,,,,,,,,,,,,,,,
Sun,Marseille Airport,Cabriès,21705,32933,MRS,,,,,,,,,,,,,,,,,
Sun,Marseille Airport,Cannes,21705,10821,MRS,,,,,,,,,,,,,,,,,
Sun,Marseille Airport,Cap D'agde,21705,21675,MRS,,,,,,,,,,,,,,,,,
Sun,Marseille Airport,Caromb,21705,32013,MRS,,,,,,,,,,,,,,,,,
Sun,Marseille Airport,Carpentras,21705,31203,MRS,,,,,,,,,,,,,,,,,
Sun,Marseille Airport,Carry-Le-Rouet,21705,29960,MRS,,,,,,,,,,,,,,,,,
Sun,Marseille Airport,Cassis,21705,21709,MRS,,,,,,,,,,,,,,,,,
Sun,Marseille Airport,Cavaillon,21705,30765,MRS,,,,,,,,,,,,,,,,,
Sun,Marseille Airport,Circuit Paul Ricard,21705,23288,MRS,,,,,,,,,,,,,,,,,
Sun,Marseille Airport,Cogolin,21705,25132,MRS,,,,,,,,,,,,,,,,,
Sun,Marseille Airport,Cotignac,21705,22559,MRS,,,,,,,,,,,,,,,,,
Sun,Marseille Airport,Forcalquier,21705,25492,MRS,,,,,,,,,,,,,,,,,
Sun,Marseille Airport,Fos-Sur-Mer,21705,32583,MRS,,,,,,,,,,,,,,,,,
Sun,Marseille Airport,Fréjus,21705,10823,MRS,,,,,,,,,,,,,,,,,
Sun,Marseille Airport,Gassin,21705,23281,MRS,,,,,,,,,,,,,,,,,
Sun,Marseille Airport,Gordes,21705,25005,MRS,,,,,,,,,,,,,,,,,
Sun,Marseille Airport,Goult,21705,24965,MRS,,,,,,,,,,,,,,,,,
Sun,Marseille Airport,Gréoux-Les-Bains,21705,27479,MRS,,,,,,,,,,,,,,,,,
Sun,Marseille Airport,Hyeres,21705,21712,MRS,,,,,,,,,,,,,,,,,
Sun,Marseille Airport,Isola 2000,21705,10827,MRS,,,,,,,,,,,,,,,,,
Sun,Marseille Airport,L'isle-Sur-La-Sorgue,21705,22676,MRS,,,,,,,,,,,,,,,,,
Sun,Marseille Airport,La Ciotat,21705,21713,MRS,,,,,,,,,,,,,,,,,
Sun,Marseille Airport,La Seyne-Sur-Mer,21705,23380,MRS,,,,,,,,,,,,,,,,,
Sun,Marseille Airport,Le Castellet,21705,23298,MRS,,,,,,,,,,,,,,,,,
Sun,Marseille Airport,Le Lavandou,21705,21715,MRS,,,,,,,,,,,,,,,,,
Sun,Marseille Airport,Le Pradet,21705,25417,MRS,,,,,,,,,,,,,,,,,
Sun,Marseille Airport,Les Deux Alpes,21705,10653,MRS,,,,,,,,,,,,,,,,,
Sun,Marseille Airport,Les Orres,21705,23056,MRS,,,,,,,,,,,,,,,,,
Sun,Marseille Airport,Malaucène,21705,30974,MRS,,,,,,,,,,,,,,,,,
Sun,Marseille Airport,Manosque,21705,34993,MRS,,,,,,,,,,,,,,,,,
Sun,Marseille Airport,Marignane,21705,44040,MRS,,,,,,,,,,,,,,,,,
Sun,Marseille Airport,Marseille Train Station,21705,40501,MRS,,,,,,,,,,,,,,,,,
Sun,Marseille Airport,Martigues,21705,28895,MRS,,,,,,,,,,,,,,,,,
Sun,Marseille Airport,Mazan,21705,27256,MRS,,,,,,,,,,,,,,,,,
Sun,Marseille Airport,Ménerbes,21705,35082,MRS,,,,,,,,,,,,,,,,,
Sun,Marseille Airport,Merindol,21705,45090,MRS,,,,,,,,,,,,,,,,,
Sun,Marseille Airport,Montfort-Sur-Argens,21705,25235,MRS,,,,,,,,,,,,,,,,,
Sun,Marseille Airport,Nans-Les-Pins,21705,30871,MRS,,,,,,,,,,,,,,,,,
Sun,Marseille Airport,Narbonne,21705,21680,MRS,,,,,,,,,,,,,,,,,
Sun,Marseille Airport,Nice Airport,21705,10811,MRS,,,,,,,,,,,,,,,,,
Sun,Marseille Airport,Orange,21705,21719,MRS,,,,,,,,,,,,,,,,,
Sun,Marseille Airport,Orcieres,21705,10713,MRS,,,,,,,,,,,,,,,,,
Sun,Marseille Airport,Orgon,21705,33370,MRS,,,,,,,,,,,,,,,,,
Sun,Marseille Airport,Pertuis,21705,33672,MRS,,,,,,,,,,,,,,,,,
Sun,Marseille Airport,Port-Saint-Louis-Du-Rhone,21705,28273,MRS,,,,,,,,,,,,,,,,,
Sun,Marseille Airport,Ramatuelle,21705,30353,MRS,,,,,,,,,,,,,,,,,
Sun,Marseille Airport,Saint-Mandrier-Sur-Mer,21705,36348,MRS,,,,,,,,,,,,,,,,,
Sun,Marseille Airport,Sanary-Sur-Mer,21705,22462,MRS,,,,,,,,,,,,,,,,,
Sun,Marseille Airport,Sorgues,21705,35524,MRS,,,,,,,,,,,,,,,,,
Sun,Marseille Airport,Tarascon,21705,27489,MRS,,,,,,,,,,,,,,,,,
Sun,Marseille Airport,Toulon,21705,10846,MRS,,,,,,,,,,,,,,,,,
Sun,Marseille Airport,Valréas,21705,36607,MRS,,,,,,,,,,,,,,,,,
Sun,Marseille Airport,Vitrolles,21705,24942,MRS,,,,,,,,,,,,,,,,,
Sun,Maurice Bishop Grenada Airport,Bathway Beach,30461,30447,GND,,,,,,,,,,,,,,,,,
Sun,Maurice Bishop Grenada Airport,Calliste,30461,30430,GND,,,,,,,,,,,,,,,,,
Sun,Maurice Bishop Grenada Airport,Gouyave,30461,30440,GND,,,,,,,,,,,,,,,,,
Sun,Maurice Bishop Grenada Airport,Grand Anse,30461,30426,GND,,,,,,,,,,,,,,,,,
Sun,Maurice Bishop Grenada Airport,Grenville,30461,30443,GND,,,,,,,,,,,,,,,,,
Sun,Maurice Bishop Grenada Airport,La Tante Bay,30461,30444,GND,,,,,,,,,,,,,,,,,
Sun,Maurice Bishop Grenada Airport,Mourne Rouge,30461,30429,GND,,,,,,,,,,,,,,,,,
Sun,Maurice Bishop Grenada Airport,Pink Gin Beach,30461,30446,GND,,,,,,,,,,,,,,,,,
Sun,Maurice Bishop Grenada Airport,Prickly Bay,30461,30445,GND,,,,,,,,,,,,,,,,,
Sun,Maurice Bishop Grenada Airport,Sauteurs,30461,30442,GND,,,,,,,,,,,,,,,,,
Sun,Maurice Bishop Grenada Airport,St Georges,30461,30432,GND,,,,,,,,,,,,,,,,,
Sun,Maurice Bishop Grenada Airport,True Blue,30461,30428,GND,,,,,,,,,,,,,,,,,
Sun,Maurice Bishop Grenada Airport,Victoria (Grenada),30461,30441,GND,,,,,,,,,,,,,,,,,
Sun,Mauritius Airport,Beau Champ,26901,27625,MRU,,,,,,,,,,,,,,,,,
Sun,Mauritius Airport,Chemin Grenier,26901,36311,MRU,,,,,,,,,,,,,,,,,
Sun,Mauritius Airport,Ebène Cybercity,26901,39631,MRU,,,,,,,,,,,,,,,,,
Sun,Mauritius Airport,Grand Retraite,26901,35590,MRU,,,,,,,,,,,,,,,,,
Sun,Mauritius Airport,La Cambuse Public Beach,26901,30613,MRU,,,,,,,,,,,,,,,,,
Sun,Mauritius Airport,Mahebourg,26901,35424,MRU,,,,,,,,,,,,,,,,,
Sun,Mauritius Airport,Pereybere,26901,33116,MRU,,,,,,,,,,,,,,,,,
Sun,Mauritius Airport,Pointe D'esny,26901,34208,MRU,,,,,,,,,,,,,,,,,
Sun,Mauritius Airport,Roches Noires,26901,31574,MRU,,,,,,,,,,,,,,,,,
Sun,Mauritius Airport,Saint Pierre,26901,31296,MRU,,,,,,,,,,,,,,,,,
Sun,Mauritius Airport,Terre Rouge,26901,32764,MRU,,,,,,,,,,,,,,,,,
Sun,Melbourne Airport,Anglesea,28290,32479,MEL,,,,,,,,,,,,,,,,,
Sun,Melbourne Airport,Brighton (Australia),28290,31199,MEL,,,,,,,,,,,,,,,,,
Sun,Melbourne Airport,Derrimut,28290,36537,MEL,,,,,,,,,,,,,,,,,
Sun,Melbourne Airport,Dingley Village,28290,32680,MEL,,,,,,,,,,,,,,,,,
Sun,Melbourne Airport,Doncaster (Victoria),28290,35496,MEL,,,,,,,,,,,,,,,,,
Sun,Melbourne Airport,Dromana,28290,32480,MEL,,,,,,,,,,,,,,,,,
Sun,Melbourne Airport,Eltham,28290,31918,MEL,,,,,,,,,,,,,,,,,
Sun,Melbourne Airport,Elwood,28290,31198,MEL,,,,,,,,,,,,,,,,,
Sun,Melbourne Airport,Ferntree Gully,28290,36445,MEL,,,,,,,,,,,,,,,,,
Sun,Melbourne Airport,Footscray,28290,35596,MEL,,,,,,,,,,,,,,,,,
Sun,Melbourne Airport,Forest Hill (Victoria),28290,29793,MEL,,,,,,,,,,,,,,,,,
Sun,Melbourne Airport,Greensborough,28290,36403,MEL,,,,,,,,,,,,,,,,,
Sun,Melbourne Airport,Highett,28290,35768,MEL,,,,,,,,,,,,,,,,,
Sun,Melbourne Airport,Keilor East,28290,35817,MEL,,,,,,,,,,,,,,,,,
Sun,Melbourne Airport,Kew East,28290,35671,MEL,,,,,,,,,,,,,,,,,
Sun,Melbourne Airport,Kyneton,28290,37679,MEL,,,,,,,,,,,,,,,,,
Sun,Melbourne Airport,Murrumbeena,28290,35664,MEL,,,,,,,,,,,,,,,,,
Sun,Melbourne Airport,Park Orchards,28290,36024,MEL,,,,,,,,,,,,,,,,,
Sun,Melbourne Airport,Preston (Victoria),28290,36025,MEL,,,,,,,,,,,,,,,,,
Sun,Melbourne Airport,Scoresby,28290,37455,MEL,,,,,,,,,,,,,,,,,
Sun,Melbourne Airport,Upwey,28290,32657,MEL,,,,,,,,,,,,,,,,,
Sun,Melbourne Airport,Vic,28290,10613,MEL,,,,,,,,,,,,,,,,,
Sun,Melbourne Airport,Williams Landing,28290,32644,MEL,,,,,,,,,,,,,,,,,
Sun,Melbourne Airport,Williamstown,28290,33398,MEL,,,,,,,,,,,,,,,,,
Sun,Memmingen Airport,Augsburg,23416,23350,FMM,,,,,,,,,,,,,,,,,
Sun,Memmingen Airport,Bad Waldsee,23416,25027,FMM,,,,,,,,,,,,,,,,,
Sun,Memmingen Airport,Bad Wörishofen,23416,26541,FMM,,,,,,,,,,,,,,,,,
Sun,Memmingen Airport,Bregenz,23416,23425,FMM,,,,,,,,,,,,,,,,,
Sun,Memmingen Airport,Dornbirn,23416,23428,FMM,,,,,,,,,,,,,,,,,
Sun,Memmingen Airport,Ehrwald,23416,22234,FMM,,,,,,,,,,,,,,,,,
Sun,Memmingen Airport,Feldkirch,23416,23429,FMM,,,,,,,,,,,,,,,,,
Sun,Memmingen Airport,Fieberbrunn,23416,22239,FMM,,,,,,,,,,,,,,,,,
Sun,Memmingen Airport,Fiss,23416,22241,FMM,,,,,,,,,,,,,,,,,
Sun,Memmingen Airport,Galtür,23416,22262,FMM,,,,,,,,,,,,,,,,,
Sun,Memmingen Airport,Garmisch-Partenkirchen,23416,22660,FMM,,,,,,,,,,,,,,,,,
Sun,Memmingen Airport,Ischgl,23416,22260,FMM,,,,,,,,,,,,,,,,,
Sun,Memmingen Airport,Kappl,23416,22261,FMM,,,,,,,,,,,,,,,,,
Sun,Memmingen Airport,Kaprun,23416,22266,FMM,,,,,,,,,,,,,,,,,
Sun,Memmingen Airport,Kempten,23416,23291,FMM,,,,,,,,,,,,,,,,,
Sun,Memmingen Airport,Kitzbuhel,23416,22271,FMM,,,,,,,,,,,,,,,,,
Sun,Memmingen Airport,Konstanz,23416,25171,FMM,,,,,,,,,,,,,,,,,
Sun,Memmingen Airport,Lech Am Arlberg,23416,22279,FMM,,,,,,,,,,,,,,,,,
Sun,Memmingen Airport,Lermoos,23416,22646,FMM,,,,,,,,,,,,,,,,,
Sun,Memmingen Airport,Meersburg,23416,31292,FMM,,,,,,,,,,,,,,,,,
Sun,Memmingen Airport,Memmingen,23416,23417,FMM,,,,,,,,,,,,,,,,,
Sun,Memmingen Airport,Munich Airport,23416,21801,FMM,,,,,,,,,,,,,,,,,
Sun,Memmingen Airport,Serfaus,23416,22291,FMM,,,,,,,,,,,,,,,,,
Sun,Memmingen Airport,Sölden,23416,22292,FMM,,,,,,,,,,,,,,,,,
Sun,Memmingen Airport,Söll,23416,22293,FMM,,,,,,,,,,,,,,,,,
Sun,Memmingen Airport,Ulm,23416,23316,FMM,,,,,,,,,,,,,,,,,
Sun,Memmingen Airport,Zell Am See,23416,22298,FMM,,,,,,,,,,,,,,,,,
Sun,Menorca Airport,Arenal D'en Castell,10578,10336,MAH,,,,,,,,,,,,,,,,,
Sun,Menorca Airport,Binibequer,10578,10337,MAH,,,,,,,,,,,,,,,,,
Sun,Menorca Airport,Cala Blanca,10578,10340,MAH,,,,,,,,,,,,,,,,,
Sun,Menorca Airport,Cala Galdana,10578,10341,MAH,,,,,,,,,,,,,,,,,
Sun,Menorca Airport,Cala Santandria,10578,10608,MAH,,,,,,,,,,,,,,,,,
Sun,Menorca Airport,Cala'n Blanes,10578,10343,MAH,,,,,,,,,,,,,,,,,
Sun,Menorca Airport,Cala'n Bosch,10578,10344,MAH,,,,,,,,,,,,,,,,,
Sun,Menorca Airport,Cala'n Forcat,10578,10345,MAH,,,,,,,,,,,,,,,,,
Sun,Menorca Airport,Cala'n Porter,10578,10346,MAH,,,,,,,,,,,,,,,,,
Sun,Menorca Airport,Ciutadella,10578,10348,MAH,,,,,,,,,,,,,,,,,
Sun,Menorca Airport,Es Castell,10578,10349,MAH,,,,,,,,,,,,,,,,,
Sun,Menorca Airport,Es Mercadal,10578,10350,MAH,,,,,,,,,,,,,,,,,
Sun,Menorca Airport,Es Migjorn Gran,10578,10351,MAH,,,,,,,,,,,,,,,,,
Sun,Menorca Airport,Fornells (Menorca),10578,10352,MAH,,,,,,,,,,,,,,,,,
Sun,Menorca Airport,Los Delfines,10578,10610,MAH,,,,,,,,,,,,,,,,,
Sun,Menorca Airport,Mahon,10578,10354,MAH,,,,,,,,,,,,,,,,,
Sun,Menorca Airport,Punta Prima (Menorca),10578,10355,MAH,,,,,,,,,,,,,,,,,
Sun,Menorca Airport,S'algar,10578,10356,MAH,,,,,,,,,,,,,,,,,
Sun,Menorca Airport,Sa Caleta,10578,10607,MAH,,,,,,,,,,,,,,,,,
Sun,Menorca Airport,San Jaime Mediterráneo,10578,30875,MAH,,,,,,,,,,,,,,,,,
Sun,Menorca Airport,Sant Lluís,10578,10357,MAH,,,,,,,,,,,,,,,,,
Sun,Menorca Airport,Santo Tomás,10578,10358,MAH,,,,,,,,,,,,,,,,,
Sun,Menorca Airport,Son Bou,10578,10359,MAH,,,,,,,,,,,,,,,,,
Sun,Menorca Airport,Son Parc,10578,10360,MAH,,,,,,,,,,,,,,,,,
Sun,Menorca Airport,Son Xoriguer,10578,10361,MAH,,,,,,,,,,,,,,,,,
Sun,Metz-Nancy Airport (ETZ),Colmar,24154,22447,ETZ,,,,,,,,,,,,,,,,,
Sun,Metz-Nancy Airport (ETZ),Metz,24154,22451,ETZ,,,,,,,,,,,,,,,,,
Sun,Metz-Nancy Airport (ETZ),Mulhouse,24154,22452,ETZ,,,,,,,,,,,,,,,,,
Sun,Metz-Nancy Airport (ETZ),Nancy,24154,22453,ETZ,,,,,,,,,,,,,,,,,
Sun,Metz-Nancy Airport (ETZ),Paris,24154,21879,ETZ,,,,,,,,,,,,,,,,,
Sun,Metz-Nancy Airport (ETZ),Saarbrücken,24154,22454,ETZ,,,,,,,,,,,,,,,,,
Sun,Mexico City Airport,Acapulco,26495,26547,MEX,,,,,,,,,,,,,,,,,
Sun,Mexico City Airport,Agostitlán,26495,35696,MEX,,,,,,,,,,,,,,,,,
Sun,Mexico City Airport,Irapuato,26495,32363,MEX,,,,,,,,,,,,,,,,,
Sun,Mexico City Airport,La Paz,26495,22349,MEX,,,,,,,,,,,,,,,,,
Sun,Mexico City Airport,Magdalena De Las Salinas (Mexico City),26495,36592,MEX,,,,,,,,,,,,,,,,,
Sun,Mexico City Airport,Mexico City Centre,26495,26546,MEX,,,,,,,,,,,,,,,,,
Sun,Mexico City Airport,Naucalpan,26495,35031,MEX,,,,,,,,,,,,,,,,,
Sun,Mexico City Airport,Puerto Vallarta,26495,29761,MEX,,,,,,,,,,,,,,,,,
Sun,Mexico City Airport,San Jose Vista Hermosa,26495,29684,MEX,,,,,,,,,,,,,,,,,
Sun,Mexico City Airport,Taxco,26495,26548,MEX,,,,,,,,,,,,,,,,,
Sun,Mexico City Airport,Tequisquiapan,26495,38094,MEX,,,,,,,,,,,,,,,,,
Sun,Mexico City Airport,Tlaxcala,26495,37748,MEX,,,,,,,,,,,,,,,,,
Sun,Mexico City Airport,Valle De Bravo,26495,28959,MEX,,,,,,,,,,,,,,,,,
Sun,Mexico City Airport,Xalapa City,26495,28860,MEX,,,,,,,,,,,,,,,,,
Sun,Miami Cruise Port,Orlando International Airport,40696,27860,NULL,,,,,,,,,,,,,,,,,
Sun,Miami Cruise Port,Palm Beach Airport,40696,31774,NULL,,,,,,,,,,,,,,,,,
Sun,Miami International Airport,Clermont (Florida),26845,29681,MIA,,,,,,,,,,,,,,,,,
Sun,Miami International Airport,Cocoa Beach,26845,28898,MIA,,,,,,,,,,,,,,,,,
Sun,Miami International Airport,Daytona,26845,28900,MIA,,,,,,,,,,,,,,,,,
Sun,Miami International Airport,Kissimmee,26845,27854,MIA,,,,,,,,,,,,,,,,,
Sun,Miami International Airport,Lauderdale-By-The-Sea,26845,34097,MIA,,,,,,,,,,,,,,,,,
Sun,Miami International Airport,Leesburg,26845,36526,MIA,,,,,,,,,,,,,,,,,
Sun,Miami International Airport,Miami Lakes,26845,29798,MIA,,,,,,,,,,,,,,,,,
Sun,Miami International Airport,Miami Springs,26845,34212,MIA,,,,,,,,,,,,,,,,,
Sun,Miami International Airport,Orlando International Airport,26845,27860,MIA,,,,,,,,,,,,,,,,,
Sun,Miami International Airport,Palm Bay,26845,24263,MIA,,,,,,,,,,,,,,,,,
Sun,Miami International Airport,Port St. Lucie,26845,32765,MIA,,,,,,,,,,,,,,,,,
Sun,Miami International Airport,Sanibel,26845,33537,MIA,,,,,,,,,,,,,,,,,
Sun,Miami International Airport,Sarasota,26845,35252,MIA,,,,,,,,,,,,,,,,,
Sun,Miami International Airport,St. Petersburg (Florida),26845,37777,MIA,,,,,,,,,,,,,,,,,
Sun,Miami International Airport,Sunrise,26845,21879,MIA,,,,,,,,,,,,,,,,,
Sun,Miami International Airport,The Villages,26845,34347,MIA,,,,,,,,,,,,,,,,,
Sun,Miami International Airport,Titusville,26845,29888,MIA,,,,,,,,,,,,,,,,,
Sun,Miami International Airport,Venice (Florida),26845,35443,MIA,,,,,,,,,,,,,,,,,
Sun,Milan Bergamo Airport (BGY),Affi,21755,21728,BGY,,,,,,,,,,,,,,,,,
Sun,Milan Bergamo Airport (BGY),Aosta,21755,21971,BGY,,,,,,,,,,,,,,,,,
Sun,Milan Bergamo Airport (BGY),Aprica,21755,21972,BGY,,,,,,,,,,,,,,,,,
Sun,Milan Bergamo Airport (BGY),Assago,21755,27057,BGY,,,,,,,,,,,,,,,,,
Sun,Milan Bergamo Airport (BGY),Bagnatica,21755,37811,BGY,,,,,,,,,,,,,,,,,
Sun,Milan Bergamo Airport (BGY),Bardolino,21755,21571,BGY,,,,,,,,,,,,,,,,,
Sun,Milan Bergamo Airport (BGY),Barzio,21755,35825,BGY,,,,,,,,,,,,,,,,,
Sun,Milan Bergamo Airport (BGY),Bellagio (Lago Di Como),21755,25516,BGY,,,,,,,,,,,,,,,,,
Sun,Milan Bergamo Airport (BGY),Bellano,21755,27419,BGY,,,,,,,,,,,,,,,,,
Sun,Milan Bergamo Airport (BGY),Bergamo,21755,25679,BGY,,,,,,,,,,,,,,,,,
Sun,Milan Bergamo Airport (BGY),Boario Terme,21755,35323,BGY,,,,,,,,,,,,,,,,,
Sun,Milan Bergamo Airport (BGY),Bologna,21755,25518,BGY,,,,,,,,,,,,,,,,,
Sun,Milan Bergamo Airport (BGY),Bormio,21755,21732,BGY,,,,,,,,,,,,,,,,,
Sun,Milan Bergamo Airport (BGY),Brescia,21755,21733,BGY,,,,,,,,,,,,,,,,,
Sun,Milan Bergamo Airport (BGY),Bresso,21755,31735,BGY,,,,,,,,,,,,,,,,,
Sun,Milan Bergamo Airport (BGY),Breuil Cervinia,21755,25681,BGY,,,,,,,,,,,,,,,,,
Sun,Milan Bergamo Airport (BGY),Brugherio,21755,25682,BGY,,,,,,,,,,,,,,,,,
Sun,Milan Bergamo Airport (BGY),Cadenabbia,21755,25683,BGY,,,,,,,,,,,,,,,,,
Sun,Milan Bergamo Airport (BGY),Camping Bella Italia,21755,28659,BGY,,,,,,,,,,,,,,,,,
Sun,Milan Bergamo Airport (BGY),Camping Cisano,21755,28655,BGY,,,,,,,,,,,,,,,,,
Sun,Milan Bergamo Airport (BGY),Carate Urio,21755,30448,BGY,,,,,,,,,,,,,,,,,
Sun,Milan Bergamo Airport (BGY),Castelnuovo Del Garda,21755,30494,BGY,,,,,,,,,,,,,,,,,
Sun,Milan Bergamo Airport (BGY),Cavaion Veronese,21755,34171,BGY,,,,,,,,,,,,,,,,,
Sun,Milan Bergamo Airport (BGY),Cervinia,21755,10722,BGY,,,,,,,,,,,,,,,,,
Sun,Milan Bergamo Airport (BGY),Chamonix,21755,10637,BGY,,,,,,,,,,,,,,,,,
Sun,Milan Bergamo Airport (BGY),Champoluc-Champlan,21755,25718,BGY,,,,,,,,,,,,,,,,,
Sun,Milan Bergamo Airport (BGY),Cinisello Balsamo,21755,25721,BGY,,,,,,,,,,,,,,,,,
Sun,Milan Bergamo Airport (BGY),Cisano Bergamasco,21755,25722,BGY,,,,,,,,,,,,,,,,,
Sun,Milan Bergamo Airport (BGY),Como,21755,21738,BGY,,,,,,,,,,,,,,,,,
Sun,Milan Bergamo Airport (BGY),Courmayeur,21755,10729,BGY,,,,,,,,,,,,,,,,,
Sun,Milan Bergamo Airport (BGY),Cremona,21755,26315,BGY,,,,,,,,,,,,,,,,,
Sun,Milan Bergamo Airport (BGY),Dervio,21755,33997,BGY,,,,,,,,,,,,,,,,,
Sun,Milan Bergamo Airport (BGY),Desenzano Del Garda,21755,21588,BGY,,,,,,,,,,,,,,,,,
Sun,Milan Bergamo Airport (BGY),Foppolo,21755,28848,BGY,,,,,,,,,,,,,,,,,
Sun,Milan Bergamo Airport (BGY),Gallarate,21755,34683,BGY,,,,,,,,,,,,,,,,,
Sun,Milan Bergamo Airport (BGY),Garda,21755,21591,BGY,,,,,,,,,,,,,,,,,
Sun,Milan Bergamo Airport (BGY),Gardaland,21755,30495,BGY,,,,,,,,,,,,,,,,,
Sun,Milan Bergamo Airport (BGY),Genoa,21755,21980,BGY,,,,,,,,,,,,,,,,,
Sun,Milan Bergamo Airport (BGY),Genoa Cruise Port,21755,25582,BGY,,,,,,,,,,,,,,,,,
Sun,Milan Bergamo Airport (BGY),Grassobbio,21755,28846,BGY,,,,,,,,,,,,,,,,,
Sun,Milan Bergamo Airport (BGY),Iseo,21755,28913,BGY,,,,,,,,,,,,,,,,,
Sun,Milan Bergamo Airport (BGY),La Thuile,21755,10742,BGY,,,,,,,,,,,,,,,,,
Sun,Milan Bergamo Airport (BGY),Lainate,21755,33810,BGY,,,,,,,,,,,,,,,,,
Sun,Milan Bergamo Airport (BGY),Lazise,21755,21598,BGY,,,,,,,,,,,,,,,,,
Sun,Milan Bergamo Airport (BGY),Lecco,21755,27198,BGY,,,,,,,,,,,,,,,,,
Sun,Milan Bergamo Airport (BGY),Lezzeno,21755,27191,BGY,,,,,,,,,,,,,,,,,
Sun,Milan Bergamo Airport (BGY),Lido Di Spina,21755,29086,BGY,,,,,,,,,,,,,,,,,
Sun,Milan Bergamo Airport (BGY),Lierna,21755,33304,BGY,,,,,,,,,,,,,,,,,
Sun,Milan Bergamo Airport (BGY),Lignano Sabbiadoro,21755,34570,BGY,,,,,,,,,,,,,,,,,
Sun,Milan Bergamo Airport (BGY),Limone Sul Garda,21755,25709,BGY,,,,,,,,,,,,,,,,,
Sun,Milan Bergamo Airport (BGY),Livigno,21755,21982,BGY,,,,,,,,,,,,,,,,,
Sun,Milan Bergamo Airport (BGY),Lovere,21755,31251,BGY,,,,,,,,,,,,,,,,,
Sun,Milan Bergamo Airport (BGY),Madesimo,21755,25707,BGY,,,,,,,,,,,,,,,,,
Sun,Milan Bergamo Airport (BGY),Madonna Di Campiglio,21755,21601,BGY,,,,,,,,,,,,,,,,,
Sun,Milan Bergamo Airport (BGY),Malcesine,21755,21602,BGY,,,,,,,,,,,,,,,,,
Sun,Milan Bergamo Airport (BGY),Malgrate,21755,27004,BGY,,,,,,,,,,,,,,,,,
Sun,Milan Bergamo Airport (BGY),Manerba Del Garda,21755,30846,BGY,,,,,,,,,,,,,,,,,
Sun,Milan Bergamo Airport (BGY),Marilleva,21755,32550,BGY,,,,,,,,,,,,,,,,,
Sun,Milan Bergamo Airport (BGY),Melzo,21755,25704,BGY,,,,,,,,,,,,,,,,,
Sun,Milan Bergamo Airport (BGY),Menaggio,21755,25703,BGY,,,,,,,,,,,,,,,,,
Sun,Milan Bergamo Airport (BGY),Mezzana,21755,32774,BGY,,,,,,,,,,,,,,,,,
Sun,Milan Bergamo Airport (BGY),Milan Malpensa Airport,21755,21752,BGY,,,,,,,,,,,,,,,,,
Sun,Milan Bergamo Airport (BGY),Milan Train Station,21755,26670,BGY,,,,,,,,,,,,,,,,,
Sun,Milan Bergamo Airport (BGY),Milano Marittima,21755,27347,BGY,,,,,,,,,,,,,,,,,
Sun,Milan Bergamo Airport (BGY),Modena,21755,25598,BGY,,,,,,,,,,,,,,,,,
Sun,Milan Bergamo Airport (BGY),Moniga Del Garda,21755,31485,BGY,,,,,,,,,,,,,,,,,
Sun,Milan Bergamo Airport (BGY),Monza,21755,25702,BGY,,,,,,,,,,,,,,,,,
Sun,Milan Bergamo Airport (BGY),Mozzate,21755,34545,BGY,,,,,,,,,,,,,,,,,
Sun,Milan Bergamo Airport (BGY),Nembro,21755,33584,BGY,,,,,,,,,,,,,,,,,
Sun,Milan Bergamo Airport (BGY),Noventa Di Piave,21755,22792,BGY,,,,,,,,,,,,,,,,,
Sun,Milan Bergamo Airport (BGY),Olgiate Olona,21755,39848,BGY,,,,,,,,,,,,,,,,,
Sun,Milan Bergamo Airport (BGY),Ortisei,21755,21610,BGY,,,,,,,,,,,,,,,,,
Sun,Milan Bergamo Airport (BGY),Parma,21755,25740,BGY,,,,,,,,,,,,,,,,,
Sun,Milan Bergamo Airport (BGY),Passo Del Tonale,21755,21756,BGY,,,,,,,,,,,,,,,,,
Sun,Milan Bergamo Airport (BGY),Pero,21755,26997,BGY,,,,,,,,,,,,,,,,,
Sun,Milan Bergamo Airport (BGY),Peschiera Del Garda,21755,21612,BGY,,,,,,,,,,,,,,,,,
Sun,Milan Bergamo Airport (BGY),Pinzolo,21755,21757,BGY,,,,,,,,,,,,,,,,,
Sun,Milan Bergamo Airport (BGY),Ponte Di Legno,21755,21759,BGY,,,,,,,,,,,,,,,,,
Sun,Milan Bergamo Airport (BGY),Portofino,21755,25620,BGY,,,,,,,,,,,,,,,,,
Sun,Milan Bergamo Airport (BGY),Puy-Saint-Vincent,21755,10728,BGY,,,,,,,,,,,,,,,,,
Sun,Milan Bergamo Airport (BGY),Rapallo,21755,25625,BGY,,,,,,,,,,,,,,,,,
Sun,Milan Bergamo Airport (BGY),Ravenna,21755,25745,BGY,,,,,,,,,,,,,,,,,
Sun,Milan Bergamo Airport (BGY),Rho,21755,29790,BGY,,,,,,,,,,,,,,,,,
Sun,Milan Bergamo Airport (BGY),Riva Del Garda,21755,21618,BGY,,,,,,,,,,,,,,,,,
Sun,Milan Bergamo Airport (BGY),Salionze,21755,27206,BGY,,,,,,,,,,,,,,,,,
Sun,Milan Bergamo Airport (BGY),Salo,21755,34017,BGY,,,,,,,,,,,,,,,,,
Sun,Milan Bergamo Airport (BGY),San Donato Milanese,21755,32877,BGY,,,,,,,,,,,,,,,,,
Sun,Milan Bergamo Airport (BGY),San Felice Del Benaco,21755,21622,BGY,,,,,,,,,,,,,,,,,
Sun,Milan Bergamo Airport (BGY),San Pellegrino Terme,21755,25694,BGY,,,,,,,,,,,,,,,,,
Sun,Milan Bergamo Airport (BGY),Sarnico,21755,25693,BGY,,,,,,,,,,,,,,,,,
Sun,Milan Bergamo Airport (BGY),Savona Cruise Port,21755,25537,BGY,,,,,,,,,,,,,,,,,
Sun,Milan Bergamo Airport (BGY),Selva Di Val Gardena,21755,21765,BGY,,,,,,,,,,,,,,,,,
Sun,Milan Bergamo Airport (BGY),Sesto San Giovanni,21755,26497,BGY,,,,,,,,,,,,,,,,,
Sun,Milan Bergamo Airport (BGY),Sirmione,21755,21630,BGY,,,,,,,,,,,,,,,,,
Sun,Milan Bergamo Airport (BGY),Sulzano,21755,27248,BGY,,,,,,,,,,,,,,,,,
Sun,Milan Bergamo Airport (BGY),Tignale,21755,37922,BGY,,,,,,,,,,,,,,,,,
Sun,Milan Bergamo Airport (BGY),Tignes,21755,10661,BGY,,,,,,,,,,,,,,,,,
Sun,Milan Bergamo Airport (BGY),Tirana,21755,30485,BGY,,,,,,,,,,,,,,,,,
Sun,Milan Bergamo Airport (BGY),Tirano,21755,29701,BGY,,,,,,,,,,,,,,,,,
Sun,Milan Bergamo Airport (BGY),Trento,21755,21772,BGY,,,,,,,,,,,,,,,,,
Sun,Milan Bergamo Airport (BGY),Turin,21755,21992,BGY,,,,,,,,,,,,,,,,,
Sun,Milan Bergamo Airport (BGY),Valtournenche,21755,21993,BGY,,,,,,,,,,,,,,,,,
Sun,Milan Bergamo Airport (BGY),Varenna,21755,27294,BGY,,,,,,,,,,,,,,,,,
Sun,Milan Bergamo Airport (BGY),Verona,21755,21645,BGY,,,,,,,,,,,,,,,,,
Sun,Milan Central Train Station,Bellagio (Lago Di Como),41145,25516,NULL,,,,,,,,,,,,,,,,,
Sun,Milan Central Train Station,Como,41145,21738,NULL,,,,,,,,,,,,,,,,,
Sun,Milan Central Train Station,Milan Malpensa Airport,41145,21752,NULL,,,,,,,,,,,,,,,,,
Sun,Milan Linate Airport,Agrate Brianza,21751,35869,LIN,,,,,,,,,,,,,,,,,
Sun,Milan Linate Airport,Arcore,21751,25671,LIN,,,,,,,,,,,,,,,,,
Sun,Milan Linate Airport,Assago,21751,27057,LIN,,,,,,,,,,,,,,,,,
Sun,Milan Linate Airport,Bellagio (Lago Di Como),21751,25516,LIN,,,,,,,,,,,,,,,,,
Sun,Milan Linate Airport,Bergamo,21751,25679,LIN,,,,,,,,,,,,,,,,,
Sun,Milan Linate Airport,Blevio (Lago Di Como),21751,27931,LIN,,,,,,,,,,,,,,,,,
Sun,Milan Linate Airport,Bologna,21751,25518,LIN,,,,,,,,,,,,,,,,,
Sun,Milan Linate Airport,Bormio,21751,21732,LIN,,,,,,,,,,,,,,,,,
Sun,Milan Linate Airport,Brescia,21751,21733,LIN,,,,,,,,,,,,,,,,,
Sun,Milan Linate Airport,Breuil Cervinia,21751,25681,LIN,,,,,,,,,,,,,,,,,
Sun,Milan Linate Airport,Cairo Montenotte,21751,31960,LIN,,,,,,,,,,,,,,,,,
Sun,Milan Linate Airport,Carate Urio,21751,30448,LIN,,,,,,,,,,,,,,,,,
Sun,Milan Linate Airport,Cardano Al Campo,21751,33344,LIN,,,,,,,,,,,,,,,,,
Sun,Milan Linate Airport,Cernusco Sul Naviglio,21751,34078,LIN,,,,,,,,,,,,,,,,,
Sun,Milan Linate Airport,Cervinia,21751,10722,LIN,,,,,,,,,,,,,,,,,
Sun,Milan Linate Airport,Cinisello Balsamo,21751,25721,LIN,,,,,,,,,,,,,,,,,
Sun,Milan Linate Airport,Como,21751,21738,LIN,,,,,,,,,,,,,,,,,
Sun,Milan Linate Airport,Courmayeur,21751,10729,LIN,,,,,,,,,,,,,,,,,
Sun,Milan Linate Airport,Cremona,21751,26315,LIN,,,,,,,,,,,,,,,,,
Sun,Milan Linate Airport,Desenzano Del Garda,21751,21588,LIN,,,,,,,,,,,,,,,,,
Sun,Milan Linate Airport,Garda,21751,21591,LIN,,,,,,,,,,,,,,,,,
Sun,Milan Linate Airport,Genoa,21751,21980,LIN,,,,,,,,,,,,,,,,,
Sun,Milan Linate Airport,Gorgonzola,21751,25711,LIN,,,,,,,,,,,,,,,,,
Sun,Milan Linate Airport,La Thuile,21751,10742,LIN,,,,,,,,,,,,,,,,,
Sun,Milan Linate Airport,Lecco,21751,27198,LIN,,,,,,,,,,,,,,,,,
Sun,Milan Linate Airport,Lenno (Lago Di Como),21751,25710,LIN,,,,,,,,,,,,,,,,,
Sun,Milan Linate Airport,Livigno,21751,21982,LIN,,,,,,,,,,,,,,,,,
Sun,Milan Linate Airport,Madonna Di Campiglio,21751,21601,LIN,,,,,,,,,,,,,,,,,
Sun,Milan Linate Airport,Menaggio,21751,25703,LIN,,,,,,,,,,,,,,,,,
Sun,Milan Linate Airport,Milan Train Station,21751,26670,LIN,,,,,,,,,,,,,,,,,
Sun,Milan Linate Airport,Moltrasio,21751,29961,LIN,,,,,,,,,,,,,,,,,
Sun,Milan Linate Airport,Monza,21751,25702,LIN,,,,,,,,,,,,,,,,,
Sun,Milan Linate Airport,Paderno Dugnano,21751,36314,LIN,,,,,,,,,,,,,,,,,
Sun,Milan Linate Airport,Parma,21751,25740,LIN,,,,,,,,,,,,,,,,,
Sun,Milan Linate Airport,Passo Del Tonale,21751,21756,LIN,,,,,,,,,,,,,,,,,
Sun,Milan Linate Airport,Peschiera Del Garda,21751,21612,LIN,,,,,,,,,,,,,,,,,
Sun,Milan Linate Airport,Piacenza,21751,25743,LIN,,,,,,,,,,,,,,,,,
Sun,Milan Linate Airport,Pinzolo,21751,21757,LIN,,,,,,,,,,,,,,,,,
Sun,Milan Linate Airport,Ponte Di Legno,21751,21759,LIN,,,,,,,,,,,,,,,,,
Sun,Milan Linate Airport,Rapallo,21751,25625,LIN,,,,,,,,,,,,,,,,,
Sun,Milan Linate Airport,Reggio Emilia,21751,25746,LIN,,,,,,,,,,,,,,,,,
Sun,Milan Linate Airport,Rho,21751,29790,LIN,,,,,,,,,,,,,,,,,
Sun,Milan Linate Airport,Sesto San Giovanni,21751,26497,LIN,,,,,,,,,,,,,,,,,
Sun,Milan Linate Airport,Torri Bianche,21751,33384,LIN,,,,,,,,,,,,,,,,,
Sun,Milan Linate Airport,Treviglio,21751,25688,LIN,,,,,,,,,,,,,,,,,
Sun,Milan Linate Airport,Turin,21751,21992,LIN,,,,,,,,,,,,,,,,,
Sun,Milan Linate Airport,Varenna,21751,27294,LIN,,,,,,,,,,,,,,,,,
Sun,Milan Linate Airport,Verona,21751,21645,LIN,,,,,,,,,,,,,,,,,
Sun,Milan Malpensa Airport,Alagna,21752,21969,MXP,,,,,,,,,,,,,,,,,
Sun,Milan Malpensa Airport,Alagna Valsesia,21752,29841,MXP,,,,,,,,,,,,,,,,,
Sun,Milan Malpensa Airport,Aosta,21752,21971,MXP,,,,,,,,,,,,,,,,,
Sun,Milan Malpensa Airport,Argegno,21752,25672,MXP,,,,,,,,,,,,,,,,,
Sun,Milan Malpensa Airport,Arona (Lago Maggiore),21752,25673,MXP,,,,,,,,,,,,,,,,,
Sun,Milan Malpensa Airport,Ascona,21752,32487,MXP,,,,,,,,,,,,,,,,,
Sun,Milan Malpensa Airport,Assago,21752,27057,MXP,,,,,,,,,,,,,,,,,
Sun,Milan Malpensa Airport,Bardolino,21752,21571,MXP,,,,,,,,,,,,,,,,,
Sun,Milan Malpensa Airport,Bardonecchia,21752,21973,MXP,,,,,,,,,,,,,,,,,
Sun,Milan Malpensa Airport,Bellagio (Lago Di Como),21752,25516,MXP,,,,,,,,,,,,,,,,,
Sun,Milan Malpensa Airport,Bellano,21752,27419,MXP,,,,,,,,,,,,,,,,,
Sun,Milan Malpensa Airport,Bergamo,21752,25679,MXP,,,,,,,,,,,,,,,,,
Sun,Milan Malpensa Airport,Biella,21752,27214,MXP,,,,,,,,,,,,,,,,,
Sun,Milan Malpensa Airport,Blevio (Lago Di Como),21752,27931,MXP,,,,,,,,,,,,,,,,,
Sun,Milan Malpensa Airport,Bludenz,21752,23424,MXP,,,,,,,,,,,,,,,,,
Sun,Milan Malpensa Airport,Bologna,21752,25518,MXP,,,,,,,,,,,,,,,,,
Sun,Milan Malpensa Airport,Bologna Airport,21752,25189,MXP,,,,,,,,,,,,,,,,,
Sun,Milan Malpensa Airport,Bormio,21752,21732,MXP,,,,,,,,,,,,,,,,,
Sun,Milan Malpensa Airport,Brescia,21752,21733,MXP,,,,,,,,,,,,,,,,,
Sun,Milan Malpensa Airport,Bresso,21752,31735,MXP,,,,,,,,,,,,,,,,,
Sun,Milan Malpensa Airport,Breuil Cervinia,21752,25681,MXP,,,,,,,,,,,,,,,,,
Sun,Milan Malpensa Airport,Cadenabbia,21752,25683,MXP,,,,,,,,,,,,,,,,,
Sun,Milan Malpensa Airport,Camping Bella Italia,21752,28659,MXP,,,,,,,,,,,,,,,,,
Sun,Milan Malpensa Airport,Camping Cisano,21752,28655,MXP,,,,,,,,,,,,,,,,,
Sun,Milan Malpensa Airport,Canazei,21752,21578,MXP,,,,,,,,,,,,,,,,,
Sun,Milan Malpensa Airport,Cannes,21752,10821,MXP,,,,,,,,,,,,,,,,,
Sun,Milan Malpensa Airport,Cannobio,21752,25685,MXP,,,,,,,,,,,,,,,,,
Sun,Milan Malpensa Airport,Carate Urio,21752,30448,MXP,,,,,,,,,,,,,,,,,
Sun,Milan Malpensa Airport,Cardano Al Campo,21752,33344,MXP,,,,,,,,,,,,,,,,,
Sun,Milan Malpensa Airport,Carugate,21752,25716,MXP,,,,,,,,,,,,,,,,,
Sun,Milan Malpensa Airport,Cassano D'adda,21752,40111,MXP,,,,,,,,,,,,,,,,,
Sun,Milan Malpensa Airport,Cavalese,21752,21737,MXP,,,,,,,,,,,,,,,,,
Sun,Milan Malpensa Airport,Cervinia,21752,10722,MXP,,,,,,,,,,,,,,,,,
Sun,Milan Malpensa Airport,Chamonix,21752,10637,MXP,,,,,,,,,,,,,,,,,
Sun,Milan Malpensa Airport,Champoluc-Champlan,21752,25718,MXP,,,,,,,,,,,,,,,,,
Sun,Milan Malpensa Airport,Chur,21752,26545,MXP,,,,,,,,,,,,,,,,,
Sun,Milan Malpensa Airport,Cinisello Balsamo,21752,25721,MXP,,,,,,,,,,,,,,,,,
Sun,Milan Malpensa Airport,Cologno Monzese,21752,35352,MXP,,,,,,,,,,,,,,,,,
Sun,Milan Malpensa Airport,Como,21752,21738,MXP,,,,,,,,,,,,,,,,,
Sun,Milan Malpensa Airport,Courchevel,21752,10641,MXP,,,,,,,,,,,,,,,,,
Sun,Milan Malpensa Airport,Courmayeur,21752,10729,MXP,,,,,,,,,,,,,,,,,
Sun,Milan Malpensa Airport,Crans Montana,21752,10694,MXP,,,,,,,,,,,,,,,,,
Sun,Milan Malpensa Airport,Crema,21752,25714,MXP,,,,,,,,,,,,,,,,,
Sun,Milan Malpensa Airport,Davos,21752,23427,MXP,,,,,,,,,,,,,,,,,
Sun,Milan Malpensa Airport,Desenzano Del Garda,21752,21588,MXP,,,,,,,,,,,,,,,,,
Sun,Milan Malpensa Airport,Forte Dei Marmi,21752,25578,MXP,,,,,,,,,,,,,,,,,
Sun,Milan Malpensa Airport,Garda,21752,21591,MXP,,,,,,,,,,,,,,,,,
Sun,Milan Malpensa Airport,Gardaland,21752,30495,MXP,,,,,,,,,,,,,,,,,
Sun,Milan Malpensa Airport,Genoa,21752,21980,MXP,,,,,,,,,,,,,,,,,
Sun,Milan Malpensa Airport,Genoa Cruise Port,21752,25582,MXP,,,,,,,,,,,,,,,,,
Sun,Milan Malpensa Airport,Gressoney-La-Trinité,21752,10708,MXP,,,,,,,,,,,,,,,,,
Sun,Milan Malpensa Airport,Griante,21752,29842,MXP,,,,,,,,,,,,,,,,,
Sun,Milan Malpensa Airport,Inzago,21752,34935,MXP,,,,,,,,,,,,,,,,,
Sun,Milan Malpensa Airport,Ispra,21752,34924,MXP,,,,,,,,,,,,,,,,,
Sun,Milan Malpensa Airport,Ivrea,21752,36600,MXP,,,,,,,,,,,,,,,,,
Sun,Milan Malpensa Airport,La Thuile,21752,10742,MXP,,,,,,,,,,,,,,,,,
Sun,Milan Malpensa Airport,Lainate,21752,33810,MXP,,,,,,,,,,,,,,,,,
Sun,Milan Malpensa Airport,Lecco,21752,27198,MXP,,,,,,,,,,,,,,,,,
Sun,Milan Malpensa Airport,Lenno (Lago Di Como),21752,25710,MXP,,,,,,,,,,,,,,,,,
Sun,Milan Malpensa Airport,Les Deux Alpes,21752,10653,MXP,,,,,,,,,,,,,,,,,
Sun,Milan Malpensa Airport,Lezzeno,21752,27191,MXP,,,,,,,,,,,,,,,,,
Sun,Milan Malpensa Airport,Lierna,21752,33304,MXP,,,,,,,,,,,,,,,,,
Sun,Milan Malpensa Airport,Limone Sul Garda,21752,25709,MXP,,,,,,,,,,,,,,,,,
Sun,Milan Malpensa Airport,Lisbon Airport,21752,10800,MXP,,,,,,,,,,,,,,,,,
Sun,Milan Malpensa Airport,Livigno,21752,21982,MXP,,,,,,,,,,,,,,,,,
Sun,Milan Malpensa Airport,Ljubljana,21752,25337,MXP,,,,,,,,,,,,,,,,,
Sun,Milan Malpensa Airport,Locarno,21752,25708,MXP,,,,,,,,,,,,,,,,,
Sun,Milan Malpensa Airport,Lodi,21752,29898,MXP,,,,,,,,,,,,,,,,,
Sun,Milan Malpensa Airport,Luino,21752,35881,MXP,,,,,,,,,,,,,,,,,
Sun,Milan Malpensa Airport,Madonna Di Campiglio,21752,21601,MXP,,,,,,,,,,,,,,,,,
Sun,Milan Malpensa Airport,Malgrate,21752,27004,MXP,,,,,,,,,,,,,,,,,
Sun,Milan Malpensa Airport,Mandello Del Lario,21752,34915,MXP,,,,,,,,,,,,,,,,,
Sun,Milan Malpensa Airport,Mantova,21752,25738,MXP,,,,,,,,,,,,,,,,,
Sun,Milan Malpensa Airport,Menaggio,21752,25703,MXP,,,,,,,,,,,,,,,,,
Sun,Milan Malpensa Airport,Merano,21752,21749,MXP,,,,,,,,,,,,,,,,,
Sun,Milan Malpensa Airport,Meribel,21752,10657,MXP,,,,,,,,,,,,,,,,,
Sun,Milan Malpensa Airport,Milan Linate Airport,21752,21751,MXP,,,,,,,,,,,,,,,,,
Sun,Milan Malpensa Airport,Milan Malpensa Airport,21752,21752,MXP,,,,,,,,,,,,,,,,,
Sun,Milan Malpensa Airport,Milan Train Station,21752,26670,MXP,,,,,,,,,,,,,,,,,
Sun,Milan Malpensa Airport,Modena,21752,25598,MXP,,,,,,,,,,,,,,,,,
Sun,Milan Malpensa Airport,Moltrasio,21752,29961,MXP,,,,,,,,,,,,,,,,,
Sun,Milan Malpensa Airport,Monterosso Al Mare,21752,25607,MXP,,,,,,,,,,,,,,,,,
Sun,Milan Malpensa Airport,Montgenevre,21752,10719,MXP,,,,,,,,,,,,,,,,,
Sun,Milan Malpensa Airport,Monza,21752,25702,MXP,,,,,,,,,,,,,,,,,
Sun,Milan Malpensa Airport,Mozzate,21752,34545,MXP,,,,,,,,,,,,,,,,,
Sun,Milan Malpensa Airport,Olgiate Olona,21752,39848,MXP,,,,,,,,,,,,,,,,,
Sun,Milan Malpensa Airport,Ortisei,21752,21610,MXP,,,,,,,,,,,,,,,,,
Sun,Milan Malpensa Airport,Parma,21752,25740,MXP,,,,,,,,,,,,,,,,,
Sun,Milan Malpensa Airport,Passo Del Tonale,21752,21756,MXP,,,,,,,,,,,,,,,,,
Sun,Milan Malpensa Airport,Pero,21752,26997,MXP,,,,,,,,,,,,,,,,,
Sun,Milan Malpensa Airport,Peschiera Del Garda,21752,21612,MXP,,,,,,,,,,,,,,,,,
Sun,Milan Malpensa Airport,Piacenza,21752,25743,MXP,,,,,,,,,,,,,,,,,
Sun,Milan Malpensa Airport,Pinzolo,21752,21757,MXP,,,,,,,,,,,,,,,,,
Sun,Milan Malpensa Airport,Ponte Di Legno,21752,21759,MXP,,,,,,,,,,,,,,,,,
Sun,Milan Malpensa Airport,Porlezza,21752,30465,MXP,,,,,,,,,,,,,,,,,
Sun,Milan Malpensa Airport,Rapallo,21752,25625,MXP,,,,,,,,,,,,,,,,,
Sun,Milan Malpensa Airport,Reggio Emilia,21752,25746,MXP,,,,,,,,,,,,,,,,,
Sun,Milan Malpensa Airport,Rho,21752,29790,MXP,,,,,,,,,,,,,,,,,
Sun,Milan Malpensa Airport,Riva Del Garda,21752,21618,MXP,,,,,,,,,,,,,,,,,
Sun,Milan Malpensa Airport,Sala Comacina,21752,27048,MXP,,,,,,,,,,,,,,,,,
Sun,Milan Malpensa Airport,Salsomaggiore Terme,21752,30545,MXP,,,,,,,,,,,,,,,,,
Sun,Milan Malpensa Airport,San Donato Milanese,21752,32877,MXP,,,,,,,,,,,,,,,,,
Sun,Milan Malpensa Airport,Santa Cristina Val Gardena,21752,21626,MXP,,,,,,,,,,,,,,,,,
Sun,Milan Malpensa Airport,Santa Margherita Ligure,21752,25640,MXP,,,,,,,,,,,,,,,,,
Sun,Milan Malpensa Airport,Saronno,21752,25692,MXP,,,,,,,,,,,,,,,,,
Sun,Milan Malpensa Airport,Sauze D'oulx,21752,21989,MXP,,,,,,,,,,,,,,,,,
Sun,Milan Malpensa Airport,Savona Cruise Port,21752,25537,MXP,,,,,,,,,,,,,,,,,
Sun,Milan Malpensa Airport,Segrate,21752,35075,MXP,,,,,,,,,,,,,,,,,
Sun,Milan Malpensa Airport,Selva Di Val Gardena,21752,21765,MXP,,,,,,,,,,,,,,,,,
Sun,Milan Malpensa Airport,Serravalle Scrivia,21752,27549,MXP,,,,,,,,,,,,,,,,,
Sun,Milan Malpensa Airport,Sesto San Giovanni,21752,26497,MXP,,,,,,,,,,,,,,,,,
Sun,Milan Malpensa Airport,Sestrière,21752,21990,MXP,,,,,,,,,,,,,,,,,
Sun,Milan Malpensa Airport,Sirmione,21752,21630,MXP,,,,,,,,,,,,,,,,,
Sun,Milan Malpensa Airport,Somma Lombardo,21752,31764,MXP,,,,,,,,,,,,,,,,,
Sun,Milan Malpensa Airport,Tasch,21752,10696,MXP,,,,,,,,,,,,,,,,,
Sun,Milan Malpensa Airport,Tignes,21752,10661,MXP,,,,,,,,,,,,,,,,,
Sun,Milan Malpensa Airport,Tirano,21752,29701,MXP,,,,,,,,,,,,,,,,,
Sun,Milan Malpensa Airport,Torno,21752,27631,MXP,,,,,,,,,,,,,,,,,
Sun,Milan Malpensa Airport,Trento,21752,21772,MXP,,,,,,,,,,,,,,,,,
Sun,Milan Malpensa Airport,Turin,21752,21992,MXP,,,,,,,,,,,,,,,,,
Sun,Milan Malpensa Airport,Turin Airport,21752,21968,MXP,,,,,,,,,,,,,,,,,
Sun,Milan Malpensa Airport,Val Thorens,21752,10664,MXP,,,,,,,,,,,,,,,,,
Sun,Milan Malpensa Airport,Valtournenche,21752,21993,MXP,,,,,,,,,,,,,,,,,
Sun,Milan Malpensa Airport,Varenna,21752,27294,MXP,,,,,,,,,,,,,,,,,
Sun,Milan Malpensa Airport,Venice Piazzale Roma,21752,21642,MXP,,,,,,,,,,,,,,,,,
Sun,Milan Malpensa Airport,Verbania,21752,37919,MXP,,,,,,,,,,,,,,,,,
Sun,Milan Malpensa Airport,Verbier,21752,20693,MXP,,,,,,,,,,,,,,,,,
Sun,Milan Malpensa Airport,Vergiate,21752,33103,MXP,,,,,,,,,,,,,,,,,
Sun,Milan Malpensa Airport,Verona,21752,21645,MXP,,,,,,,,,,,,,,,,,
Sun,Milan Malpensa Airport,Veysonnaz,21752,22583,MXP,,,,,,,,,,,,,,,,,
Sun,Milan Malpensa Airport,Vigevano,21752,33634,MXP,,,,,,,,,,,,,,,,,
Sun,Milas Bodrum Airport,Akbuk,22585,22589,BJV,,,,,,,,,,,,,,,,,
Sun,Milas Bodrum Airport,Akyaka,22585,23255,BJV,,,,,,,,,,,,,,,,,
Sun,Milas Bodrum Airport,Bodrum,22585,22566,BJV,,,,,,,,,,,,,,,,,
Sun,Milas Bodrum Airport,Cesme,22585,22644,BJV,,,,,,,,,,,,,,,,,
Sun,Milas Bodrum Airport,Dalaman,22585,27250,BJV,,,,,,,,,,,,,,,,,
Sun,Milas Bodrum Airport,Denizli,22585,22982,BJV,,,,,,,,,,,,,,,,,
Sun,Milas Bodrum Airport,Gulluk,22585,22590,BJV,,,,,,,,,,,,,,,,,
Sun,Milas Bodrum Airport,Gumbet,22585,22568,BJV,,,,,,,,,,,,,,,,,
Sun,Milas Bodrum Airport,Isparta,22585,45488,BJV,,,,,,,,,,,,,,,,,
Sun,Milas Bodrum Airport,Kas,22585,10898,BJV,,,,,,,,,,,,,,,,,
Sun,Milas Bodrum Airport,Koycegiz,22585,23254,BJV,,,,,,,,,,,,,,,,,
Sun,Milas Bodrum Airport,Kusadasi,22585,22595,BJV,,,,,,,,,,,,,,,,,
Sun,Milas Bodrum Airport,Marmaris,22585,22494,BJV,,,,,,,,,,,,,,,,,
Sun,Milas Bodrum Airport,Milas,22585,35649,BJV,,,,,,,,,,,,,,,,,
Sun,Milas Bodrum Airport,Mugla,22585,23104,BJV,,,,,,,,,,,,,,,,,
Sun,Milas Bodrum Airport,Oludeniz,22585,22570,BJV,,,,,,,,,,,,,,,,,
Sun,Milas Bodrum Airport,Soke,22585,36168,BJV,,,,,,,,,,,,,,,,,
Sun,Milas Bodrum Airport,Torba,22585,22600,BJV,,,,,,,,,,,,,,,,,
Sun,Milas Bodrum Airport,Torbali,22585,30093,BJV,,,,,,,,,,,,,,,,,
Sun,Milas Bodrum Airport,Turgutreis,22585,22601,BJV,,,,,,,,,,,,,,,,,
Sun,Milas Bodrum Airport,Yalikavak,22585,22603,BJV,,,,,,,,,,,,,,,,,
Sun,Minneapolis Airport (MSP),Iowa City,29145,37990,MSP,,,,,,,,,,,,,,,,,
Sun,Minsk Airport,Kaunas,34929,26292,MSQ,,,,,,,,,,,,,,,,,
Sun,Minsk Airport,Mogilev,34929,36793,MSQ,,,,,,,,,,,,,,,,,
Sun,Minsk Airport,Slonim,34929,35625,MSQ,,,,,,,,,,,,,,,,,
Sun,Mombasa Airport,Galu Beach,32486,36447,MBA,,,,,,,,,,,,,,,,,
Sun,Mombasa Airport,Kikambala,32486,37610,MBA,,,,,,,,,,,,,,,,,
Sun,Mombasa Airport,Nyali,32486,34083,MBA,,,,,,,,,,,,,,,,,
Sun,Mombasa Airport,Shanzu Beach,32486,33065,MBA,,,,,,,,,,,,,,,,,
Sun,Mombasa Airport,Ukunda,32486,34058,MBA,,,,,,,,,,,,,,,,,
Sun,Monastir Airport,El Jem,42124,34296,MIR,,,,,,,,,,,,,,,,,
Sun,Monastir Airport,Monastir,42124,29083,MIR,,,,,,,,,,,,,,,,,
Sun,Monastir Airport,Sousse,42124,29096,MIR,,,,,,,,,,,,,,,,,
Sun,Montego Bay Airport,Falmouth (Jamaica),30636,30639,MBJ,,,,,,,,,,,,,,,,,
Sun,Montego Bay Airport,Grand Palladium,30636,30620,MBJ,,,,,,,,,,,,,,,,,
Sun,Montego Bay Airport,Lucea,30636,30621,MBJ,,,,,,,,,,,,,,,,,
Sun,Montego Bay Airport,Mandeville,30636,30622,MBJ,,,,,,,,,,,,,,,,,
Sun,Montego Bay Airport,May Pen,30636,33674,MBJ,,,,,,,,,,,,,,,,,
Sun,Montego Bay Airport,Montego Bay,30636,30623,MBJ,,,,,,,,,,,,,,,,,
Sun,Montego Bay Airport,Negril,30636,30624,MBJ,,,,,,,,,,,,,,,,,
Sun,Montego Bay Airport,Ocho Rios,30636,30625,MBJ,,,,,,,,,,,,,,,,,
Sun,Montego Bay Airport,Oracabessa,30636,30626,MBJ,,,,,,,,,,,,,,,,,
Sun,Montego Bay Airport,Port Antonio,30636,30627,MBJ,,,,,,,,,,,,,,,,,
Sun,Montego Bay Airport,Portmore,30636,30634,MBJ,,,,,,,,,,,,,,,,,
Sun,Montego Bay Airport,Rose Hall,30636,30640,MBJ,,,,,,,,,,,,,,,,,
Sun,Montego Bay Airport,Round Hill,30636,30641,MBJ,,,,,,,,,,,,,,,,,
Sun,Montego Bay Airport,Royalton White Sands,30636,30630,MBJ,,,,,,,,,,,,,,,,,
Sun,Montego Bay Airport,Runaway Bay (Jamaica),30636,30643,MBJ,,,,,,,,,,,,,,,,,
Sun,Montego Bay Airport,Savanna La Mar,30636,34204,MBJ,,,,,,,,,,,,,,,,,
Sun,Montego Bay Airport,St Ann's Bay,30636,32172,MBJ,,,,,,,,,,,,,,,,,
Sun,Montego Bay Airport,Strawberry Hill,30636,30635,MBJ,,,,,,,,,,,,,,,,,
Sun,Montego Bay Airport,The Tryall Club,30636,30631,MBJ,,,,,,,,,,,,,,,,,
Sun,Montego Bay Airport,Treasure Beach,30636,30629,MBJ,,,,,,,,,,,,,,,,,
Sun,Montego Bay Airport,White House,30636,21879,MBJ,,,,,,,,,,,,,,,,,
Sun,Monterrey Airport,Cerro De La Silla,26493,26562,MTY,,,,,,,,,,,,,,,,,
Sun,Monterrey Airport,Monterrey,26493,26560,MTY,,,,,,,,,,,,,,,,,
Sun,Monterrey Airport,Saltillo,26493,34776,MTY,,,,,,,,,,,,,,,,,
Sun,Montevideo Carrasco Airport,Ciudad De La Costa,28175,36625,MVD,,,,,,,,,,,,,,,,,
Sun,Montevideo Carrasco Airport,Joaquin Suarez,28175,35151,MVD,,,,,,,,,,,,,,,,,
Sun,Montevideo Carrasco Airport,José Ignacio,28175,28863,MVD,,,,,,,,,,,,,,,,,
Sun,Montevideo Carrasco Airport,Las Piedras,28175,31899,MVD,,,,,,,,,,,,,,,,,
Sun,Montevideo Carrasco Airport,Paysandú,28175,33268,MVD,,,,,,,,,,,,,,,,,
Sun,Montevideo Carrasco Airport,Santa Lucía (Canelones),28175,36626,MVD,,,,,,,,,,,,,,,,,
Sun,Montpellier Airport,Agde,21679,21673,MPL,,,,,,,,,,,,,,,,,
Sun,Montpellier Airport,Aigues-Mortes,21679,23274,MPL,,,,,,,,,,,,,,,,,
Sun,Montpellier Airport,Arles,21679,21706,MPL,,,,,,,,,,,,,,,,,
Sun,Montpellier Airport,Béziers Airport,21679,21672,MPL,,,,,,,,,,,,,,,,,
Sun,Montpellier Airport,Camping Beach Garden,21679,28768,MPL,,,,,,,,,,,,,,,,,
Sun,Montpellier Airport,Camping Domaine De La Yole,21679,28752,MPL,,,,,,,,,,,,,,,,,
Sun,Montpellier Airport,Camping Les Sablons,21679,22307,MPL,,,,,,,,,,,,,,,,,
Sun,Montpellier Airport,Camping Yelloh! Village La Petite Camargue,21679,30886,MPL,,,,,,,,,,,,,,,,,
Sun,Montpellier Airport,Cap D'agde,21679,21675,MPL,,,,,,,,,,,,,,,,,
Sun,Montpellier Airport,Caux,21679,22463,MPL,,,,,,,,,,,,,,,,,
Sun,Montpellier Airport,Clermont-L'hérault,21679,27472,MPL,,,,,,,,,,,,,,,,,
Sun,Montpellier Airport,Frontignan,21679,42074,MPL,,,,,,,,,,,,,,,,,
Sun,Montpellier Airport,La Grande-Motte,21679,23246,MPL,,,,,,,,,,,,,,,,,
Sun,Montpellier Airport,Les Allues,21679,23787,MPL,,,,,,,,,,,,,,,,,
Sun,Montpellier Airport,Marseillan,21679,21690,MPL,,,,,,,,,,,,,,,,,
Sun,Montpellier Airport,Marseillan Plage,21679,21691,MPL,,,,,,,,,,,,,,,,,
Sun,Montpellier Airport,Marseille Airport,21679,21705,MPL,,,,,,,,,,,,,,,,,
Sun,Montpellier Airport,Meze,21679,23310,MPL,,,,,,,,,,,,,,,,,
Sun,Montpellier Airport,Millau,21679,34622,MPL,,,,,,,,,,,,,,,,,
Sun,Montpellier Airport,Montferrier-Sur-Lez,21679,35470,MPL,,,,,,,,,,,,,,,,,
Sun,Montpellier Airport,Narbonne,21679,21680,MPL,,,,,,,,,,,,,,,,,
Sun,Montpellier Airport,Olargues,21679,22804,MPL,,,,,,,,,,,,,,,,,
Sun,Montpellier Airport,Pézenas,21679,21693,MPL,,,,,,,,,,,,,,,,,
Sun,Montpellier Airport,Pignan,21679,34014,MPL,,,,,,,,,,,,,,,,,
Sun,Montpellier Airport,Port Cassafieres (Portiragnes),21679,23353,MPL,,,,,,,,,,,,,,,,,
Sun,Montpellier Airport,Portiragnes,21679,21683,MPL,,,,,,,,,,,,,,,,,
Sun,Montpellier Airport,Puissalicon,21679,35233,MPL,,,,,,,,,,,,,,,,,
Sun,Montpellier Airport,Roujan,21679,27246,MPL,,,,,,,,,,,,,,,,,
Sun,Montpellier Airport,Saint-Bauzille-De-Montmel,21679,30860,MPL,,,,,,,,,,,,,,,,,
Sun,Montpellier Airport,Saint-Jean-De-Védas,21679,35548,MPL,,,,,,,,,,,,,,,,,
Sun,Montpellier Airport,Sete,21679,21687,MPL,,,,,,,,,,,,,,,,,
Sun,Montpellier Airport,Sommieres,21679,27219,MPL,,,,,,,,,,,,,,,,,
Sun,Montpellier Airport,Valleraugue,21679,25008,MPL,,,,,,,,,,,,,,,,,
Sun,Montpellier Airport,Vallon-Pont-D'arc,21679,27569,MPL,,,,,,,,,,,,,,,,,
Sun,Montpellier Airport,Valras Plage,21679,21688,MPL,,,,,,,,,,,,,,,,,
Sun,Montpellier Airport,Vias Plage,21679,22313,MPL,,,,,,,,,,,,,,,,,
Sun,Montréal-Trudeau International Airport (YUL),Kingston,29200,30633,YUL,,,,,,,,,,,,,,,,,
Sun,Montréal-Trudeau International Airport (YUL),Toronto,29200,32033,YUL,,,,,,,,,,,,,,,,,
Sun,Montréal-Trudeau International Airport (YUL),Watertown,29200,38330,YUL,,,,,,,,,,,,,,,,,
Sun,"Moss Airport, Rygge (RYG)",Fredrikstad,26804,34838,RYG,,,,,,,,,,,,,,,,,
Sun,"Moss Airport, Rygge (RYG)",Geilo,26804,32032,RYG,,,,,,,,,,,,,,,,,
Sun,"Moss Airport, Rygge (RYG)",Kongsberg,26804,34337,RYG,,,,,,,,,,,,,,,,,
Sun,"Moss Airport, Rygge (RYG)",Lillehammer,26804,32065,RYG,,,,,,,,,,,,,,,,,
Sun,"Moss Airport, Rygge (RYG)",Rauland,26804,33860,RYG,,,,,,,,,,,,,,,,,
Sun,Mostar Airport,Banja Luka,44662,27914,OMO,,,,,,,,,,,,,,,,,
Sun,Mostar Airport,Bugojno,44662,44655,OMO,,,,,,,,,,,,,,,,,
Sun,Mostar Airport,Konjic,44662,27921,OMO,,,,,,,,,,,,,,,,,
Sun,Mostar Airport,Kotor,44662,26322,OMO,,,,,,,,,,,,,,,,,
Sun,Mostar Airport,Ljubljana,44662,25337,OMO,,,,,,,,,,,,,,,,,
Sun,Mostar Airport,Mostar,44662,27922,OMO,,,,,,,,,,,,,,,,,
Sun,Mostar Airport,Neum,44662,31680,OMO,,,,,,,,,,,,,,,,,
Sun,Mostar Airport,Osijek,44662,25471,OMO,,,,,,,,,,,,,,,,,
Sun,Mostar Airport,Rijeka,44662,25053,OMO,,,,,,,,,,,,,,,,,
Sun,Mostar Airport,Sarajevo,44662,27923,OMO,,,,,,,,,,,,,,,,,
Sun,Mostar Airport,Srebrenica,44662,44660,OMO,,,,,,,,,,,,,,,,,
Sun,Mumbai Airport,Ankleshwar,27744,32095,BOM,,,,,,,,,,,,,,,,,
Sun,Mumbai Airport,Chembur,27744,34022,BOM,,,,,,,,,,,,,,,,,
Sun,Mumbai Airport,Colaba,27744,36190,BOM,,,,,,,,,,,,,,,,,
Sun,Mumbai Airport,Juhu Tara,27744,32642,BOM,,,,,,,,,,,,,,,,,
Sun,Mumbai Airport,Kihim,27744,33535,BOM,,,,,,,,,,,,,,,,,
Sun,Mumbai Airport,Mumbai,27744,27745,BOM,,,,,,,,,,,,,,,,,
Sun,Mumbai Airport,Mumbai Cruise Port,27744,41179,BOM,,,,,,,,,,,,,,,,,
Sun,Mumbai Airport,Nala Sopara,27744,28939,BOM,,,,,,,,,,,,,,,,,
Sun,Mumbai Airport,Navi Mumbai,27744,32162,BOM,,,,,,,,,,,,,,,,,
Sun,Mumbai Airport,Panvel,27744,36684,BOM,,,,,,,,,,,,,,,,,
Sun,Mumbai Airport,Pune,27744,27775,BOM,,,,,,,,,,,,,,,,,
Sun,Mumbai Airport,Valsad,27744,33143,BOM,,,,,,,,,,,,,,,,,
Sun,Mumbai Airport,Vapi,27744,36609,BOM,,,,,,,,,,,,,,,,,
Sun,Mumbai Airport,Worli,27744,41177,BOM,,,,,,,,,,,,,,,,,
Sun,Munich Airport,Achenkirch,21801,22224,MUC,,,,,,,,,,,,,,,,,
Sun,Munich Airport,Alpbach,21801,22225,MUC,,,,,,,,,,,,,,,,,
Sun,Munich Airport,Aschheim,21801,32804,MUC,,,,,,,,,,,,,,,,,
Sun,Munich Airport,Augsburg,21801,23350,MUC,,,,,,,,,,,,,,,,,
Sun,Munich Airport,Bad Gastein,21801,22228,MUC,,,,,,,,,,,,,,,,,
Sun,Munich Airport,Bad Hofgastein,21801,22524,MUC,,,,,,,,,,,,,,,,,
Sun,Munich Airport,Bad Wiessee,21801,31260,MUC,,,,,,,,,,,,,,,,,
Sun,Munich Airport,Bad Wörishofen,21801,26541,MUC,,,,,,,,,,,,,,,,,
Sun,Munich Airport,Barcelona Airport,21801,10571,MUC,,,,,,,,,,,,,,,,,
Sun,Munich Airport,Berchtesgaden,21801,27588,MUC,,,,,,,,,,,,,,,,,
Sun,Munich Airport,Brixen Im Thale,21801,22232,MUC,,,,,,,,,,,,,,,,,
Sun,Munich Airport,Dachau,21801,30411,MUC,,,,,,,,,,,,,,,,,
Sun,Munich Airport,Ehrwald,21801,22234,MUC,,,,,,,,,,,,,,,,,
Sun,Munich Airport,Ellmau,21801,22235,MUC,,,,,,,,,,,,,,,,,
Sun,Munich Airport,Fieberbrunn,21801,22239,MUC,,,,,,,,,,,,,,,,,
Sun,Munich Airport,Fiss,21801,22241,MUC,,,,,,,,,,,,,,,,,
Sun,Munich Airport,Flachau,21801,22242,MUC,,,,,,,,,,,,,,,,,
Sun,Munich Airport,Frankfurt Am Main Airport,21801,23418,MUC,,,,,,,,,,,,,,,,,
Sun,Munich Airport,Freising,21801,40527,MUC,,,,,,,,,,,,,,,,,
Sun,Munich Airport,Fügen,21801,22645,MUC,,,,,,,,,,,,,,,,,
Sun,Munich Airport,Galtür,21801,22262,MUC,,,,,,,,,,,,,,,,,
Sun,Munich Airport,Garmisch-Partenkirchen,21801,22660,MUC,,,,,,,,,,,,,,,,,
Sun,Munich Airport,Gerlos,21801,22247,MUC,,,,,,,,,,,,,,,,,
Sun,Munich Airport,Going Am Wilden Kaiser,21801,22248,MUC,,,,,,,,,,,,,,,,,
Sun,Munich Airport,Gräfelfing,21801,27334,MUC,,,,,,,,,,,,,,,,,
Sun,Munich Airport,Hallbergmoos,21801,32073,MUC,,,,,,,,,,,,,,,,,
Sun,Munich Airport,Hallstatt,21801,34390,MUC,,,,,,,,,,,,,,,,,
Sun,Munich Airport,Hinterglemm,21801,22526,MUC,,,,,,,,,,,,,,,,,
Sun,Munich Airport,Hochgurgl,21801,22254,MUC,,,,,,,,,,,,,,,,,
Sun,Munich Airport,Holzkirchen,21801,27101,MUC,,,,,,,,,,,,,,,,,
Sun,Munich Airport,Ingolstadt,21801,23312,MUC,,,,,,,,,,,,,,,,,
Sun,Munich Airport,Innsbruck Airport,21801,21800,MUC,,,,,,,,,,,,,,,,,
Sun,Munich Airport,Ischgl,21801,22260,MUC,,,,,,,,,,,,,,,,,
Sun,Munich Airport,Kappl,21801,22261,MUC,,,,,,,,,,,,,,,,,
Sun,Munich Airport,Kaprun,21801,22266,MUC,,,,,,,,,,,,,,,,,
Sun,Munich Airport,Kempten,21801,23291,MUC,,,,,,,,,,,,,,,,,
Sun,Munich Airport,Kirchberg In Tirol,21801,22269,MUC,,,,,,,,,,,,,,,,,
Sun,Munich Airport,Kitzbuhel,21801,22271,MUC,,,,,,,,,,,,,,,,,
Sun,Munich Airport,Königsbrunn,21801,38571,MUC,,,,,,,,,,,,,,,,,
Sun,Munich Airport,Krimml,21801,26722,MUC,,,,,,,,,,,,,,,,,
Sun,Munich Airport,Kufstein,21801,22273,MUC,,,,,,,,,,,,,,,,,
Sun,Munich Airport,Landeck,21801,22276,MUC,,,,,,,,,,,,,,,,,
Sun,Munich Airport,Lech Am Arlberg,21801,22279,MUC,,,,,,,,,,,,,,,,,
Sun,Munich Airport,Lermoos,21801,22646,MUC,,,,,,,,,,,,,,,,,
Sun,Munich Airport,Maria Alm,21801,22528,MUC,,,,,,,,,,,,,,,,,
Sun,Munich Airport,Munich South,21801,38650,MUC,,,,,,,,,,,,,,,,,
Sun,Munich Airport,Nauders,21801,28264,MUC,,,,,,,,,,,,,,,,,
Sun,Munich Airport,Neubiberg,21801,26667,MUC,,,,,,,,,,,,,,,,,
Sun,Munich Airport,Niederau,21801,22529,MUC,,,,,,,,,,,,,,,,,
Sun,Munich Airport,Obergurgl,21801,22283,MUC,,,,,,,,,,,,,,,,,
Sun,Munich Airport,Oberhaching,21801,33138,MUC,,,,,,,,,,,,,,,,,
Sun,Munich Airport,Obertauern,21801,22284,MUC,,,,,,,,,,,,,,,,,
Sun,Munich Airport,Passau,21801,23304,MUC,,,,,,,,,,,,,,,,,
Sun,Munich Airport,Pertisau,21801,22650,MUC,,,,,,,,,,,,,,,,,
Sun,Munich Airport,Ramsau Am Dachstein,21801,22532,MUC,,,,,,,,,,,,,,,,,
Sun,Munich Airport,Ruhpolding,21801,27105,MUC,,,,,,,,,,,,,,,,,
Sun,Munich Airport,Saalbach,21801,22286,MUC,,,,,,,,,,,,,,,,,
Sun,Munich Airport,Salzburg,21801,22287,MUC,,,,,,,,,,,,,,,,,
Sun,Munich Airport,San Vigilio Di Marebbe,21801,21624,MUC,,,,,,,,,,,,,,,,,
Sun,Munich Airport,Scheffau Am Wilden Kaiser,21801,22533,MUC,,,,,,,,,,,,,,,,,
Sun,Munich Airport,Schladming,21801,22534,MUC,,,,,,,,,,,,,,,,,
Sun,Munich Airport,Schliersee,21801,22967,MUC,,,,,,,,,,,,,,,,,
Sun,Munich Airport,Schwabach,21801,37522,MUC,,,,,,,,,,,,,,,,,
Sun,Munich Airport,Selva Di Val Gardena,21801,21765,MUC,,,,,,,,,,,,,,,,,
Sun,Munich Airport,Serfaus,21801,22291,MUC,,,,,,,,,,,,,,,,,
Sun,Munich Airport,Sölden,21801,22292,MUC,,,,,,,,,,,,,,,,,
Sun,Munich Airport,Söll,21801,22293,MUC,,,,,,,,,,,,,,,,,
Sun,Munich Airport,Starnberg,21801,34036,MUC,,,,,,,,,,,,,,,,,
Sun,Munich Airport,Straubing,21801,39246,MUC,,,,,,,,,,,,,,,,,
Sun,Munich Airport,Sulzemoos,21801,27111,MUC,,,,,,,,,,,,,,,,,
Sun,Munich Airport,Tegernsee,21801,28864,MUC,,,,,,,,,,,,,,,,,
Sun,Munich Airport,Ulm,21801,23316,MUC,,,,,,,,,,,,,,,,,
Sun,Munich Airport,Unterschleißheim,21801,33440,MUC,,,,,,,,,,,,,,,,,
Sun,Munich Airport,Vilshofen An Der Donau,21801,23302,MUC,,,,,,,,,,,,,,,,,
Sun,Munich Airport,Wagrain,21801,26472,MUC,,,,,,,,,,,,,,,,,
Sun,Munich Airport,Westendorf,21801,22658,MUC,,,,,,,,,,,,,,,,,
Sun,Munich Airport,Wörgl,21801,22659,MUC,,,,,,,,,,,,,,,,,
Sun,Munich Airport,Zell Am See,21801,22298,MUC,,,,,,,,,,,,,,,,,
Sun,Munich Airport,Zell Am Ziller,21801,22299,MUC,,,,,,,,,,,,,,,,,
Sun,Münster Osnabrück Airport (FMO),Bielefeld,24028,22839,FMO,,,,,,,,,,,,,,,,,
Sun,Münster Osnabrück Airport (FMO),Greven,24028,38334,FMO,,,,,,,,,,,,,,,,,
Sun,Münster Osnabrück Airport (FMO),Münster,24028,22868,FMO,,,,,,,,,,,,,,,,,
Sun,Münster Osnabrück Airport (FMO),Rheine,24028,34120,FMO,,,,,,,,,,,,,,,,,
Sun,Murcia Airport,Albox,10579,21469,RMU,,,,,,,,,,,,,,,,,
Sun,Murcia Airport,Benidorm,10579,10004,RMU,,,,,,,,,,,,,,,,,
Sun,Murcia Airport,Cabo Roig,10579,10005,RMU,,,,,,,,,,,,,,,,,
Sun,Murcia Airport,Cartagena,10579,10008,RMU,,,,,,,,,,,,,,,,,
Sun,Murcia Airport,El Valle Golf Resort,10579,10681,RMU,,,,,,,,,,,,,,,,,
Sun,Murcia Airport,La Manga Club,10579,10016,RMU,,,,,,,,,,,,,,,,,
Sun,Murcia Airport,La Manga Del Mar Menor,10579,10017,RMU,,,,,,,,,,,,,,,,,
Sun,Murcia Airport,La Zenia,10579,10904,RMU,,,,,,,,,,,,,,,,,
Sun,Murcia Airport,Lo Pagán,10579,22208,RMU,,,,,,,,,,,,,,,,,
Sun,Murcia Airport,Los Nietos,10579,22392,RMU,,,,,,,,,,,,,,,,,
Sun,Murcia Airport,Mar De Cristal,10579,22209,RMU,,,,,,,,,,,,,,,,,
Sun,Murcia Airport,Mar Menor Golf Resort,10579,10684,RMU,,,,,,,,,,,,,,,,,
Sun,Murcia Airport,Mil Palmeras,10579,20703,RMU,,,,,,,,,,,,,,,,,
Sun,Murcia Airport,Mojacar,10579,10019,RMU,,,,,,,,,,,,,,,,,
Sun,Murcia Airport,Orihuela Costa,10579,22210,RMU,,,,,,,,,,,,,,,,,
Sun,Murcia Airport,Pinar De Campoverde,10579,20699,RMU,,,,,,,,,,,,,,,,,
Sun,Murcia Airport,Playa Flamenca,10579,10024,RMU,,,,,,,,,,,,,,,,,
Sun,Murcia Airport,San Javier,10579,22119,RMU,,,,,,,,,,,,,,,,,
Sun,Murcia Airport,San Juan De Los Terreros,10579,22214,RMU,,,,,,,,,,,,,,,,,
Sun,Murcia Airport,San Pedro Del Pinatar,10579,21338,RMU,,,,,,,,,,,,,,,,,
Sun,Murcia Airport,Torre De La Horadada,10579,22401,RMU,,,,,,,,,,,,,,,,,
Sun,Murcia Airport,Torrevieja,10579,10030,RMU,,,,,,,,,,,,,,,,,
Sun,Murcia Airport,Vera Playa,10579,10032,RMU,,,,,,,,,,,,,,,,,
Sun,Muscat Airport,Al Mawaleh South,29814,32982,MCT,,,,,,,,,,,,,,,,,
Sun,Muscat Airport,Alila Jabal Akhdar,29814,37439,MCT,,,,,,,,,,,,,,,,,
Sun,Muscat Airport,Bidiyah,29814,36212,MCT,,,,,,,,,,,,,,,,,
Sun,Muscat Airport,Muscat Beach,29814,36073,MCT,,,,,,,,,,,,,,,,,
Sun,Muscat Airport,Ruwi,29814,37531,MCT,,,,,,,,,,,,,,,,,
Sun,Muscat Airport,Shati Al Qurum,29814,36299,MCT,,,,,,,,,,,,,,,,,
Sun,Mykonos Airport,Agios Stefanos (Mykonos),22986,22991,JMK,,,,,,,,,,,,,,,,,
Sun,Mykonos Airport,Agrari (Mykonos),22986,22995,JMK,,,,,,,,,,,,,,,,,
Sun,Mykonos Airport,Ano Mera (Mykonos),22986,22993,JMK,,,,,,,,,,,,,,,,,
Sun,Mykonos Airport,Elia (Mykonos),22986,22997,JMK,,,,,,,,,,,,,,,,,
Sun,Mykonos Airport,Ftelia (Mykonos),22986,22998,JMK,,,,,,,,,,,,,,,,,
Sun,Mykonos Airport,Glastros,22986,27285,JMK,,,,,,,,,,,,,,,,,
Sun,Mykonos Airport,Klouvas (Mykonos),22986,31454,JMK,,,,,,,,,,,,,,,,,
Sun,Mykonos Airport,Mykonos New Port,22986,22989,JMK,,,,,,,,,,,,,,,,,
Sun,Mykonos Airport,Mykonos Old Port,22986,22988,JMK,,,,,,,,,,,,,,,,,
Sun,Mykonos Airport,Panormos (Mykonos),22986,23004,JMK,,,,,,,,,,,,,,,,,
Sun,Nairobi Airport,Naivasha,32320,32444,NBO,,,,,,,,,,,,,,,,,
Sun,Nairobi Airport,Nakuru,32320,32445,NBO,,,,,,,,,,,,,,,,,
Sun,Nairobi Airport,Nanyuki,32320,32447,NBO,,,,,,,,,,,,,,,,,
Sun,Nairobi Airport,Nyeri,32320,32448,NBO,,,,,,,,,,,,,,,,,
Sun,Nairobi Airport,Upper Hill,32320,32449,NBO,,,,,,,,,,,,,,,,,
Sun,Nairobi Airport,Westlands,32320,32451,NBO,,,,,,,,,,,,,,,,,
Sun,Nantes Airport,Amailloux,23898,25440,NTE,,,,,,,,,,,,,,,,,
Sun,Nantes Airport,Angers,23898,31211,NTE,,,,,,,,,,,,,,,,,
Sun,Nantes Airport,Arzon,23898,25450,NTE,,,,,,,,,,,,,,,,,
Sun,Nantes Airport,Bressuire,23898,34679,NTE,,,,,,,,,,,,,,,,,
Sun,Nantes Airport,Fromentine,23898,25666,NTE,,,,,,,,,,,,,,,,,
Sun,Nantes Airport,La Flotte-En-Ré,23898,30673,NTE,,,,,,,,,,,,,,,,,
Sun,Nantes Airport,La Roche-Sur-Yon,23898,27240,NTE,,,,,,,,,,,,,,,,,
Sun,Nantes Airport,Longeville-Sur-Mer,23898,34419,NTE,,,,,,,,,,,,,,,,,
Sun,Nantes Airport,Poitiers,23898,37006,NTE,,,,,,,,,,,,,,,,,
Sun,Nantes Airport,Quiberon,23898,24195,NTE,,,,,,,,,,,,,,,,,
Sun,Nantes Airport,Vannes,23898,24194,NTE,,,,,,,,,,,,,,,,,
Sun,Naples Airport,Agerola,23891,27624,NAP,,,,,,,,,,,,,,,,,
Sun,Naples Airport,Bacoli,23891,35074,NAP,,,,,,,,,,,,,,,,,
Sun,Naples Airport,Castel Gandolfo,23891,27439,NAP,,,,,,,,,,,,,,,,,
Sun,Naples Airport,Cetara,23891,30718,NAP,,,,,,,,,,,,,,,,,
Sun,Naples Airport,Ercolano,23891,32277,NAP,,,,,,,,,,,,,,,,,
Sun,Naples Airport,Furore,23891,32174,NAP,,,,,,,,,,,,,,,,,
Sun,Naples Airport,Meta Di Sorrento,23891,43313,NAP,,,,,,,,,,,,,,,,,
Sun,Naples Airport,Naples Train Station,23891,41222,NAP,,,,,,,,,,,,,,,,,
Sun,Naples Airport,Seiano,23891,38393,NAP,,,,,,,,,,,,,,,,,
Sun,Naples Airport,Torre Del Greco,23891,32439,NAP,,,,,,,,,,,,,,,,,
Sun,Naples Airport,Varcaturo,23891,31343,NAP,,,,,,,,,,,,,,,,,
Sun,Natal Airport,João Pessoa,40218,32026,NAT,,,,,,,,,,,,,,,,,
Sun,Natal Airport,Pipa Beach,40218,36718,NAT,,,,,,,,,,,,,,,,,
Sun,Natal Airport,Ponta Negra,40218,36719,NAT,,,,,,,,,,,,,,,,,
Sun,Natal Airport,Porto De Galinhas,40218,26525,NAT,,,,,,,,,,,,,,,,,
Sun,Natal Airport,Recife,40218,26526,NAT,,,,,,,,,,,,,,,,,
Sun,Nelson Mandela International Airport,Ribeira Grande,43998,37743,RAI,,,,,,,,,,,,,,,,,
Sun,Nevsehir Kapadokya Airport,Güzelyurt,33231,34767,NAV,,,,,,,,,,,,,,,,,
Sun,Nevsehir Kapadokya Airport,Ni?de,33231,34819,NAV,,,,,,,,,,,,,,,,,
Sun,Nevsehir Kapadokya Airport,Uchisar,33231,34741,NAV,,,,,,,,,,,,,,,,,
Sun,New Orleans Louis Armstrong International Airport (MSY),Lafayette,44502,35704,MSY,,,,,,,,,,,,,,,,,
Sun,New Orleans Louis Armstrong International Airport (MSY),Montgomery,44502,30377,MSY,,,,,,,,,,,,,,,,,
Sun,New York John F. Kennedy Airport,Allentown (Pennsylvania),29149,30645,JFK,,,,,,,,,,,,,,,,,
Sun,New York John F. Kennedy Airport,Baltimore Downtown,29149,31909,JFK,,,,,,,,,,,,,,,,,
Sun,New York John F. Kennedy Airport,Bloomingburg,29149,36145,JFK,,,,,,,,,,,,,,,,,
Sun,New York John F. Kennedy Airport,Boston Downtown,29149,31925,JFK,,,,,,,,,,,,,,,,,
Sun,New York John F. Kennedy Airport,Branford,29149,33439,JFK,,,,,,,,,,,,,,,,,
Sun,New York John F. Kennedy Airport,Bridgeport,29149,33845,JFK,,,,,,,,,,,,,,,,,
Sun,New York John F. Kennedy Airport,Bridgewater,29149,31392,JFK,,,,,,,,,,,,,,,,,
Sun,New York John F. Kennedy Airport,Bronxville (New York),29149,30520,JFK,,,,,,,,,,,,,,,,,
Sun,New York John F. Kennedy Airport,Brookline,29149,32107,JFK,,,,,,,,,,,,,,,,,
Sun,New York John F. Kennedy Airport,Brooklyn (New York),29149,29529,JFK,,,,,,,,,,,,,,,,,
Sun,New York John F. Kennedy Airport,Brooklyn Cruise Terminal,29149,29534,JFK,,,,,,,,,,,,,,,,,
Sun,New York John F. Kennedy Airport,Coram,29149,36517,JFK,,,,,,,,,,,,,,,,,
Sun,New York John F. Kennedy Airport,Cranston,29149,38212,JFK,,,,,,,,,,,,,,,,,
Sun,New York John F. Kennedy Airport,Dover (New Jersey),29149,35737,JFK,,,,,,,,,,,,,,,,,
Sun,New York John F. Kennedy Airport,East Brunswick,29149,33426,JFK,,,,,,,,,,,,,,,,,
Sun,New York John F. Kennedy Airport,East Hampton,29149,35655,JFK,,,,,,,,,,,,,,,,,
Sun,New York John F. Kennedy Airport,Floral Park,29149,35645,JFK,,,,,,,,,,,,,,,,,
Sun,New York John F. Kennedy Airport,Garden City,29149,36513,JFK,,,,,,,,,,,,,,,,,
Sun,New York John F. Kennedy Airport,Greenwich (Connecticut),29149,35018,JFK,,,,,,,,,,,,,,,,,
Sun,New York John F. Kennedy Airport,Hasbrouck Heights (New Jersey),29149,29957,JFK,,,,,,,,,,,,,,,,,
Sun,New York John F. Kennedy Airport,Hauppauge,29149,31436,JFK,,,,,,,,,,,,,,,,,
Sun,New York John F. Kennedy Airport,Holtsville (New York),29149,31573,JFK,,,,,,,,,,,,,,,,,
Sun,New York John F. Kennedy Airport,Islandia (New York),29149,31562,JFK,,,,,,,,,,,,,,,,,
Sun,New York John F. Kennedy Airport,Jersey City,29149,29932,JFK,,,,,,,,,,,,,,,,,
Sun,New York John F. Kennedy Airport,Lebanon (New Jersey),29149,35728,JFK,,,,,,,,,,,,,,,,,
Sun,New York John F. Kennedy Airport,Long Beach (New York),29149,30016,JFK,,,,,,,,,,,,,,,,,
Sun,New York John F. Kennedy Airport,Macungie,29149,33422,JFK,,,,,,,,,,,,,,,,,
Sun,New York John F. Kennedy Airport,Mamaroneck,29149,35538,JFK,,,,,,,,,,,,,,,,,
Sun,New York John F. Kennedy Airport,Manhattan,29149,29537,JFK,,,,,,,,,,,,,,,,,
Sun,New York John F. Kennedy Airport,Metuchen,29149,35729,JFK,,,,,,,,,,,,,,,,,
Sun,New York John F. Kennedy Airport,Monroe Township,29149,36588,JFK,,,,,,,,,,,,,,,,,
Sun,New York John F. Kennedy Airport,New City,29149,34662,JFK,,,,,,,,,,,,,,,,,
Sun,New York John F. Kennedy Airport,Newark,29149,30017,JFK,,,,,,,,,,,,,,,,,
Sun,New York John F. Kennedy Airport,Newport (New Jersey),29149,29931,JFK,,,,,,,,,,,,,,,,,
Sun,New York John F. Kennedy Airport,Newtown,29149,36084,JFK,,,,,,,,,,,,,,,,,
Sun,New York John F. Kennedy Airport,Parsippany-Troy Hills,29149,35918,JFK,,,,,,,,,,,,,,,,,
Sun,New York John F. Kennedy Airport,Peru (New Hampshire),29149,36605,JFK,,,,,,,,,,,,,,,,,
Sun,New York John F. Kennedy Airport,Philadelphia (Pennsylvania),29149,29916,JFK,,,,,,,,,,,,,,,,,
Sun,New York John F. Kennedy Airport,Piscataway (New Jersey),29149,34794,JFK,,,,,,,,,,,,,,,,,
Sun,New York John F. Kennedy Airport,Poughkeepsie,29149,35690,JFK,,,,,,,,,,,,,,,,,
Sun,New York John F. Kennedy Airport,Providence,29149,32058,JFK,,,,,,,,,,,,,,,,,
Sun,New York John F. Kennedy Airport,Riegelsville,29149,30523,JFK,,,,,,,,,,,,,,,,,
Sun,New York John F. Kennedy Airport,Ringoes,29149,35299,JFK,,,,,,,,,,,,,,,,,
Sun,New York John F. Kennedy Airport,Rockaway,29149,34111,JFK,,,,,,,,,,,,,,,,,
Sun,New York John F. Kennedy Airport,Secaucus (New Jersey),29149,29878,JFK,,,,,,,,,,,,,,,,,
Sun,New York John F. Kennedy Airport,Sloatsburg,29149,34781,JFK,,,,,,,,,,,,,,,,,
Sun,New York John F. Kennedy Airport,Southampton (New York),29149,35624,JFK,,,,,,,,,,,,,,,,,
Sun,New York John F. Kennedy Airport,Stratford (New York),29149,33773,JFK,,,,,,,,,,,,,,,,,
Sun,New York John F. Kennedy Airport,Village Of Pelham,29149,38560,JFK,,,,,,,,,,,,,,,,,
Sun,New York John F. Kennedy Airport,Warwick (New York),29149,35418,JFK,,,,,,,,,,,,,,,,,
Sun,New York John F. Kennedy Airport,Washington D.c. Downtown,29149,30948,JFK,,,,,,,,,,,,,,,,,
Sun,New York John F. Kennedy Airport,Watchung,29149,34056,JFK,,,,,,,,,,,,,,,,,
Sun,New York John F. Kennedy Airport,Watertown,29149,38330,JFK,,,,,,,,,,,,,,,,,
Sun,New York John F. Kennedy Airport,Weehawken,29149,34136,JFK,,,,,,,,,,,,,,,,,
Sun,New York John F. Kennedy Airport,Woodbridge Township,29149,38417,JFK,,,,,,,,,,,,,,,,,
Sun,New York John F. Kennedy Airport,Woodside,29149,37855,JFK,,,,,,,,,,,,,,,,,
Sun,New York Laguardia Airport,Boston Downtown,29139,31925,LGA,,,,,,,,,,,,,,,,,
Sun,New York Laguardia Airport,Branchburg,29139,36635,LGA,,,,,,,,,,,,,,,,,
Sun,New York Laguardia Airport,Bridgeport,29139,33845,LGA,,,,,,,,,,,,,,,,,
Sun,New York Laguardia Airport,Brooklyn (New York),29139,29529,LGA,,,,,,,,,,,,,,,,,
Sun,New York Laguardia Airport,Cape Liberty Cruise Port,29139,29535,LGA,,,,,,,,,,,,,,,,,
Sun,New York Laguardia Airport,East Hampton,29139,35655,LGA,,,,,,,,,,,,,,,,,
Sun,New York Laguardia Airport,Garden City,29139,36513,LGA,,,,,,,,,,,,,,,,,
Sun,New York Laguardia Airport,Hasbrouck Heights (New Jersey),29139,29957,LGA,,,,,,,,,,,,,,,,,
Sun,New York Laguardia Airport,Lebanon (New Jersey),29139,35728,LGA,,,,,,,,,,,,,,,,,
Sun,New York Laguardia Airport,Long Beach (New York),29139,30016,LGA,,,,,,,,,,,,,,,,,
Sun,New York Laguardia Airport,Manhattan,29139,29537,LGA,,,,,,,,,,,,,,,,,
Sun,New York Laguardia Airport,Manhattan Cruise Terminal,29139,29536,LGA,,,,,,,,,,,,,,,,,
Sun,New York Laguardia Airport,Newark,29139,30017,LGA,,,,,,,,,,,,,,,,,
Sun,New York Laguardia Airport,Poughkeepsie,29139,35690,LGA,,,,,,,,,,,,,,,,,
Sun,New York Laguardia Airport,Princeton,29139,30522,LGA,,,,,,,,,,,,,,,,,
Sun,New York Laguardia Airport,Providence,29139,32058,LGA,,,,,,,,,,,,,,,,,
Sun,New York Laguardia Airport,Rahway,29139,31427,LGA,,,,,,,,,,,,,,,,,
Sun,New York Laguardia Airport,Riegelsville,29139,30523,LGA,,,,,,,,,,,,,,,,,
Sun,New York Laguardia Airport,Saddle Brook (New Jersey),29139,30648,LGA,,,,,,,,,,,,,,,,,
Sun,New York Laguardia Airport,Stamford (Connecticut),29139,30422,LGA,,,,,,,,,,,,,,,,,
Sun,New York Laguardia Airport,Washington D.c. Downtown,29139,30948,LGA,,,,,,,,,,,,,,,,,
Sun,New York Laguardia Airport,Yonkers (New York),29139,30646,LGA,,,,,,,,,,,,,,,,,
Sun,New York Laguardia Airport,York (Pennsylvania),29139,36573,LGA,,,,,,,,,,,,,,,,,
Sun,Newark Liberty Airport,Allentown (Pennsylvania),29144,30645,EWR,,,,,,,,,,,,,,,,,
Sun,Newark Liberty Airport,Ardmore (Pennsylvania),29144,36222,EWR,,,,,,,,,,,,,,,,,
Sun,Newark Liberty Airport,Belmar,29144,34175,EWR,,,,,,,,,,,,,,,,,
Sun,Newark Liberty Airport,Bergenfield,29144,32379,EWR,,,,,,,,,,,,,,,,,
Sun,Newark Liberty Airport,Boston Downtown,29144,31925,EWR,,,,,,,,,,,,,,,,,
Sun,Newark Liberty Airport,Bridgeport,29144,33845,EWR,,,,,,,,,,,,,,,,,
Sun,Newark Liberty Airport,Bronxville (New York),29144,30520,EWR,,,,,,,,,,,,,,,,,
Sun,Newark Liberty Airport,Brooklyn Cruise Terminal,29144,29534,EWR,,,,,,,,,,,,,,,,,
Sun,Newark Liberty Airport,Cape Liberty Cruise Port,29144,29535,EWR,,,,,,,,,,,,,,,,,
Sun,Newark Liberty Airport,Cold Spring,29144,36456,EWR,,,,,,,,,,,,,,,,,
Sun,Newark Liberty Airport,Fredericksburg,29144,36406,EWR,,,,,,,,,,,,,,,,,
Sun,Newark Liberty Airport,Hasbrouck Heights (New Jersey),29144,29957,EWR,,,,,,,,,,,,,,,,,
Sun,Newark Liberty Airport,Jersey City,29144,29932,EWR,,,,,,,,,,,,,,,,,
Sun,Newark Liberty Airport,Lakewood Township,29144,31566,EWR,,,,,,,,,,,,,,,,,
Sun,Newark Liberty Airport,Lebanon (New Jersey),29144,35728,EWR,,,,,,,,,,,,,,,,,
Sun,Newark Liberty Airport,Long Beach (New York),29144,30016,EWR,,,,,,,,,,,,,,,,,
Sun,Newark Liberty Airport,Manhattan,29144,29537,EWR,,,,,,,,,,,,,,,,,
Sun,Newark Liberty Airport,Manhattan Cruise Terminal,29144,29536,EWR,,,,,,,,,,,,,,,,,
Sun,Newark Liberty Airport,Metuchen,29144,35729,EWR,,,,,,,,,,,,,,,,,
Sun,Newark Liberty Airport,Newark,29144,30017,EWR,,,,,,,,,,,,,,,,,
Sun,Newark Liberty Airport,Newport (New Jersey),29144,29931,EWR,,,,,,,,,,,,,,,,,
Sun,Newark Liberty Airport,Parsippany-Troy Hills,29144,35918,EWR,,,,,,,,,,,,,,,,,
Sun,Newark Liberty Airport,Philadelphia (Pennsylvania),29144,29916,EWR,,,,,,,,,,,,,,,,,
Sun,Newark Liberty Airport,Piermont (New York),29144,31278,EWR,,,,,,,,,,,,,,,,,
Sun,Newark Liberty Airport,Princeton,29144,30522,EWR,,,,,,,,,,,,,,,,,
Sun,Newark Liberty Airport,Providence,29144,32058,EWR,,,,,,,,,,,,,,,,,
Sun,Newark Liberty Airport,Red Bank,29144,35621,EWR,,,,,,,,,,,,,,,,,
Sun,Newark Liberty Airport,Saddle Brook (New Jersey),29144,30648,EWR,,,,,,,,,,,,,,,,,
Sun,Newark Liberty Airport,Secaucus (New Jersey),29144,29878,EWR,,,,,,,,,,,,,,,,,
Sun,Newark Liberty Airport,Stamford (Connecticut),29144,30422,EWR,,,,,,,,,,,,,,,,,
Sun,Newark Liberty Airport,Washington D.c. Downtown,29144,30948,EWR,,,,,,,,,,,,,,,,,
Sun,Newark Liberty Airport,Washington Heights,29144,34481,EWR,,,,,,,,,,,,,,,,,
Sun,Newark Liberty Airport,Weehawken,29144,34136,EWR,,,,,,,,,,,,,,,,,
Sun,Newcastle Airport (NCL),Brampton,27809,29531,NCL,,,,,,,,,,,,,,,,,
Sun,Newcastle Airport (NCL),Carlisle,27809,27724,NCL,,,,,,,,,,,,,,,,,
Sun,Newcastle Airport (NCL),Chester-Le-Street,27809,27815,NCL,,,,,,,,,,,,,,,,,
Sun,Newcastle Airport (NCL),Consett,27809,28955,NCL,,,,,,,,,,,,,,,,,
Sun,Newcastle Airport (NCL),Durham,27809,27816,NCL,,,,,,,,,,,,,,,,,
Sun,Newcastle Airport (NCL),Gateshead,27809,27810,NCL,,,,,,,,,,,,,,,,,
Sun,Newcastle Airport (NCL),Gretna,27809,28914,NCL,,,,,,,,,,,,,,,,,
Sun,Newcastle Airport (NCL),Haltwhistle,27809,29532,NCL,,,,,,,,,,,,,,,,,
Sun,Newcastle Airport (NCL),Hartlepool,27809,27817,NCL,,,,,,,,,,,,,,,,,
Sun,Newcastle Airport (NCL),Manchester,27809,27657,NCL,,,,,,,,,,,,,,,,,
Sun,Newcastle Airport (NCL),Manchester Airport,27809,27926,NCL,,,,,,,,,,,,,,,,,
Sun,Newcastle Airport (NCL),Morpeth,27809,27819,NCL,,,,,,,,,,,,,,,,,
Sun,Newcastle Airport (NCL),Newcastle Upon Tyne,27809,27675,NCL,,,,,,,,,,,,,,,,,
Sun,Newcastle Airport (NCL),Peterlee,27809,28956,NCL,,,,,,,,,,,,,,,,,
Sun,Newcastle Airport (NCL),South Shields,27809,27812,NCL,,,,,,,,,,,,,,,,,
Sun,Newcastle Airport (NCL),Sunderland,27809,27818,NCL,,,,,,,,,,,,,,,,,
Sun,Newcastle Airport (NTL),Pokolbin,27809,30703,NCL,,,,,,,,,,,,,,,,,
Sun,Nice Airport,Agay,10811,10812,NCE,,,,,,,,,,,,,,,,,
Sun,Nice Airport,Alassio,10811,23297,NCE,,,,,,,,,,,,,,,,,
Sun,Nice Airport,Antibes,10811,10814,NCE,,,,,,,,,,,,,,,,,
Sun,Nice Airport,Arles,10811,21706,NCE,,,,,,,,,,,,,,,,,
Sun,Nice Airport,Auron,10811,10815,NCE,,,,,,,,,,,,,,,,,
Sun,Nice Airport,Bagnols-En-Foret,10811,27554,NCE,,,,,,,,,,,,,,,,,
Sun,Nice Airport,Bandol,10811,21708,NCE,,,,,,,,,,,,,,,,,
Sun,Nice Airport,Bargemon,10811,27545,NCE,,,,,,,,,,,,,,,,,
Sun,Nice Airport,Beaulieu Sur Mer,10811,10817,NCE,,,,,,,,,,,,,,,,,
Sun,Nice Airport,Beausoleil,10811,10818,NCE,,,,,,,,,,,,,,,,,
Sun,Nice Airport,Biot,10811,10819,NCE,,,,,,,,,,,,,,,,,
Sun,Nice Airport,Bordighera,10811,24984,NCE,,,,,,,,,,,,,,,,,
Sun,Nice Airport,Bormes-Les-Mimosas,10811,22367,NCE,,,,,,,,,,,,,,,,,
Sun,Nice Airport,Brignoles,10811,27480,NCE,,,,,,,,,,,,,,,,,
Sun,Nice Airport,Cagnes Sur Mer,10811,10820,NCE,,,,,,,,,,,,,,,,,
Sun,Nice Airport,Callian,10811,23315,NCE,,,,,,,,,,,,,,,,,
Sun,Nice Airport,Cannes,10811,10821,NCE,,,,,,,,,,,,,,,,,
Sun,Nice Airport,Cannes La Bocca,10811,26899,NCE,,,,,,,,,,,,,,,,,
Sun,Nice Airport,Cap D'ail,10811,22506,NCE,,,,,,,,,,,,,,,,,
Sun,Nice Airport,Cap D'antibes,10811,25196,NCE,,,,,,,,,,,,,,,,,
Sun,Nice Airport,Cap Estérel,10811,34964,NCE,,,,,,,,,,,,,,,,,
Sun,Nice Airport,Cassis,10811,21709,NCE,,,,,,,,,,,,,,,,,
Sun,Nice Airport,Cavalaire-Sur-Mer,10811,27296,NCE,,,,,,,,,,,,,,,,,
Sun,Nice Airport,Cogolin,10811,25132,NCE,,,,,,,,,,,,,,,,,
Sun,Nice Airport,Cotignac,10811,22559,NCE,,,,,,,,,,,,,,,,,
Sun,Nice Airport,Dolceacqua,10811,38295,NCE,,,,,,,,,,,,,,,,,
Sun,Nice Airport,Eze,10811,10822,NCE,,,,,,,,,,,,,,,,,
Sun,Nice Airport,Fayence,10811,23346,NCE,,,,,,,,,,,,,,,,,
Sun,Nice Airport,Finale Ligure,10811,25449,NCE,,,,,,,,,,,,,,,,,
Sun,Nice Airport,Flayosc,10811,32738,NCE,,,,,,,,,,,,,,,,,
Sun,Nice Airport,Fréjus,10811,10823,NCE,,,,,,,,,,,,,,,,,
Sun,Nice Airport,Gassin,10811,23281,NCE,,,,,,,,,,,,,,,,,
Sun,Nice Airport,Genoa,10811,21980,NCE,,,,,,,,,,,,,,,,,
Sun,Nice Airport,Golfe Juan-Vallauris,10811,10825,NCE,,,,,,,,,,,,,,,,,
Sun,Nice Airport,Gordes,10811,25005,NCE,,,,,,,,,,,,,,,,,
Sun,Nice Airport,Grasse,10811,10826,NCE,,,,,,,,,,,,,,,,,
Sun,Nice Airport,Hyeres,10811,21712,NCE,,,,,,,,,,,,,,,,,
Sun,Nice Airport,Isola 2000,10811,10827,NCE,,,,,,,,,,,,,,,,,
Sun,Nice Airport,Juan Les Pins,10811,10828,NCE,,,,,,,,,,,,,,,,,
Sun,Nice Airport,La Foux D'allos,10811,26745,NCE,,,,,,,,,,,,,,,,,
Sun,Nice Airport,Le Cannet,10811,37836,NCE,,,,,,,,,,,,,,,,,
Sun,Nice Airport,Le Lavandou,10811,21715,NCE,,,,,,,,,,,,,,,,,
Sun,Nice Airport,Le Pradet,10811,25417,NCE,,,,,,,,,,,,,,,,,
Sun,Nice Airport,Les Arcs-Sur-Argens,10811,25233,NCE,,,,,,,,,,,,,,,,,
Sun,Nice Airport,Les Issambres,10811,25016,NCE,,,,,,,,,,,,,,,,,
Sun,Nice Airport,Limone Piemonte,10811,21981,NCE,,,,,,,,,,,,,,,,,
Sun,Nice Airport,Lorgues,10811,27408,NCE,,,,,,,,,,,,,,,,,
Sun,Nice Airport,Marseille Train Station,10811,40501,NCE,,,,,,,,,,,,,,,,,
Sun,Nice Airport,Menton,10811,10831,NCE,,,,,,,,,,,,,,,,,
Sun,Nice Airport,Milan Malpensa Airport,10811,21752,NCE,,,,,,,,,,,,,,,,,
Sun,Nice Airport,Montauroux,10811,27551,NCE,,,,,,,,,,,,,,,,,
Sun,Nice Airport,Montfort-Sur-Argens,10811,25235,NCE,,,,,,,,,,,,,,,,,
Sun,Nice Airport,Mouans-Sartoux,10811,27293,NCE,,,,,,,,,,,,,,,,,
Sun,Nice Airport,Mougins,10811,10833,NCE,,,,,,,,,,,,,,,,,
Sun,Nice Airport,Nice Airport,10811,10811,NCE,,,,,,,,,,,,,,,,,
Sun,Nice Airport,Nice Ville Train Station,10811,40970,NCE,,,,,,,,,,,,,,,,,
Sun,Nice Airport,Opio,10811,10834,NCE,,,,,,,,,,,,,,,,,
Sun,Nice Airport,Ospedaletti,10811,37544,NCE,,,,,,,,,,,,,,,,,
Sun,Nice Airport,Peymeinade,10811,22498,NCE,,,,,,,,,,,,,,,,,
Sun,Nice Airport,Ramatuelle,10811,30353,NCE,,,,,,,,,,,,,,,,,
Sun,Nice Airport,Risoul,10811,10725,NCE,,,,,,,,,,,,,,,,,
Sun,Nice Airport,Roquebrune-Cap-Martin,10811,10835,NCE,,,,,,,,,,,,,,,,,
Sun,Nice Airport,Roquebrune-Sur-Argens,10811,24985,NCE,,,,,,,,,,,,,,,,,
Sun,Nice Airport,Saint Paul De Vence,10811,10839,NCE,,,,,,,,,,,,,,,,,
Sun,Nice Airport,Sanary-Sur-Mer,10811,22462,NCE,,,,,,,,,,,,,,,,,
Sun,Nice Airport,Sanremo,10811,10843,NCE,,,,,,,,,,,,,,,,,
Sun,Nice Airport,Savona Cruise Port,10811,25537,NCE,,,,,,,,,,,,,,,,,
Sun,Nice Airport,Seillans,10811,23243,NCE,,,,,,,,,,,,,,,,,
Sun,Nice Airport,Serre Chevalier (La Salle-Les-Alpes),10811,10659,NCE,,,,,,,,,,,,,,,,,
Sun,Nice Airport,Théoule-Sur-Mer,10811,21650,NCE,,,,,,,,,,,,,,,,,
Sun,Nice Airport,Toulon,10811,10846,NCE,,,,,,,,,,,,,,,,,
Sun,Nice Airport,Tourtour,10811,25018,NCE,,,,,,,,,,,,,,,,,
Sun,Nice Airport,Val D'allos,10811,40011,NCE,,,,,,,,,,,,,,,,,
Sun,Nice Airport,Valbonne,10811,10848,NCE,,,,,,,,,,,,,,,,,
Sun,Nice Airport,Vallauris,10811,31822,NCE,,,,,,,,,,,,,,,,,
Sun,Nice Airport,Vars,10811,10724,NCE,,,,,,,,,,,,,,,,,
Sun,Nice Airport,Vence,10811,21790,NCE,,,,,,,,,,,,,,,,,
Sun,Nice Airport,Ventimiglia,10811,10851,NCE,,,,,,,,,,,,,,,,,
Sun,Nice Airport,Vidauban,10811,25452,NCE,,,,,,,,,,,,,,,,,
Sun,Nîmes Airport (FNI),Agde,21718,21673,FNI,,,,,,,,,,,,,,,,,
Sun,Nîmes Airport (FNI),Aigues-Mortes,21718,23274,FNI,,,,,,,,,,,,,,,,,
Sun,Nîmes Airport (FNI),Arles,21718,21706,FNI,,,,,,,,,,,,,,,,,
Sun,Nîmes Airport (FNI),Bonnieux,21718,27005,FNI,,,,,,,,,,,,,,,,,
Sun,Nîmes Airport (FNI),Camping Domaine De Massereau,21718,28761,FNI,,,,,,,,,,,,,,,,,
Sun,Nîmes Airport (FNI),Camping Domaine Les Ranchisses,21718,28744,FNI,,,,,,,,,,,,,,,,,
Sun,Nîmes Airport (FNI),Camping Sunelia Le Ranc Davaine,21718,28710,FNI,,,,,,,,,,,,,,,,,
Sun,Nîmes Airport (FNI),Carpentras,21718,31203,FNI,,,,,,,,,,,,,,,,,
Sun,Nîmes Airport (FNI),Lattes,21718,23158,FNI,,,,,,,,,,,,,,,,,
Sun,Nîmes Airport (FNI),Le Vigan,21718,27572,FNI,,,,,,,,,,,,,,,,,
Sun,Nîmes Airport (FNI),Orange,21718,21719,FNI,,,,,,,,,,,,,,,,,
Sun,Nîmes Airport (FNI),Sete,21718,21687,FNI,,,,,,,,,,,,,,,,,
Sun,Nîmes Airport (FNI),Tarascon,21718,27489,FNI,,,,,,,,,,,,,,,,,
Sun,Nîmes Airport (FNI),Vagnas,21718,27488,FNI,,,,,,,,,,,,,,,,,
Sun,Nîmes Airport (FNI),Vaison-La-Romaine,21718,25321,FNI,,,,,,,,,,,,,,,,,
Sun,Nîmes Airport (FNI),Valaurie,21718,27490,FNI,,,,,,,,,,,,,,,,,
Sun,Nîmes Airport (FNI),Valras Plage,21718,21688,FNI,,,,,,,,,,,,,,,,,
Sun,Nîmes Airport (FNI),Vias Plage,21718,22313,FNI,,,,,,,,,,,,,,,,,
Sun,Norwich Airport (NWI),Bury St Edmunds,27863,27869,NWI,,,,,,,,,,,,,,,,,
Sun,Norwich Airport (NWI),Great Yarmouth,27863,27865,NWI,,,,,,,,,,,,,,,,,
Sun,Norwich Airport (NWI),Harwich Cruise Port,27863,29673,NWI,,,,,,,,,,,,,,,,,
Sun,Norwich Airport (NWI),Ipswich,27863,27870,NWI,,,,,,,,,,,,,,,,,
Sun,Norwich Airport (NWI),King's Lynn,27863,27871,NWI,,,,,,,,,,,,,,,,,
Sun,Norwich Airport (NWI),London Gatwick Airport,27863,27944,NWI,,,,,,,,,,,,,,,,,
Sun,Norwich Airport (NWI),Lowestoft,27863,27866,NWI,,,,,,,,,,,,,,,,,
Sun,Norwich Airport (NWI),Peterborough,27863,27872,NWI,,,,,,,,,,,,,,,,,
Sun,Norwich Airport (NWI),Swaffham,27863,27868,NWI,,,,,,,,,,,,,,,,,
Sun,Norwich Airport (NWI),Thetford,27863,27867,NWI,,,,,,,,,,,,,,,,,
Sun,Nuremberg Airport,Coburg,24021,32243,NUE,,,,,,,,,,,,,,,,,
Sun,Nuremberg Airport,Dinkelsbühl,24021,38388,NUE,,,,,,,,,,,,,,,,,
Sun,Nuremberg Airport,Feldkirchen,24021,32716,NUE,,,,,,,,,,,,,,,,,
Sun,Nuremberg Airport,Frankfurt Am Main,24021,22448,NUE,,,,,,,,,,,,,,,,,
Sun,Nuremberg Airport,Gunzenhausen,24021,33516,NUE,,,,,,,,,,,,,,,,,
Sun,Nuremberg Airport,Rothenburg Ob Der Tauber,24021,27537,NUE,,,,,,,,,,,,,,,,,
Sun,Nuremberg Airport,Waldsassen,24021,31205,NUE,,,,,,,,,,,,,,,,,
Sun,Nuremberg Airport,Weißenburg In Bayern,24021,32022,NUE,,,,,,,,,,,,,,,,,
Sun,Nuremberg Airport,Würzburg,24021,23443,NUE,,,,,,,,,,,,,,,,,
Sun,Nuremberg Airport,Zirndorf,24021,26642,NUE,,,,,,,,,,,,,,,,,
Sun,Oakland Airport (OAK),Fresno,42808,36591,OAK,,,,,,,,,,,,,,,,,
Sun,Oakland Airport (OAK),Los Angeles Downtown,42808,28992,OAK,,,,,,,,,,,,,,,,,
Sun,Oakland Airport (OAK),Mountain View,42808,33927,OAK,,,,,,,,,,,,,,,,,
Sun,Oakland Airport (OAK),Santa Rosa (California),42808,36315,OAK,,,,,,,,,,,,,,,,,
Sun,Ohrid Airport,Berat,44728,36115,OHD,,,,,,,,,,,,,,,,,
Sun,Ohrid Airport,Kotor,44728,26322,OHD,,,,,,,,,,,,,,,,,
Sun,Ohrid Airport,Krusevo,44728,35673,OHD,,,,,,,,,,,,,,,,,
Sun,Ohrid Airport,Ksamil,44728,36019,OHD,,,,,,,,,,,,,,,,,
Sun,Ohrid Airport,Ohrid,44728,30482,OHD,,,,,,,,,,,,,,,,,
Sun,Ohrid Airport,Popova Shapka,44728,43687,OHD,,,,,,,,,,,,,,,,,
Sun,Ohrid Airport,Resen,44728,30488,OHD,,,,,,,,,,,,,,,,,
Sun,Ohrid Airport,Sarajevo,44728,27923,OHD,,,,,,,,,,,,,,,,,
Sun,Ohrid Airport,Sarandë,44728,31545,OHD,,,,,,,,,,,,,,,,,
Sun,Ohrid Airport,Skopje,44728,30481,OHD,,,,,,,,,,,,,,,,,
Sun,Ohrid Airport,Sofia,44728,22095,OHD,,,,,,,,,,,,,,,,,
Sun,Ohrid Airport,Tetovo,44728,30486,OHD,,,,,,,,,,,,,,,,,
Sun,Ohrid Airport,Tirana,44728,30485,OHD,,,,,,,,,,,,,,,,,
Sun,Ohrid Airport,Veles,44728,30490,OHD,,,,,,,,,,,,,,,,,
Sun,Olbia Airport,Agrustos,26390,26408,OLB,,,,,,,,,,,,,,,,,
Sun,Olbia Airport,Alghero Airport,26390,26370,OLB,,,,,,,,,,,,,,,,,
Sun,Olbia Airport,Arbatax,26390,26366,OLB,,,,,,,,,,,,,,,,,
Sun,Olbia Airport,Arzachena,26390,26409,OLB,,,,,,,,,,,,,,,,,
Sun,Olbia Airport,Badesi,26390,26371,OLB,,,,,,,,,,,,,,,,,
Sun,Olbia Airport,Baia Sardinia,26390,26410,OLB,,,,,,,,,,,,,,,,,
Sun,Olbia Airport,Bosa,26390,26356,OLB,,,,,,,,,,,,,,,,,
Sun,Olbia Airport,Budoni,26390,26419,OLB,,,,,,,,,,,,,,,,,
Sun,Olbia Airport,Cala Di Volpe,26390,26411,OLB,,,,,,,,,,,,,,,,,
Sun,Olbia Airport,Cala Gonone,26390,26363,OLB,,,,,,,,,,,,,,,,,
Sun,Olbia Airport,Cala Liberotto,26390,26436,OLB,,,,,,,,,,,,,,,,,
Sun,Olbia Airport,Cannigione,26390,26412,OLB,,,,,,,,,,,,,,,,,
Sun,Olbia Airport,Capo Coda Cavallo,26390,26401,OLB,,,,,,,,,,,,,,,,,
Sun,Olbia Airport,Capo D'orso,26390,26421,OLB,,,,,,,,,,,,,,,,,
Sun,Olbia Airport,Castelsardo,26390,26373,OLB,,,,,,,,,,,,,,,,,
Sun,Olbia Airport,Costa Paradiso,26390,26374,OLB,,,,,,,,,,,,,,,,,
Sun,Olbia Airport,Costa Smeralda,26390,26369,OLB,,,,,,,,,,,,,,,,,
Sun,Olbia Airport,Golfo Aranci,26390,26396,OLB,,,,,,,,,,,,,,,,,
Sun,Olbia Airport,Isola Rossa,26390,26376,OLB,,,,,,,,,,,,,,,,,
Sun,Olbia Airport,La Caletta,26390,26431,OLB,,,,,,,,,,,,,,,,,
Sun,Olbia Airport,La Maddalena,26390,36280,OLB,,,,,,,,,,,,,,,,,
Sun,Olbia Airport,La Marmorata,26390,26434,OLB,,,,,,,,,,,,,,,,,
Sun,Olbia Airport,Liscia Di Vacca,26390,26422,OLB,,,,,,,,,,,,,,,,,
Sun,Olbia Airport,Lotzorai,26390,26367,OLB,,,,,,,,,,,,,,,,,
Sun,Olbia Airport,Marinella Di Selinunte,26390,32181,OLB,,,,,,,,,,,,,,,,,
Sun,Olbia Airport,Monte Petrosu,26390,26403,OLB,,,,,,,,,,,,,,,,,
Sun,Olbia Airport,Nuoro,26390,26357,OLB,,,,,,,,,,,,,,,,,
Sun,Olbia Airport,Orosei,26390,26435,OLB,,,,,,,,,,,,,,,,,
Sun,Olbia Airport,Palau,26390,26378,OLB,,,,,,,,,,,,,,,,,
Sun,Olbia Airport,Pittulongu,26390,26391,OLB,,,,,,,,,,,,,,,,,
Sun,Olbia Airport,Poltu Quatu,26390,26413,OLB,,,,,,,,,,,,,,,,,
Sun,Olbia Airport,Portisco,26390,26398,OLB,,,,,,,,,,,,,,,,,
Sun,Olbia Airport,Porto Cervo,26390,26414,OLB,,,,,,,,,,,,,,,,,
Sun,Olbia Airport,Porto Istana,26390,26392,OLB,,,,,,,,,,,,,,,,,
Sun,Olbia Airport,Porto Ottiolu,26390,26425,OLB,,,,,,,,,,,,,,,,,
Sun,Olbia Airport,Porto Rotondo,26390,26400,OLB,,,,,,,,,,,,,,,,,
Sun,Olbia Airport,Porto San Paolo,26390,26394,OLB,,,,,,,,,,,,,,,,,
Sun,Olbia Airport,Porto Taverna,26390,26399,OLB,,,,,,,,,,,,,,,,,
Sun,Olbia Airport,Posada,26390,26429,OLB,,,,,,,,,,,,,,,,,
Sun,Olbia Airport,Punta Molara,26390,26404,OLB,,,,,,,,,,,,,,,,,
Sun,Olbia Airport,Puntaldia,26390,26405,OLB,,,,,,,,,,,,,,,,,
Sun,Olbia Airport,San Teodoro,26390,26381,OLB,,,,,,,,,,,,,,,,,
Sun,Olbia Airport,Santa Maria Navarrese,26390,26368,OLB,,,,,,,,,,,,,,,,,
Sun,Olbia Airport,Santa Teresa Gallura,26390,26382,OLB,,,,,,,,,,,,,,,,,
Sun,Olbia Airport,Sassari,26390,26383,OLB,,,,,,,,,,,,,,,,,
Sun,Olbia Airport,Siniscola,26390,26432,OLB,,,,,,,,,,,,,,,,,
Sun,Olbia Airport,Sorso,26390,26384,OLB,,,,,,,,,,,,,,,,,
Sun,Olbia Airport,Stintino,26390,26385,OLB,,,,,,,,,,,,,,,,,
Sun,Olbia Airport,Tanaunella,26390,31593,OLB,,,,,,,,,,,,,,,,,
Sun,Olbia Airport,Tanca Manna,26390,26417,OLB,,,,,,,,,,,,,,,,,
Sun,Olbia Airport,Tempio Pausania,26390,26428,OLB,,,,,,,,,,,,,,,,,
Sun,Olbia Airport,Tortoli,26390,26365,OLB,,,,,,,,,,,,,,,,,
Sun,Olbia Airport,Valledoria,26390,26386,OLB,,,,,,,,,,,,,,,,,
Sun,Olbia Airport,Vignola Mare,26390,26439,OLB,,,,,,,,,,,,,,,,,
Sun,Orlando International Airport,Anna Maria,27860,37422,MCO,,,,,,,,,,,,,,,,,
Sun,Orlando International Airport,Auburndale,27860,28988,MCO,,,,,,,,,,,,,,,,,
Sun,Orlando International Airport,Clermont (Florida),27860,29681,MCO,,,,,,,,,,,,,,,,,
Sun,Orlando International Airport,Cocoa Beach,27860,28898,MCO,,,,,,,,,,,,,,,,,
Sun,Orlando International Airport,Daytona,27860,28900,MCO,,,,,,,,,,,,,,,,,
Sun,Orlando International Airport,Disneyworld,27860,27857,MCO,,,,,,,,,,,,,,,,,
Sun,Orlando International Airport,Kissimmee,27860,27854,MCO,,,,,,,,,,,,,,,,,
Sun,Orlando International Airport,Lake Buena Vista,27860,30090,MCO,,,,,,,,,,,,,,,,,
Sun,Orlando International Airport,Lake Marion,27860,36699,MCO,,,,,,,,,,,,,,,,,
Sun,Orlando International Airport,Lake Mary,27860,35899,MCO,,,,,,,,,,,,,,,,,
Sun,Orlando International Airport,Longboat Key,27860,37538,MCO,,,,,,,,,,,,,,,,,
Sun,Orlando International Airport,New Smyrna Beach,27860,35350,MCO,,,,,,,,,,,,,,,,,
Sun,Orlando International Airport,Ocala,27860,36318,MCO,,,,,,,,,,,,,,,,,
Sun,Orlando International Airport,Ocoee,27860,34678,MCO,,,,,,,,,,,,,,,,,
Sun,Orlando International Airport,Orlando Sanford Airport,27860,27861,MCO,,,,,,,,,,,,,,,,,
Sun,Orlando International Airport,Palm Harbor,27860,28932,MCO,,,,,,,,,,,,,,,,,
Sun,Orlando International Airport,Ponte Vedra Beach,27860,32068,MCO,,,,,,,,,,,,,,,,,
Sun,Orlando International Airport,Seaworld,27860,27852,MCO,,,,,,,,,,,,,,,,,
Sun,Orlando International Airport,Southern Dunes Golf And Country Club,27860,29883,MCO,,,,,,,,,,,,,,,,,
Sun,Orlando International Airport,Tavares,27860,33205,MCO,,,,,,,,,,,,,,,,,
Sun,Orlando International Airport,The Villages,27860,34347,MCO,,,,,,,,,,,,,,,,,
Sun,Orlando International Airport,Universal Studios,27860,27853,MCO,,,,,,,,,,,,,,,,,
Sun,Orlando International Airport,Vistana Centre Dr,27860,29904,MCO,,,,,,,,,,,,,,,,,
Sun,Orlando Sanford Airport,Clermont (Florida),27861,29681,SFB,,,,,,,,,,,,,,,,,
Sun,Orlando Sanford Airport,Daytona,27861,28900,SFB,,,,,,,,,,,,,,,,,
Sun,Orlando Sanford Airport,Disneyworld,27861,27857,SFB,,,,,,,,,,,,,,,,,
Sun,Orlando Sanford Airport,Fort Myers,27861,29515,SFB,,,,,,,,,,,,,,,,,
Sun,Orlando Sanford Airport,Jacksonville,27861,29688,SFB,,,,,,,,,,,,,,,,,
Sun,Orlando Sanford Airport,Kissimmee,27861,27854,SFB,,,,,,,,,,,,,,,,,
Sun,Orlando Sanford Airport,Lake Buena Vista,27861,30090,SFB,,,,,,,,,,,,,,,,,
Sun,Orlando Sanford Airport,Montgomery,27861,30377,SFB,,,,,,,,,,,,,,,,,
Sun,Orlando Sanford Airport,Ocala,27861,36318,SFB,,,,,,,,,,,,,,,,,
Sun,Orlando Sanford Airport,Pointe Orlando,27861,28961,SFB,,,,,,,,,,,,,,,,,
Sun,Orlando Sanford Airport,Port St. Lucie,27861,32765,SFB,,,,,,,,,,,,,,,,,
Sun,Orlando Sanford Airport,Sand Lake,27861,37620,SFB,,,,,,,,,,,,,,,,,
Sun,Orlando Sanford Airport,Sarasota,27861,35252,SFB,,,,,,,,,,,,,,,,,
Sun,Orlando Sanford Airport,Seaworld,27861,27852,SFB,,,,,,,,,,,,,,,,,
Sun,Orlando Sanford Airport,Titusville,27861,29888,SFB,,,,,,,,,,,,,,,,,
Sun,Orlando Sanford Airport,Town'n'country,27861,33949,SFB,,,,,,,,,,,,,,,,,
Sun,Orlando Sanford Airport,Universal Studios,27861,27853,SFB,,,,,,,,,,,,,,,,,
Sun,Osijek Airport,Banja Luka,30534,27914,OSI,,,,,,,,,,,,,,,,,
Sun,Osijek Airport,Beli Manastir,30534,30525,OSI,,,,,,,,,,,,,,,,,
Sun,Osijek Airport,Bjelovar,30534,25465,OSI,,,,,,,,,,,,,,,,,
Sun,Osijek Airport,?akovo,30534,30526,OSI,,,,,,,,,,,,,,,,,
Sun,Osijek Airport,Darda,30534,30527,OSI,,,,,,,,,,,,,,,,,
Sun,Osijek Airport,Daruvar,30534,25466,OSI,,,,,,,,,,,,,,,,,
Sun,Osijek Airport,Donji Miholjac,30534,30528,OSI,,,,,,,,,,,,,,,,,
Sun,Osijek Airport,Josipovac,30534,30529,OSI,,,,,,,,,,,,,,,,,
Sun,Osijek Airport,Ljubljana,30534,25337,OSI,,,,,,,,,,,,,,,,,
Sun,Osijek Airport,Mohács,30534,30530,OSI,,,,,,,,,,,,,,,,,
Sun,Osijek Airport,Našice,30534,30531,OSI,,,,,,,,,,,,,,,,,
Sun,Osijek Airport,Novi Sad,30534,30057,OSI,,,,,,,,,,,,,,,,,
Sun,Osijek Airport,Osijek,30534,25471,OSI,,,,,,,,,,,,,,,,,
Sun,Osijek Airport,Petrijevci,30534,30532,OSI,,,,,,,,,,,,,,,,,
Sun,Osijek Airport,Sisak,30534,25479,OSI,,,,,,,,,,,,,,,,,
Sun,Osijek Airport,Slavonski Brod,30534,25480,OSI,,,,,,,,,,,,,,,,,
Sun,Osijek Airport,Subotica,30534,30069,OSI,,,,,,,,,,,,,,,,,
Sun,Osijek Airport,Valpovo,30534,30533,OSI,,,,,,,,,,,,,,,,,
Sun,Osijek Airport,Varaždin,30534,25485,OSI,,,,,,,,,,,,,,,,,
Sun,Osijek Airport,Vinkovci,30534,25486,OSI,,,,,,,,,,,,,,,,,
Sun,Osijek Airport,Vukovar,30534,25488,OSI,,,,,,,,,,,,,,,,,
Sun,Osijek Airport,Zrenjanin,30534,30077,OSI,,,,,,,,,,,,,,,,,
Sun,Oslo Gardermoen Airport,Arvika,26802,31679,OSL,,,,,,,,,,,,,,,,,
Sun,Oslo Gardermoen Airport,Asker,26802,35170,OSL,,,,,,,,,,,,,,,,,
Sun,Oslo Gardermoen Airport,Charlottenberg,26802,35419,OSL,,,,,,,,,,,,,,,,,
Sun,Oslo Gardermoen Airport,Drammen,26802,36029,OSL,,,,,,,,,,,,,,,,,
Sun,Oslo Gardermoen Airport,Filipstad,26802,31634,OSL,,,,,,,,,,,,,,,,,
Sun,Oslo Gardermoen Airport,Geilo,26802,32032,OSL,,,,,,,,,,,,,,,,,
Sun,Oslo Gardermoen Airport,Hamar,26802,34092,OSL,,,,,,,,,,,,,,,,,
Sun,Oslo Gardermoen Airport,Hemsedal,26802,32404,OSL,,,,,,,,,,,,,,,,,
Sun,Oslo Gardermoen Airport,Honefoss,26802,33888,OSL,,,,,,,,,,,,,,,,,
Sun,Oslo Gardermoen Airport,Kolbotn,26802,31481,OSL,,,,,,,,,,,,,,,,,
Sun,Oslo Gardermoen Airport,Rauland,26802,33860,OSL,,,,,,,,,,,,,,,,,
Sun,Oslo Gardermoen Airport,Sandefjord,26802,30730,OSL,,,,,,,,,,,,,,,,,
Sun,Ostend Airport (OST),Calais,44830,22428,OST,,,,,,,,,,,,,,,,,
Sun,Ostend Airport (OST),De Haan,44830,27905,OST,,,,,,,,,,,,,,,,,
Sun,Ostend Airport (OST),Ghent,44830,22431,OST,,,,,,,,,,,,,,,,,
Sun,Ostend Airport (OST),Koksijde,44830,27910,OST,,,,,,,,,,,,,,,,,
Sun,Ostend Airport (OST),Kortrijk,44830,27907,OST,,,,,,,,,,,,,,,,,
Sun,Ostend Airport (OST),Leuven,44830,27889,OST,,,,,,,,,,,,,,,,,
Sun,Ostend Airport (OST),Lier,44830,27886,OST,,,,,,,,,,,,,,,,,
Sun,Ostend Airport (OST),Lille,44830,21950,OST,,,,,,,,,,,,,,,,,
Sun,Ostend Airport (OST),Lokeren,44830,31851,OST,,,,,,,,,,,,,,,,,
Sun,Ostend Airport (OST),Mechelen,44830,27888,OST,,,,,,,,,,,,,,,,,
Sun,Ostend Airport (OST),Middelkerke,44830,27906,OST,,,,,,,,,,,,,,,,,
Sun,Ostend Airport (OST),Mons,44830,27226,OST,,,,,,,,,,,,,,,,,
Sun,Ostend Airport (OST),Ostend,44830,22439,OST,,,,,,,,,,,,,,,,,
Sun,Ostend Airport (OST),Roeselare,44830,35101,OST,,,,,,,,,,,,,,,,,
Sun,Ostend Airport (OST),Roubaix,44830,22440,OST,,,,,,,,,,,,,,,,,
Sun,Ostrava Airport (OSR),Cieszyn,30585,25400,OSR,,,,,,,,,,,,,,,,,
Sun,Ostrava Airport (OSR),Kaczyce,30585,35640,OSR,,,,,,,,,,,,,,,,,
Sun,Ostrava Airport (OSR),Karvina,30585,31571,OSR,,,,,,,,,,,,,,,,,
Sun,Ostrava Airport (OSR),Katowice,30585,25398,OSR,,,,,,,,,,,,,,,,,
Sun,Ostrava Airport (OSR),Krakow,30585,25396,OSR,,,,,,,,,,,,,,,,,
Sun,Ostrava Airport (OSR),Olomouc,30585,21872,OSR,,,,,,,,,,,,,,,,,
Sun,Ostrava Airport (OSR),Opava,30585,21873,OSR,,,,,,,,,,,,,,,,,
Sun,Ostrava Airport (OSR),Ostrava,30585,21874,OSR,,,,,,,,,,,,,,,,,
Sun,Ostrava Airport (OSR),Trinec,30585,37551,OSR,,,,,,,,,,,,,,,,,
Sun,Ostrava Airport (OSR),Vyskov,30585,30581,OSR,,,,,,,,,,,,,,,,,
Sun,Ottawa Airport,Kingston,43939,30633,YOW,,,,,,,,,,,,,,,,,
Sun,Ottawa Airport,Toronto,43939,32033,YOW,,,,,,,,,,,,,,,,,
Sun,Ouarzazate Airport,Erfoud,21453,21445,OZZ,,,,,,,,,,,,,,,,,
Sun,Ouarzazate Airport,Marrakech City (Excl. Medina),21453,20715,OZZ,,,,,,,,,,,,,,,,,
Sun,Ouarzazate Airport,Merzouga,21453,21447,OZZ,,,,,,,,,,,,,,,,,
Sun,Ouarzazate Airport,Skoura,21453,21450,OZZ,,,,,,,,,,,,,,,,,
Sun,Ouarzazate Airport,Tafraoute,21453,21433,OZZ,,,,,,,,,,,,,,,,,
Sun,Ouarzazate Airport,Zagora,21453,21452,OZZ,,,,,,,,,,,,,,,,,
Sun,Paderborn Lippstadt Airport,Bad Pyrmont,24022,33806,PAD,,,,,,,,,,,,,,,,,
Sun,Paderborn Lippstadt Airport,Beverungen,24022,34364,PAD,,,,,,,,,,,,,,,,,
Sun,Paderborn Lippstadt Airport,Bielefeld,24022,22839,PAD,,,,,,,,,,,,,,,,,
Sun,Paderborn Lippstadt Airport,Kassel,24022,22861,PAD,,,,,,,,,,,,,,,,,
Sun,Paderborn Lippstadt Airport,Paderborn,24022,22871,PAD,,,,,,,,,,,,,,,,,
Sun,Paderborn Lippstadt Airport,Rheda-Wiedenbrück,24022,22873,PAD,,,,,,,,,,,,,,,,,
Sun,Palermo Airport,Agrigento,21661,21663,PMO,,,,,,,,,,,,,,,,,
Sun,Palermo Airport,Alcamo,21661,21659,PMO,,,,,,,,,,,,,,,,,
Sun,Palermo Airport,Altavilla Milicia,21661,27461,PMO,,,,,,,,,,,,,,,,,
Sun,Palermo Airport,Balestrate,21661,22319,PMO,,,,,,,,,,,,,,,,,
Sun,Palermo Airport,Campofelice di Roccella,21661,22216,PMO,,,,,,,,,,,,,,,,,
Sun,Palermo Airport,Capaci,21661,28112,PMO,,,,,,,,,,,,,,,,,
Sun,Palermo Airport,Capo D'orlando,21661,27450,PMO,,,,,,,,,,,,,,,,,
Sun,Palermo Airport,Carini,21661,28113,PMO,,,,,,,,,,,,,,,,,
Sun,Palermo Airport,Castellammare Del Golfo,21661,21658,PMO,,,,,,,,,,,,,,,,,
Sun,Palermo Airport,Catania Airport,21661,22315,PMO,,,,,,,,,,,,,,,,,
Sun,Palermo Airport,Cefalu,21661,21664,PMO,,,,,,,,,,,,,,,,,
Sun,Palermo Airport,Cinisi,21661,27451,PMO,,,,,,,,,,,,,,,,,
Sun,Palermo Airport,Favignana,21661,30416,PMO,,,,,,,,,,,,,,,,,
Sun,Palermo Airport,Isola Delle Femmine,21661,29967,PMO,,,,,,,,,,,,,,,,,
Sun,Palermo Airport,Marinella Di Selinunte,21661,32181,PMO,,,,,,,,,,,,,,,,,
Sun,Palermo Airport,Marsala,21661,21654,PMO,,,,,,,,,,,,,,,,,
Sun,Palermo Airport,Mazara Del Vallo,21661,21655,PMO,,,,,,,,,,,,,,,,,
Sun,Palermo Airport,Menfi,21661,27452,PMO,,,,,,,,,,,,,,,,,
Sun,Palermo Airport,Milazzo,21661,22329,PMO,,,,,,,,,,,,,,,,,
Sun,Palermo Airport,Mondello,21661,22493,PMO,,,,,,,,,,,,,,,,,
Sun,Palermo Airport,Noto,21661,22219,PMO,,,,,,,,,,,,,,,,,
Sun,Palermo Airport,Portorosa,21661,22220,PMO,,,,,,,,,,,,,,,,,
Sun,Palermo Airport,Ragusa,21661,24999,PMO,,,,,,,,,,,,,,,,,
Sun,Palermo Airport,San Vito Lo Capo,21661,21662,PMO,,,,,,,,,,,,,,,,,
Sun,Palermo Airport,Santa Flavia,21661,22515,PMO,,,,,,,,,,,,,,,,,
Sun,Palermo Airport,Sciacca,21661,22222,PMO,,,,,,,,,,,,,,,,,
Sun,Palermo Airport,Scopello,21661,23276,PMO,,,,,,,,,,,,,,,,,
Sun,Palermo Airport,Siracusa,21661,21665,PMO,,,,,,,,,,,,,,,,,
Sun,Palermo Airport,Taormina,21661,21669,PMO,,,,,,,,,,,,,,,,,
Sun,Palermo Airport,Termini Imerese,21661,28114,PMO,,,,,,,,,,,,,,,,,
Sun,Palermo Airport,Trapani Airport,21661,21651,PMO,,,,,,,,,,,,,,,,,
Sun,Palermo Airport,Trappeto,21661,25457,PMO,,,,,,,,,,,,,,,,,
Sun,Palermo Airport,Villagrazia Di Carini,21661,36143,PMO,,,,,,,,,,,,,,,,,
Sun,Palm Beach Airport,Cape Liberty Cruise Port,31774,29535,PBI,,,,,,,,,,,,,,,,,
Sun,Palm Beach Airport,Fort Myers,31774,29515,PBI,,,,,,,,,,,,,,,,,
Sun,Palm Beach Airport,Jacksonville,31774,29688,PBI,,,,,,,,,,,,,,,,,
Sun,Palm Beach Airport,Kissimmee,31774,27854,PBI,,,,,,,,,,,,,,,,,
Sun,Palm Beach Airport,Manhattan Cruise Terminal,31774,29536,PBI,,,,,,,,,,,,,,,,,
Sun,Palm Beach Airport,Ocala,31774,36318,PBI,,,,,,,,,,,,,,,,,
Sun,Palm Beach Airport,Port St. Lucie,31774,32765,PBI,,,,,,,,,,,,,,,,,
Sun,Palm Beach Airport,Sarasota,31774,35252,PBI,,,,,,,,,,,,,,,,,
Sun,Pamplona Airport,Biarritz,24506,20739,PNA,,,,,,,,,,,,,,,,,
Sun,Pamplona Airport,Calahorra,24506,21061,PNA,,,,,,,,,,,,,,,,,
Sun,Pamplona Airport,Hondarribia,24506,20745,PNA,,,,,,,,,,,,,,,,,
Sun,Pamplona Airport,Irún,24506,20746,PNA,,,,,,,,,,,,,,,,,
Sun,Pamplona Airport,Logrono,24506,21116,PNA,,,,,,,,,,,,,,,,,
Sun,Pamplona Airport,Pamplona / Iruna,24506,20755,PNA,,,,,,,,,,,,,,,,,
Sun,Pamplona Airport,Saint-Jean-Pied-De-Port,24506,23218,PNA,,,,,,,,,,,,,,,,,
Sun,Pamplona Airport,Villava,24506,38185,PNA,,,,,,,,,,,,,,,,,
Sun,Pampulha Airport,Belo Horizonte,35776,26586,PLU,,,,,,,,,,,,,,,,,
Sun,Pampulha Airport,Belo Horizonte Airport,35776,26489,PLU,,,,,,,,,,,,,,,,,
Sun,Pampulha Airport,Betim,35776,34465,PLU,,,,,,,,,,,,,,,,,
Sun,Pampulha Airport,Brumadinho,35776,34466,PLU,,,,,,,,,,,,,,,,,
Sun,Pampulha Airport,Caeté,35776,34467,PLU,,,,,,,,,,,,,,,,,
Sun,Pampulha Airport,Capim Branco,35776,34468,PLU,,,,,,,,,,,,,,,,,
Sun,Pampulha Airport,Ibirité,35776,34469,PLU,,,,,,,,,,,,,,,,,
Sun,Pampulha Airport,Igarapé,35776,34470,PLU,,,,,,,,,,,,,,,,,
Sun,Pampulha Airport,Jaboticatubas,35776,34471,PLU,,,,,,,,,,,,,,,,,
Sun,Pampulha Airport,Lagoa Santa,35776,34472,PLU,,,,,,,,,,,,,,,,,
Sun,Pampulha Airport,São Geraldo,35776,34464,PLU,,,,,,,,,,,,,,,,,
Sun,Panama Albrook Airport,Tocumen,28330,42235,PAC,,,,,,,,,,,,,,,,,
Sun,Panama Tocumen Airport,Albrook,28323,35394,PTY,,,,,,,,,,,,,,,,,
Sun,Panama Tocumen Airport,Arraijan,28323,33133,PTY,,,,,,,,,,,,,,,,,
Sun,Panama Tocumen Airport,San Miguelito,28323,36666,PTY,,,,,,,,,,,,,,,,,
Sun,Paphos Airport,Agios Tychon,21504,34982,PFO,,,,,,,,,,,,,,,,,
Sun,Paphos Airport,Anassa,21504,21506,PFO,,,,,,,,,,,,,,,,,
Sun,Paphos Airport,Aphrodite Hills,21504,21507,PFO,,,,,,,,,,,,,,,,,
Sun,Paphos Airport,Askou,21504,21508,PFO,,,,,,,,,,,,,,,,,
Sun,Paphos Airport,Ayia Napa,21504,21509,PFO,,,,,,,,,,,,,,,,,
Sun,Paphos Airport,Azia,21504,21510,PFO,,,,,,,,,,,,,,,,,
Sun,Paphos Airport,Chloraka,21504,21998,PFO,,,,,,,,,,,,,,,,,
Sun,Paphos Airport,Coral Bay,21504,21512,PFO,,,,,,,,,,,,,,,,,
Sun,Paphos Airport,Episkopi,21504,21514,PFO,,,,,,,,,,,,,,,,,
Sun,Paphos Airport,Famagusta,21504,21999,PFO,,,,,,,,,,,,,,,,,
Sun,Paphos Airport,Geroskipou,21504,27646,PFO,,,,,,,,,,,,,,,,,
Sun,Paphos Airport,Kathikas,21504,23385,PFO,,,,,,,,,,,,,,,,,
Sun,Paphos Airport,Kato Paphos,21504,21723,PFO,,,,,,,,,,,,,,,,,
Sun,Paphos Airport,Kissonerga,21504,21516,PFO,,,,,,,,,,,,,,,,,
Sun,Paphos Airport,Letymbou,21504,21520,PFO,,,,,,,,,,,,,,,,,
Sun,Paphos Airport,Maroni,21504,21523,PFO,,,,,,,,,,,,,,,,,
Sun,Paphos Airport,Melanos,21504,32190,PFO,,,,,,,,,,,,,,,,,
Sun,Paphos Airport,Nicosia (Cyprus),21504,22004,PFO,,,,,,,,,,,,,,,,,
Sun,Paphos Airport,Nissi Beach,21504,22005,PFO,,,,,,,,,,,,,,,,,
Sun,Paphos Airport,Oroklini,21504,23210,PFO,,,,,,,,,,,,,,,,,
Sun,Paphos Airport,Paphos Port,21504,25648,PFO,,,,,,,,,,,,,,,,,
Sun,Paphos Airport,Paralimni,21504,22006,PFO,,,,,,,,,,,,,,,,,
Sun,Paphos Airport,Peyia,21504,22009,PFO,,,,,,,,,,,,,,,,,
Sun,Paphos Airport,Pissouri,21504,21525,PFO,,,,,,,,,,,,,,,,,
Sun,Paphos Airport,Platres,21504,22010,PFO,,,,,,,,,,,,,,,,,
Sun,Paphos Airport,Poli Crysochous,21504,30863,PFO,,,,,,,,,,,,,,,,,
Sun,Paphos Airport,Polis,21504,21526,PFO,,,,,,,,,,,,,,,,,
Sun,Paphos Airport,Pomos,21504,21527,PFO,,,,,,,,,,,,,,,,,
Sun,Paphos Airport,Protaras,21504,21528,PFO,,,,,,,,,,,,,,,,,
Sun,Paphos Airport,Raf Akrotiri,21504,22511,PFO,,,,,,,,,,,,,,,,,
Sun,Paphos Airport,Street,21504,36061,PFO,,,,,,,,,,,,,,,,,
Sun,Paphos Airport,Tala,21504,23311,PFO,,,,,,,,,,,,,,,,,
Sun,Paphos Airport,Tsada,21504,42168,PFO,,,,,,,,,,,,,,,,,
Sun,Paris Beauvais Airport,Amiens,10625,22436,BVA,,,,,,,,,,,,,,,,,
Sun,Paris Beauvais Airport,Bagnolet,10625,21935,BVA,,,,,,,,,,,,,,,,,
Sun,Paris Beauvais Airport,Beauvais,10625,27968,BVA,,,,,,,,,,,,,,,,,
Sun,Paris Beauvais Airport,Berny Riviere,10625,22510,BVA,,,,,,,,,,,,,,,,,
Sun,Paris Beauvais Airport,Boulogne-Billancourt,10625,21931,BVA,,,,,,,,,,,,,,,,,
Sun,Paris Beauvais Airport,Camping International De Maisons-Laffitte,10625,28719,BVA,,,,,,,,,,,,,,,,,
Sun,Paris Beauvais Airport,Camping La Croix Du Vieux Pont,10625,28720,BVA,,,,,,,,,,,,,,,,,
Sun,Paris Beauvais Airport,Camping Le Chene Gris,10625,34433,BVA,,,,,,,,,,,,,,,,,
Sun,Paris Beauvais Airport,Chessy (Disneyland),10625,26477,BVA,,,,,,,,,,,,,,,,,
Sun,Paris Beauvais Airport,Clichy,10625,21938,BVA,,,,,,,,,,,,,,,,,
Sun,Paris Beauvais Airport,Coupvray,10625,40623,BVA,,,,,,,,,,,,,,,,,
Sun,Paris Beauvais Airport,Courbevoie,10625,21939,BVA,,,,,,,,,,,,,,,,,
Sun,Paris Beauvais Airport,Creil,10625,22795,BVA,,,,,,,,,,,,,,,,,
Sun,Paris Beauvais Airport,Deauville,10625,22459,BVA,,,,,,,,,,,,,,,,,
Sun,Paris Beauvais Airport,Disneyland,10625,10629,BVA,,,,,,,,,,,,,,,,,
Sun,Paris Beauvais Airport,Fontenay-Sous-Bois,10625,26726,BVA,,,,,,,,,,,,,,,,,
Sun,Paris Beauvais Airport,Gennevilliers,10625,35913,BVA,,,,,,,,,,,,,,,,,
Sun,Paris Beauvais Airport,Gif-Sur-Yvette,10625,31147,BVA,,,,,,,,,,,,,,,,,
Sun,Paris Beauvais Airport,Herne,10625,22858,BVA,,,,,,,,,,,,,,,,,
Sun,Paris Beauvais Airport,Issy-Les-Moulineaux,10625,21948,BVA,,,,,,,,,,,,,,,,,
Sun,Paris Beauvais Airport,Ivry-Sur-Seine,10625,27933,BVA,,,,,,,,,,,,,,,,,
Sun,Paris Beauvais Airport,La Défense,10625,21949,BVA,,,,,,,,,,,,,,,,,
Sun,Paris Beauvais Airport,Lagny-Sur-Marne,10625,34117,BVA,,,,,,,,,,,,,,,,,
Sun,Paris Beauvais Airport,Levallois-Perret,10625,24568,BVA,,,,,,,,,,,,,,,,,
Sun,Paris Beauvais Airport,Lille,10625,21950,BVA,,,,,,,,,,,,,,,,,
Sun,Paris Beauvais Airport,Louveciennes,10625,31513,BVA,,,,,,,,,,,,,,,,,
Sun,Paris Beauvais Airport,Magny-Le-Hongre (Disneyland),10625,24238,BVA,,,,,,,,,,,,,,,,,
Sun,Paris Beauvais Airport,Maisons-Laffitte,10625,21951,BVA,,,,,,,,,,,,,,,,,
Sun,Paris Beauvais Airport,Mont Saint-Michel,10625,31019,BVA,,,,,,,,,,,,,,,,,
Sun,Paris Beauvais Airport,Montreuil,10625,21952,BVA,,,,,,,,,,,,,,,,,
Sun,Paris Beauvais Airport,Montrouge,10625,24352,BVA,,,,,,,,,,,,,,,,,
Sun,Paris Beauvais Airport,Nanterre,10625,21953,BVA,,,,,,,,,,,,,,,,,
Sun,Paris Beauvais Airport,Nogent-Sur-Marne,10625,30741,BVA,,,,,,,,,,,,,,,,,
Sun,Paris Beauvais Airport,Noisy-Le-Grand,10625,30395,BVA,,,,,,,,,,,,,,,,,
Sun,Paris Beauvais Airport,Noisy-Le-Sec,10625,29892,BVA,,,,,,,,,,,,,,,,,
Sun,Paris Beauvais Airport,Paris,10625,21879,BVA,,,,,,,,,,,,,,,,,
Sun,Paris Beauvais Airport,Paris Gare De L'est,10625,40181,BVA,,,,,,,,,,,,,,,,,
Sun,Paris Beauvais Airport,Paris Gare De Lyon,10625,40177,BVA,,,,,,,,,,,,,,,,,
Sun,Paris Beauvais Airport,Paris Gare Du Nord,10625,40178,BVA,,,,,,,,,,,,,,,,,
Sun,Paris Beauvais Airport,Paris Gare Montparnasse,10625,40180,BVA,,,,,,,,,,,,,,,,,
Sun,Paris Beauvais Airport,Paris Gare Saint-Lazare,10625,40179,BVA,,,,,,,,,,,,,,,,,
Sun,Paris Beauvais Airport,Paris Orly Airport,10625,10627,BVA,,,,,,,,,,,,,,,,,
Sun,Paris Beauvais Airport,Pont-Audemer,10625,34077,BVA,,,,,,,,,,,,,,,,,
Sun,Paris Beauvais Airport,Puteaux,10625,21956,BVA,,,,,,,,,,,,,,,,,
Sun,Paris Beauvais Airport,Reims,10625,22460,BVA,,,,,,,,,,,,,,,,,
Sun,Paris Beauvais Airport,Roissy-En-France,10625,28284,BVA,,,,,,,,,,,,,,,,,
Sun,Paris Beauvais Airport,Rouen,10625,21957,BVA,,,,,,,,,,,,,,,,,
Sun,Paris Beauvais Airport,Rueil-Malmaison,10625,21958,BVA,,,,,,,,,,,,,,,,,
Sun,Paris Beauvais Airport,Saint Ouen,10625,21960,BVA,,,,,,,,,,,,,,,,,
Sun,Paris Beauvais Airport,Torcy,10625,25139,BVA,,,,,,,,,,,,,,,,,
Sun,Paris Beauvais Airport,Vanves,10625,43615,BVA,,,,,,,,,,,,,,,,,
Sun,Paris Beauvais Airport,Versailles,10625,21962,BVA,,,,,,,,,,,,,,,,,
Sun,Paris Beauvais Airport,Villejuif,10625,22557,BVA,,,,,,,,,,,,,,,,,
Sun,Paris Beauvais Airport,Villemomble,10625,39573,BVA,,,,,,,,,,,,,,,,,
Sun,Paris Charles De Gaulle Airport,Amiens,10626,22436,CDG,,,,,,,,,,,,,,,,,
Sun,Paris Charles De Gaulle Airport,Antony,10626,41803,CDG,,,,,,,,,,,,,,,,,
Sun,Paris Charles De Gaulle Airport,Arcueil,10626,27434,CDG,,,,,,,,,,,,,,,,,
Sun,Paris Charles De Gaulle Airport,Argenteuil,10626,40459,CDG,,,,,,,,,,,,,,,,,
Sun,Paris Charles De Gaulle Airport,Aubervilliers,10626,21934,CDG,,,,,,,,,,,,,,,,,
Sun,Paris Charles De Gaulle Airport,Bagneux,10626,26254,CDG,,,,,,,,,,,,,,,,,
Sun,Paris Charles De Gaulle Airport,Bagnolet,10626,21935,CDG,,,,,,,,,,,,,,,,,
Sun,Paris Charles De Gaulle Airport,Bailly-Romainvilliers (Disneyland),10626,25039,CDG,,,,,,,,,,,,,,,,,
Sun,Paris Charles De Gaulle Airport,Bayeux,10626,25010,CDG,,,,,,,,,,,,,,,,,
Sun,Paris Charles De Gaulle Airport,Beaune,10626,23096,CDG,,,,,,,,,,,,,,,,,
Sun,Paris Charles De Gaulle Airport,Beauvais,10626,27968,CDG,,,,,,,,,,,,,,,,,
Sun,Paris Charles De Gaulle Airport,Berny Riviere,10626,22510,CDG,,,,,,,,,,,,,,,,,
Sun,Paris Charles De Gaulle Airport,Bois-Colombes,10626,33101,CDG,,,,,,,,,,,,,,,,,
Sun,Paris Charles De Gaulle Airport,Boulogne-Billancourt,10626,21931,CDG,,,,,,,,,,,,,,,,,
Sun,Paris Charles De Gaulle Airport,Caen,10626,24107,CDG,,,,,,,,,,,,,,,,,
Sun,Paris Charles De Gaulle Airport,Calais,10626,22428,CDG,,,,,,,,,,,,,,,,,
Sun,Paris Charles De Gaulle Airport,Camping La Croix Du Vieux Pont,10626,28720,CDG,,,,,,,,,,,,,,,,,
Sun,Paris Charles De Gaulle Airport,Champs-Sur-Marne,10626,34267,CDG,,,,,,,,,,,,,,,,,
Sun,Paris Charles De Gaulle Airport,Chanteloup-En-Brie,10626,35073,CDG,,,,,,,,,,,,,,,,,
Sun,Paris Charles De Gaulle Airport,Chantilly,10626,24538,CDG,,,,,,,,,,,,,,,,,
Sun,Paris Charles De Gaulle Airport,Charenton-Le-Pont,10626,26645,CDG,,,,,,,,,,,,,,,,,
Sun,Paris Charles De Gaulle Airport,Chessy (Disneyland),10626,26477,CDG,,,,,,,,,,,,,,,,,
Sun,Paris Charles De Gaulle Airport,Clamart,10626,25037,CDG,,,,,,,,,,,,,,,,,
Sun,Paris Charles De Gaulle Airport,Clichy,10626,21938,CDG,,,,,,,,,,,,,,,,,
Sun,Paris Charles De Gaulle Airport,Colombes,10626,37289,CDG,,,,,,,,,,,,,,,,,
Sun,Paris Charles De Gaulle Airport,Coupvray,10626,40623,CDG,,,,,,,,,,,,,,,,,
Sun,Paris Charles De Gaulle Airport,Courbevoie,10626,21939,CDG,,,,,,,,,,,,,,,,,
Sun,Paris Charles De Gaulle Airport,Courchevel,10626,10641,CDG,,,,,,,,,,,,,,,,,
Sun,Paris Charles De Gaulle Airport,Crécy-La-Chapelle,10626,25197,CDG,,,,,,,,,,,,,,,,,
Sun,Paris Charles De Gaulle Airport,Croissy-Sur-Seine,10626,24540,CDG,,,,,,,,,,,,,,,,,
Sun,Paris Charles De Gaulle Airport,Deauville,10626,22459,CDG,,,,,,,,,,,,,,,,,
Sun,Paris Charles De Gaulle Airport,Dijon,10626,23419,CDG,,,,,,,,,,,,,,,,,
Sun,Paris Charles De Gaulle Airport,Disneyland,10626,10629,CDG,,,,,,,,,,,,,,,,,
Sun,Paris Charles De Gaulle Airport,Épernay,10626,34358,CDG,,,,,,,,,,,,,,,,,
Sun,Paris Charles De Gaulle Airport,Fontainebleau,10626,22954,CDG,,,,,,,,,,,,,,,,,
Sun,Paris Charles De Gaulle Airport,Fontenay-Sous-Bois,10626,26726,CDG,,,,,,,,,,,,,,,,,
Sun,Paris Charles De Gaulle Airport,Gagny,10626,33891,CDG,,,,,,,,,,,,,,,,,
Sun,Paris Charles De Gaulle Airport,Gennevilliers,10626,35913,CDG,,,,,,,,,,,,,,,,,
Sun,Paris Charles De Gaulle Airport,Issy-Les-Moulineaux,10626,21948,CDG,,,,,,,,,,,,,,,,,
Sun,Paris Charles De Gaulle Airport,Ivry-Sur-Seine,10626,27933,CDG,,,,,,,,,,,,,,,,,
Sun,Paris Charles De Gaulle Airport,Jouy-En-Josas,10626,23790,CDG,,,,,,,,,,,,,,,,,
Sun,Paris Charles De Gaulle Airport,La Défense,10626,21949,CDG,,,,,,,,,,,,,,,,,
Sun,Paris Charles De Gaulle Airport,Le Bourget,10626,42008,CDG,,,,,,,,,,,,,,,,,
Sun,Paris Charles De Gaulle Airport,Le Havre,10626,29068,CDG,,,,,,,,,,,,,,,,,
Sun,Paris Charles De Gaulle Airport,Le Mans,10626,34301,CDG,,,,,,,,,,,,,,,,,
Sun,Paris Charles De Gaulle Airport,Le Mesnil-Amelot,10626,40793,CDG,,,,,,,,,,,,,,,,,
Sun,Paris Charles De Gaulle Airport,Le Pecq,10626,34689,CDG,,,,,,,,,,,,,,,,,
Sun,Paris Charles De Gaulle Airport,Levallois-Perret,10626,24568,CDG,,,,,,,,,,,,,,,,,
Sun,Paris Charles De Gaulle Airport,Lille,10626,21950,CDG,,,,,,,,,,,,,,,,,
Sun,Paris Charles De Gaulle Airport,Magny-Le-Hongre (Disneyland),10626,24238,CDG,,,,,,,,,,,,,,,,,
Sun,Paris Charles De Gaulle Airport,Maisons-Alfort,10626,35863,CDG,,,,,,,,,,,,,,,,,
Sun,Paris Charles De Gaulle Airport,Maisons-Laffitte,10626,21951,CDG,,,,,,,,,,,,,,,,,
Sun,Paris Charles De Gaulle Airport,Malakoff,10626,23873,CDG,,,,,,,,,,,,,,,,,
Sun,Paris Charles De Gaulle Airport,Massy,10626,25252,CDG,,,,,,,,,,,,,,,,,
Sun,Paris Charles De Gaulle Airport,Metz,10626,22451,CDG,,,,,,,,,,,,,,,,,
Sun,Paris Charles De Gaulle Airport,Meudon,10626,26256,CDG,,,,,,,,,,,,,,,,,
Sun,Paris Charles De Gaulle Airport,Mont Saint-Michel,10626,31019,CDG,,,,,,,,,,,,,,,,,
Sun,Paris Charles De Gaulle Airport,Montevrain (Disneyland),10626,24375,CDG,,,,,,,,,,,,,,,,,
Sun,Paris Charles De Gaulle Airport,Montgeron,10626,33889,CDG,,,,,,,,,,,,,,,,,
Sun,Paris Charles De Gaulle Airport,Montigny-Le-Bretonneux,10626,41373,CDG,,,,,,,,,,,,,,,,,
Sun,Paris Charles De Gaulle Airport,Montreuil,10626,21952,CDG,,,,,,,,,,,,,,,,,
Sun,Paris Charles De Gaulle Airport,Montrouge,10626,24352,CDG,,,,,,,,,,,,,,,,,
Sun,Paris Charles De Gaulle Airport,Nanterre,10626,21953,CDG,,,,,,,,,,,,,,,,,
Sun,Paris Charles De Gaulle Airport,Neuilly-Sur-Seine,10626,21954,CDG,,,,,,,,,,,,,,,,,
Sun,Paris Charles De Gaulle Airport,Nogent-Sur-Marne,10626,30741,CDG,,,,,,,,,,,,,,,,,
Sun,Paris Charles De Gaulle Airport,Noisy-Le-Grand,10626,30395,CDG,,,,,,,,,,,,,,,,,
Sun,Paris Charles De Gaulle Airport,Orléans,10626,22815,CDG,,,,,,,,,,,,,,,,,
Sun,Paris Charles De Gaulle Airport,Orly,10626,41206,CDG,,,,,,,,,,,,,,,,,
Sun,Paris Charles De Gaulle Airport,Palaiseau,10626,33100,CDG,,,,,,,,,,,,,,,,,
Sun,Paris Charles De Gaulle Airport,Pantin,10626,36665,CDG,,,,,,,,,,,,,,,,,
Sun,Paris Charles De Gaulle Airport,Paray-Vieille-Poste,10626,33346,CDG,,,,,,,,,,,,,,,,,
Sun,Paris Charles De Gaulle Airport,Paris,10626,21879,CDG,,,,,,,,,,,,,,,,,
Sun,Paris Charles De Gaulle Airport,Paris Beauvais Airport,10626,10625,CDG,,,,,,,,,,,,,,,,,
Sun,Paris Charles De Gaulle Airport,Paris Charles De Gaulle Airport,10626,10626,CDG,,,,,,,,,,,,,,,,,
Sun,Paris Charles De Gaulle Airport,Paris Gare D'austerlitz,10626,40182,CDG,,,,,,,,,,,,,,,,,
Sun,Paris Charles De Gaulle Airport,Paris Gare De Lyon,10626,40177,CDG,,,,,,,,,,,,,,,,,
Sun,Paris Charles De Gaulle Airport,Paris Gare Du Nord,10626,40178,CDG,,,,,,,,,,,,,,,,,
Sun,Paris Charles De Gaulle Airport,Paris Gare Montparnasse,10626,40180,CDG,,,,,,,,,,,,,,,,,
Sun,Paris Charles De Gaulle Airport,Paris Gare Saint-Lazare,10626,40179,CDG,,,,,,,,,,,,,,,,,
Sun,Paris Charles De Gaulle Airport,Puteaux,10626,21956,CDG,,,,,,,,,,,,,,,,,
Sun,Paris Charles De Gaulle Airport,Reims,10626,22460,CDG,,,,,,,,,,,,,,,,,
Sun,Paris Charles De Gaulle Airport,Roissy-En-France,10626,28284,CDG,,,,,,,,,,,,,,,,,
Sun,Paris Charles De Gaulle Airport,Rotterdam,10626,22421,CDG,,,,,,,,,,,,,,,,,
Sun,Paris Charles De Gaulle Airport,Rueil-Malmaison,10626,21958,CDG,,,,,,,,,,,,,,,,,
Sun,Paris Charles De Gaulle Airport,Rungis,10626,30390,CDG,,,,,,,,,,,,,,,,,
Sun,Paris Charles De Gaulle Airport,Saint-Germain-En-Laye,10626,21961,CDG,,,,,,,,,,,,,,,,,
Sun,Paris Charles De Gaulle Airport,Saint-Quentin En Yvelines,10626,24968,CDG,,,,,,,,,,,,,,,,,
Sun,Paris Charles De Gaulle Airport,Sartrouville,10626,34680,CDG,,,,,,,,,,,,,,,,,
Sun,Paris Charles De Gaulle Airport,Strasbourg,10626,22455,CDG,,,,,,,,,,,,,,,,,
Sun,Paris Charles De Gaulle Airport,Suresnes,10626,29444,CDG,,,,,,,,,,,,,,,,,
Sun,Paris Charles De Gaulle Airport,Torcy,10626,25139,CDG,,,,,,,,,,,,,,,,,
Sun,Paris Charles De Gaulle Airport,Tremblay-En-France,10626,30417,CDG,,,,,,,,,,,,,,,,,
Sun,Paris Charles De Gaulle Airport,Vanves,10626,43615,CDG,,,,,,,,,,,,,,,,,
Sun,Paris Charles De Gaulle Airport,Velizy-Villacoublay,10626,37017,CDG,,,,,,,,,,,,,,,,,
Sun,Paris Charles De Gaulle Airport,Versailles,10626,21962,CDG,,,,,,,,,,,,,,,,,
Sun,Paris Charles De Gaulle Airport,Villejuif,10626,22557,CDG,,,,,,,,,,,,,,,,,
Sun,Paris Charles De Gaulle Airport,Vincennes,10626,22681,CDG,,,,,,,,,,,,,,,,,
Sun,Paris Charles De Gaulle Airport,Vitry-Sur-Seine,10626,28111,CDG,,,,,,,,,,,,,,,,,
Sun,Paris Gare De L'est,Paris Charles De Gaulle Airport,40181,10626,NULL,,,,,,,,,,,,,,,,,
Sun,Paris Orly Airport,Argenteuil,10627,40459,ORY,,,,,,,,,,,,,,,,,
Sun,Paris Orly Airport,Bagneux,10627,26254,ORY,,,,,,,,,,,,,,,,,
Sun,Paris Orly Airport,Bagnolet,10627,21935,ORY,,,,,,,,,,,,,,,,,
Sun,Paris Orly Airport,Beauvais,10627,27968,ORY,,,,,,,,,,,,,,,,,
Sun,Paris Orly Airport,Blois,10627,25503,ORY,,,,,,,,,,,,,,,,,
Sun,Paris Orly Airport,Bois-Colombes,10627,33101,ORY,,,,,,,,,,,,,,,,,
Sun,Paris Orly Airport,Boulogne-Billancourt,10627,21931,ORY,,,,,,,,,,,,,,,,,
Sun,Paris Orly Airport,Chanteloup-En-Brie,10627,35073,ORY,,,,,,,,,,,,,,,,,
Sun,Paris Orly Airport,Charenton-Le-Pont,10627,26645,ORY,,,,,,,,,,,,,,,,,
Sun,Paris Orly Airport,Chessy (Disneyland),10627,26477,ORY,,,,,,,,,,,,,,,,,
Sun,Paris Orly Airport,Clichy,10627,21938,ORY,,,,,,,,,,,,,,,,,
Sun,Paris Orly Airport,Colombes,10627,37289,ORY,,,,,,,,,,,,,,,,,
Sun,Paris Orly Airport,Coupvray,10627,40623,ORY,,,,,,,,,,,,,,,,,
Sun,Paris Orly Airport,Courbevoie,10627,21939,ORY,,,,,,,,,,,,,,,,,
Sun,Paris Orly Airport,Créteil,10627,21940,ORY,,,,,,,,,,,,,,,,,
Sun,Paris Orly Airport,Disneyland,10627,10629,ORY,,,,,,,,,,,,,,,,,
Sun,Paris Orly Airport,Fontainebleau,10627,22954,ORY,,,,,,,,,,,,,,,,,
Sun,Paris Orly Airport,Fontenay-Sous-Bois,10627,26726,ORY,,,,,,,,,,,,,,,,,
Sun,Paris Orly Airport,Gennevilliers,10627,35913,ORY,,,,,,,,,,,,,,,,,
Sun,Paris Orly Airport,Issy-Les-Moulineaux,10627,21948,ORY,,,,,,,,,,,,,,,,,
Sun,Paris Orly Airport,Ivry-Sur-Seine,10627,27933,ORY,,,,,,,,,,,,,,,,,
Sun,Paris Orly Airport,La Défense,10627,21949,ORY,,,,,,,,,,,,,,,,,
Sun,Paris Orly Airport,Le Havre,10627,29068,ORY,,,,,,,,,,,,,,,,,
Sun,Paris Orly Airport,Levallois-Perret,10627,24568,ORY,,,,,,,,,,,,,,,,,
Sun,Paris Orly Airport,Magny-Le-Hongre (Disneyland),10627,24238,ORY,,,,,,,,,,,,,,,,,
Sun,Paris Orly Airport,Malakoff,10627,23873,ORY,,,,,,,,,,,,,,,,,
Sun,Paris Orly Airport,Montreuil,10627,21952,ORY,,,,,,,,,,,,,,,,,
Sun,Paris Orly Airport,Montrouge,10627,24352,ORY,,,,,,,,,,,,,,,,,
Sun,Paris Orly Airport,Nanterre,10627,21953,ORY,,,,,,,,,,,,,,,,,
Sun,Paris Orly Airport,Noisy-Le-Grand,10627,30395,ORY,,,,,,,,,,,,,,,,,
Sun,Paris Orly Airport,Orléans,10627,22815,ORY,,,,,,,,,,,,,,,,,
Sun,Paris Orly Airport,Pantin,10627,36665,ORY,,,,,,,,,,,,,,,,,
Sun,Paris Orly Airport,Paris,10627,21879,ORY,,,,,,,,,,,,,,,,,
Sun,Paris Orly Airport,Paris Charles De Gaulle Airport,10627,10626,ORY,,,,,,,,,,,,,,,,,
Sun,Paris Orly Airport,Paris Gare De L'est,10627,40181,ORY,,,,,,,,,,,,,,,,,
Sun,Paris Orly Airport,Paris Gare De Lyon,10627,40177,ORY,,,,,,,,,,,,,,,,,
Sun,Paris Orly Airport,Paris Gare Du Nord,10627,40178,ORY,,,,,,,,,,,,,,,,,
Sun,Paris Orly Airport,Paris Gare Montparnasse,10627,40180,ORY,,,,,,,,,,,,,,,,,
Sun,Paris Orly Airport,Puteaux,10627,21956,ORY,,,,,,,,,,,,,,,,,
Sun,Paris Orly Airport,Reims,10627,22460,ORY,,,,,,,,,,,,,,,,,
Sun,Paris Orly Airport,Roissy-En-France,10627,28284,ORY,,,,,,,,,,,,,,,,,
Sun,Paris Orly Airport,Rueil-Malmaison,10627,21958,ORY,,,,,,,,,,,,,,,,,
Sun,Paris Orly Airport,Rungis,10627,30390,ORY,,,,,,,,,,,,,,,,,
Sun,Paris Orly Airport,Saint-Quentin En Yvelines,10627,24968,ORY,,,,,,,,,,,,,,,,,
Sun,Paris Orly Airport,Suresnes,10627,29444,ORY,,,,,,,,,,,,,,,,,
Sun,Paris Orly Airport,Torcy,10627,25139,ORY,,,,,,,,,,,,,,,,,
Sun,Paris Orly Airport,Tremblay-En-France,10627,30417,ORY,,,,,,,,,,,,,,,,,
Sun,Paris Orly Airport,Vanves,10627,43615,ORY,,,,,,,,,,,,,,,,,
Sun,Paris Orly Airport,Versailles,10627,21962,ORY,,,,,,,,,,,,,,,,,
Sun,Paris Orly Airport,Villejuif,10627,22557,ORY,,,,,,,,,,,,,,,,,
Sun,Paris Orly Airport,Vincennes,10627,22681,ORY,,,,,,,,,,,,,,,,,
Sun,Pau Airport (PUF),Agen,23221,23107,PUF,,,,,,,,,,,,,,,,,
Sun,Pau Airport (PUF),Albi,23221,22334,PUF,,,,,,,,,,,,,,,,,
Sun,Pau Airport (PUF),Argeles-Gazost,23221,27077,PUF,,,,,,,,,,,,,,,,,
Sun,Pau Airport (PUF),Auch,23221,23112,PUF,,,,,,,,,,,,,,,,,
Sun,Pau Airport (PUF),Bareges,23221,23169,PUF,,,,,,,,,,,,,,,,,
Sun,Pau Airport (PUF),Bram,23221,23156,PUF,,,,,,,,,,,,,,,,,
Sun,Pau Airport (PUF),Candanchú,23221,20847,PUF,,,,,,,,,,,,,,,,,
Sun,Pau Airport (PUF),Castelnaudary,23221,21698,PUF,,,,,,,,,,,,,,,,,
Sun,Pau Airport (PUF),Cauterets,23221,23170,PUF,,,,,,,,,,,,,,,,,
Sun,Pau Airport (PUF),Fabreges,23221,23173,PUF,,,,,,,,,,,,,,,,,
Sun,Pau Airport (PUF),Foix,23221,23152,PUF,,,,,,,,,,,,,,,,,
Sun,Pau Airport (PUF),Gavarnie,23221,23167,PUF,,,,,,,,,,,,,,,,,
Sun,Pau Airport (PUF),Gourette,23221,23165,PUF,,,,,,,,,,,,,,,,,
Sun,Pau Airport (PUF),La Mongie,23221,23161,PUF,,,,,,,,,,,,,,,,,
Sun,Pau Airport (PUF),La Pierre-Saint-Martin,23221,23166,PUF,,,,,,,,,,,,,,,,,
Sun,Pau Airport (PUF),Lombez,23221,28929,PUF,,,,,,,,,,,,,,,,,
Sun,Pau Airport (PUF),Lourdes,23221,23126,PUF,,,,,,,,,,,,,,,,,
Sun,Pau Airport (PUF),Moissac,23221,23132,PUF,,,,,,,,,,,,,,,,,
Sun,Pau Airport (PUF),Montauban,23221,23153,PUF,,,,,,,,,,,,,,,,,
Sun,Pau Airport (PUF),Pas De La Casa (Andorra),23221,10120,PUF,,,,,,,,,,,,,,,,,
Sun,Pau Airport (PUF),Pau,23221,23136,PUF,,,,,,,,,,,,,,,,,
Sun,Pau Airport (PUF),Piau Engaly,23221,23163,PUF,,,,,,,,,,,,,,,,,
Sun,Pau Airport (PUF),Saint-Jean-Pied-De-Port,23221,23218,PUF,,,,,,,,,,,,,,,,,
Sun,Pau Airport (PUF),Saint-Lary-Soulan,23221,23164,PUF,,,,,,,,,,,,,,,,,
Sun,Pau Airport (PUF),San Sebastián / Donostia,23221,20720,PUF,,,,,,,,,,,,,,,,,
Sun,Pau Airport (PUF),Soldeu (Andorra),23221,10499,PUF,,,,,,,,,,,,,,,,,
Sun,Pau Airport (PUF),Superbagneres,23221,23171,PUF,,,,,,,,,,,,,,,,,
Sun,Pau Airport (PUF),Tarbes,23221,23172,PUF,,,,,,,,,,,,,,,,,
Sun,Pau Airport (PUF),Trebes,23221,22339,PUF,,,,,,,,,,,,,,,,,
Sun,Penang Airport,Alor Setar,31841,34473,PEN,,,,,,,,,,,,,,,,,
Sun,Penang Airport,Batu Feringghi,31841,33292,PEN,,,,,,,,,,,,,,,,,
Sun,Penang Airport,George Town,31841,38298,PEN,,,,,,,,,,,,,,,,,
Sun,Penang Airport,Ipoh,31841,32365,PEN,,,,,,,,,,,,,,,,,
Sun,Penang Airport,Marina Island (Lumut),31841,34279,PEN,,,,,,,,,,,,,,,,,
Sun,Penang Airport,Sungai Petani,31841,35157,PEN,,,,,,,,,,,,,,,,,
Sun,Perpignan Airport,Barcelona Airport,21682,10571,PGF,,,,,,,,,,,,,,,,,
Sun,Perpignan Airport,Barcelona Cruise Port (Moll De Barcelona),21682,40290,PGF,,,,,,,,,,,,,,,,,
Sun,Perpignan Airport,Camping Cala Gogo (Saint-Cyprien),21682,22303,PGF,,,,,,,,,,,,,,,,,
Sun,Perpignan Airport,Camping Club La Sirene,21682,23178,PGF,,,,,,,,,,,,,,,,,
Sun,Perpignan Airport,Camping Domaine De La Yole,21682,28752,PGF,,,,,,,,,,,,,,,,,
Sun,Perpignan Airport,Camping L'hippocampe,21682,23182,PGF,,,,,,,,,,,,,,,,,
Sun,Perpignan Airport,Camping La Chapelle,21682,22305,PGF,,,,,,,,,,,,,,,,,
Sun,Perpignan Airport,Camping Le Bois De Valmarie,21682,23189,PGF,,,,,,,,,,,,,,,,,
Sun,Perpignan Airport,Camping Le Brasilia,21682,22304,PGF,,,,,,,,,,,,,,,,,
Sun,Perpignan Airport,Camping Le Club Farret,21682,22306,PGF,,,,,,,,,,,,,,,,,
Sun,Perpignan Airport,Camping Le Dauphin,21682,23179,PGF,,,,,,,,,,,,,,,,,
Sun,Perpignan Airport,Camping Mar Estang,21682,23187,PGF,,,,,,,,,,,,,,,,,
Sun,Perpignan Airport,Carcassonne Airport,21682,21696,PGF,,,,,,,,,,,,,,,,,
Sun,Perpignan Airport,Collioure,21682,20880,PGF,,,,,,,,,,,,,,,,,
Sun,Perpignan Airport,La Jonquera,21682,31433,PGF,,,,,,,,,,,,,,,,,
Sun,Perpignan Airport,Le Barcares,21682,23185,PGF,,,,,,,,,,,,,,,,,
Sun,Perpignan Airport,Perpignan,21682,21681,PGF,,,,,,,,,,,,,,,,,
Sun,Perpignan Airport,Prades,21682,23198,PGF,,,,,,,,,,,,,,,,,
Sun,Perpignan Airport,Saint Cyprien,21682,10191,PGF,,,,,,,,,,,,,,,,,
Sun,Perpignan Airport,Saint Cyprien Plage,21682,23225,PGF,,,,,,,,,,,,,,,,,
Sun,Perpignan Airport,Saint-Jean-Pla-De-Corts,21682,23204,PGF,,,,,,,,,,,,,,,,,
Sun,Perpignan Airport,Vernet-Les-Bains,21682,23207,PGF,,,,,,,,,,,,,,,,,
Sun,Perpignan Airport,Villelongue-Dels-Monts,21682,23398,PGF,,,,,,,,,,,,,,,,,
Sun,Perth Airport,Beckenham (Perth),28293,38493,PER,,,,,,,,,,,,,,,,,
Sun,Perth Airport,Brabham,28293,37493,PER,,,,,,,,,,,,,,,,,
Sun,Perth Airport,Bunker Bay,28293,28936,PER,,,,,,,,,,,,,,,,,
Sun,Perth Airport,Butler (Perth),28293,29804,PER,,,,,,,,,,,,,,,,,
Sun,Perth Airport,Clarkson,28293,28983,PER,,,,,,,,,,,,,,,,,
Sun,Perth Airport,Como (Perth),28293,29548,PER,,,,,,,,,,,,,,,,,
Sun,Perth Airport,Dianella,28293,29828,PER,,,,,,,,,,,,,,,,,
Sun,Perth Airport,Gosnells,28293,37900,PER,,,,,,,,,,,,,,,,,
Sun,Perth Airport,Greenwood,28293,34218,PER,,,,,,,,,,,,,,,,,
Sun,Perth Airport,Jarrahdale,28293,37754,PER,,,,,,,,,,,,,,,,,
Sun,Perth Airport,Mandurah,28293,28937,PER,,,,,,,,,,,,,,,,,
Sun,Perth Airport,Margaret River,28293,28934,PER,,,,,,,,,,,,,,,,,
Sun,Perth Airport,Mullaloo,28293,36613,PER,,,,,,,,,,,,,,,,,
Sun,Perth Airport,Nedlands,28293,36484,PER,,,,,,,,,,,,,,,,,
Sun,Perth Airport,Perth,28293,27957,PER,,,,,,,,,,,,,,,,,
Sun,Perth Airport,The Vines,28293,28933,PER,,,,,,,,,,,,,,,,,
Sun,Perugia Airport,Ancona,27315,25724,PEG,,,,,,,,,,,,,,,,,
Sun,Perugia Airport,Anghiari,27315,27316,PEG,,,,,,,,,,,,,,,,,
Sun,Perugia Airport,Bagno Vignoni,27315,25513,PEG,,,,,,,,,,,,,,,,,
Sun,Perugia Airport,Bastia Umbra,27315,44613,PEG,,,,,,,,,,,,,,,,,
Sun,Perugia Airport,Bevagna,27315,27317,PEG,,,,,,,,,,,,,,,,,
Sun,Perugia Airport,Caprese Michelangelo,27315,35997,PEG,,,,,,,,,,,,,,,,,
Sun,Perugia Airport,Castel Rigone,27315,36206,PEG,,,,,,,,,,,,,,,,,
Sun,Perugia Airport,Castiglione Del Lago,27315,27326,PEG,,,,,,,,,,,,,,,,,
Sun,Perugia Airport,Città Della Pieve,27315,35843,PEG,,,,,,,,,,,,,,,,,
Sun,Perugia Airport,Citta Di Castello,27315,27318,PEG,,,,,,,,,,,,,,,,,
Sun,Perugia Airport,Foligno,27315,27319,PEG,,,,,,,,,,,,,,,,,
Sun,Perugia Airport,Fossombrone,27315,34342,PEG,,,,,,,,,,,,,,,,,
Sun,Perugia Airport,Gubbio,27315,27320,PEG,,,,,,,,,,,,,,,,,
Sun,Perugia Airport,Jesi,27315,31182,PEG,,,,,,,,,,,,,,,,,
Sun,Perugia Airport,Monte Castello Di Vibio,27315,35617,PEG,,,,,,,,,,,,,,,,,
Sun,Perugia Airport,Monteleone D'orvieto,27315,36065,PEG,,,,,,,,,,,,,,,,,
Sun,Perugia Airport,Montepulciano,27315,25605,PEG,,,,,,,,,,,,,,,,,
Sun,Perugia Airport,Montignano,27315,36498,PEG,,,,,,,,,,,,,,,,,
Sun,Perugia Airport,Montone,27315,35838,PEG,,,,,,,,,,,,,,,,,
Sun,Perugia Airport,Narni,27315,36486,PEG,,,,,,,,,,,,,,,,,
Sun,Perugia Airport,Norcia,27315,27446,PEG,,,,,,,,,,,,,,,,,
Sun,Perugia Airport,Orvieto,27315,27329,PEG,,,,,,,,,,,,,,,,,
Sun,Perugia Airport,Paciano,27315,35910,PEG,,,,,,,,,,,,,,,,,
Sun,Perugia Airport,Passignano Sul Trasimeno,27315,27321,PEG,,,,,,,,,,,,,,,,,
Sun,Perugia Airport,Rimini,27315,25628,PEG,,,,,,,,,,,,,,,,,
Sun,Perugia Airport,Sansepolcro,27315,32619,PEG,,,,,,,,,,,,,,,,,
Sun,Perugia Airport,Spello,27315,27322,PEG,,,,,,,,,,,,,,,,,
Sun,Perugia Airport,Spoleto,27315,27323,PEG,,,,,,,,,,,,,,,,,
Sun,Perugia Airport,Tavernelle,27315,34065,PEG,,,,,,,,,,,,,,,,,
Sun,Perugia Airport,Terni,27315,27330,PEG,,,,,,,,,,,,,,,,,
Sun,Perugia Airport,Todi,27315,27324,PEG,,,,,,,,,,,,,,,,,
Sun,Perugia Airport,Torgiano,27315,44626,PEG,,,,,,,,,,,,,,,,,
Sun,Perugia Airport,Tuoro Sul Trasimeno,27315,32399,PEG,,,,,,,,,,,,,,,,,
Sun,Philadelphia Airport (PHL),Allentown (Pennsylvania),31767,30645,PHL,,,,,,,,,,,,,,,,,
Sun,Philadelphia Airport (PHL),Dover (New Jersey),31767,35737,PHL,,,,,,,,,,,,,,,,,
Sun,Philadelphia Airport (PHL),Fredericksburg,31767,36406,PHL,,,,,,,,,,,,,,,,,
Sun,Philadelphia Airport (PHL),Newark,31767,30017,PHL,,,,,,,,,,,,,,,,,
Sun,Philadelphia Airport (PHL),Princeton,31767,30522,PHL,,,,,,,,,,,,,,,,,
Sun,Philadelphia Airport (PHL),Reading (Pennsylvania),31767,34862,PHL,,,,,,,,,,,,,,,,,
Sun,Philadelphia Airport (PHL),Washington D.c. Downtown,31767,30948,PHL,,,,,,,,,,,,,,,,,
Sun,Philadelphia Airport (PHL),York (Pennsylvania),31767,36573,PHL,,,,,,,,,,,,,,,,,
Sun,Phnom Penh Airport,Ha Tien,30991,36396,PNH,,,,,,,,,,,,,,,,,
Sun,Phnom Penh Airport,Otres Beach,30991,39628,PNH,,,,,,,,,,,,,,,,,
Sun,Phoenix Airport (PHX),Scottsdale,42995,36067,PHX,,,,,,,,,,,,,,,,,
Sun,Phuket Airport,Ao Nang Beach,29196,36522,HKT,,,,,,,,,,,,,,,,,
Sun,Phuket Airport,Bang Tao Beach,29196,36287,HKT,,,,,,,,,,,,,,,,,
Sun,Phuket Airport,Chalong,29196,36282,HKT,,,,,,,,,,,,,,,,,
Sun,Phuket Airport,Krabi Town,29196,36291,HKT,,,,,,,,,,,,,,,,,
Sun,Phuket Airport,Mu Ban Rotary,29196,36274,HKT,,,,,,,,,,,,,,,,,
Sun,Phuket Airport,Nai Harn Beach,29196,36289,HKT,,,,,,,,,,,,,,,,,
Sun,Phuket Airport,Palm Village,29196,10785,HKT,,,,,,,,,,,,,,,,,
Sun,Phuket Airport,Phang Nga,29196,37543,HKT,,,,,,,,,,,,,,,,,
Sun,Phuket Airport,Vanich Bay Front Ville,29196,36253,HKT,,,,,,,,,,,,,,,,,
Sun,Pisa Airport,Artimino,23892,25508,PSA,,,,,,,,,,,,,,,,,
Sun,Pisa Airport,Bagni Di Lucca,23892,25511,PSA,,,,,,,,,,,,,,,,,
Sun,Pisa Airport,Barga,23892,25515,PSA,,,,,,,,,,,,,,,,,
Sun,Pisa Airport,Bibbona,23892,26673,PSA,,,,,,,,,,,,,,,,,
Sun,Pisa Airport,Calambrone,23892,34138,PSA,,,,,,,,,,,,,,,,,
Sun,Pisa Airport,Camaiore,23892,25524,PSA,,,,,,,,,,,,,,,,,
Sun,Pisa Airport,Camping Norcenni Girasole Club,23892,28650,PSA,,,,,,,,,,,,,,,,,
Sun,Pisa Airport,Capannori,23892,27635,PSA,,,,,,,,,,,,,,,,,
Sun,Pisa Airport,Carmignano,23892,30575,PSA,,,,,,,,,,,,,,,,,
Sun,Pisa Airport,Casale Marittimo,23892,34437,PSA,,,,,,,,,,,,,,,,,
Sun,Pisa Airport,Castellina In Chianti,23892,25562,PSA,,,,,,,,,,,,,,,,,
Sun,Pisa Airport,Castelnuovo Berardenga,23892,25563,PSA,,,,,,,,,,,,,,,,,
Sun,Pisa Airport,Castelvecchio Pascoli,23892,29762,PSA,,,,,,,,,,,,,,,,,
Sun,Pisa Airport,Castiglione Della Pescaia,23892,25565,PSA,,,,,,,,,,,,,,,,,
Sun,Pisa Airport,Cecina,23892,25566,PSA,,,,,,,,,,,,,,,,,
Sun,Pisa Airport,Certaldo,23892,25567,PSA,,,,,,,,,,,,,,,,,
Sun,Pisa Airport,Chiusdino,23892,27425,PSA,,,,,,,,,,,,,,,,,
Sun,Pisa Airport,Empoli,23892,25641,PSA,,,,,,,,,,,,,,,,,
Sun,Pisa Airport,Figline E Incisa Valdarno,23892,34154,PSA,,,,,,,,,,,,,,,,,
Sun,Pisa Airport,Figline Valdarno,23892,25575,PSA,,,,,,,,,,,,,,,,,
Sun,Pisa Airport,Florence Airport,23892,25191,PSA,,,,,,,,,,,,,,,,,
Sun,Pisa Airport,Florence Train Station,23892,26669,PSA,,,,,,,,,,,,,,,,,
Sun,Pisa Airport,Forte Dei Marmi,23892,25578,PSA,,,,,,,,,,,,,,,,,
Sun,Pisa Airport,Gambassi Terme,23892,25581,PSA,,,,,,,,,,,,,,,,,
Sun,Pisa Airport,Greve In Chianti,23892,25583,PSA,,,,,,,,,,,,,,,,,
Sun,Pisa Airport,La Spezia,23892,25585,PSA,,,,,,,,,,,,,,,,,
Sun,Pisa Airport,Lari,23892,28842,PSA,,,,,,,,,,,,,,,,,
Sun,Pisa Airport,Lerici,23892,25586,PSA,,,,,,,,,,,,,,,,,
Sun,Pisa Airport,Levanto,23892,25587,PSA,,,,,,,,,,,,,,,,,
Sun,Pisa Airport,Lido Di Camaiore,23892,25588,PSA,,,,,,,,,,,,,,,,,
Sun,Pisa Airport,Livorno,23892,25737,PSA,,,,,,,,,,,,,,,,,
Sun,Pisa Airport,Lucca,23892,25590,PSA,,,,,,,,,,,,,,,,,
Sun,Pisa Airport,Marina Di Bibbona,23892,25591,PSA,,,,,,,,,,,,,,,,,
Sun,Pisa Airport,Marina Di Carrara,23892,25726,PSA,,,,,,,,,,,,,,,,,
Sun,Pisa Airport,Marina Di Massa,23892,25593,PSA,,,,,,,,,,,,,,,,,
Sun,Pisa Airport,Marina Di Pietrasanta,23892,25594,PSA,,,,,,,,,,,,,,,,,
Sun,Pisa Airport,Marina Di Pisa,23892,25595,PSA,,,,,,,,,,,,,,,,,
Sun,Pisa Airport,Montaione,23892,25601,PSA,,,,,,,,,,,,,,,,,
Sun,Pisa Airport,Montecatini Terme,23892,25603,PSA,,,,,,,,,,,,,,,,,
Sun,Pisa Airport,Monterosso Al Mare,23892,25607,PSA,,,,,,,,,,,,,,,,,
Sun,Pisa Airport,Montescudaio,23892,25608,PSA,,,,,,,,,,,,,,,,,
Sun,Pisa Airport,Montespertoli,23892,26677,PSA,,,,,,,,,,,,,,,,,
Sun,Pisa Airport,Pietrasanta,23892,25612,PSA,,,,,,,,,,,,,,,,,
Sun,Pisa Airport,Piombino,23892,25613,PSA,,,,,,,,,,,,,,,,,
Sun,Pisa Airport,Pisa,23892,25614,PSA,,,,,,,,,,,,,,,,,
Sun,Pisa Airport,Pistoia,23892,25615,PSA,,,,,,,,,,,,,,,,,
Sun,Pisa Airport,Portovenere,23892,25621,PSA,,,,,,,,,,,,,,,,,
Sun,Pisa Airport,Radda In Chianti,23892,25623,PSA,,,,,,,,,,,,,,,,,
Sun,Pisa Airport,Riomaggiore,23892,25629,PSA,,,,,,,,,,,,,,,,,
Sun,Pisa Airport,San Casciano In Val Di Pesa,23892,25633,PSA,,,,,,,,,,,,,,,,,
Sun,Pisa Airport,San Gimignano,23892,25634,PSA,,,,,,,,,,,,,,,,,
Sun,Pisa Airport,San Giuliano Terme,23892,26679,PSA,,,,,,,,,,,,,,,,,
Sun,Pisa Airport,San Vincenzo,23892,25639,PSA,,,,,,,,,,,,,,,,,
Sun,Pisa Airport,Santa Margherita Ligure,23892,25640,PSA,,,,,,,,,,,,,,,,,
Sun,Pisa Airport,Siena,23892,25539,PSA,,,,,,,,,,,,,,,,,
Sun,Pisa Airport,Terricciola,23892,27307,PSA,,,,,,,,,,,,,,,,,
Sun,Pisa Airport,Tirrenia,23892,25542,PSA,,,,,,,,,,,,,,,,,
Sun,Pisa Airport,Vada,23892,25544,PSA,,,,,,,,,,,,,,,,,
Sun,Pisa Airport,Viareggio,23892,25547,PSA,,,,,,,,,,,,,,,,,
Sun,Pisa Airport,Volterra,23892,25549,PSA,,,,,,,,,,,,,,,,,
Sun,Plovdiv Airport,Bansko,22064,22087,PDV,,,,,,,,,,,,,,,,,
Sun,Plovdiv Airport,Borovets,22064,22088,PDV,,,,,,,,,,,,,,,,,
Sun,Plovdiv Airport,Devin,22064,22091,PDV,,,,,,,,,,,,,,,,,
Sun,Plovdiv Airport,Golden Sands,22064,22074,PDV,,,,,,,,,,,,,,,,,
Sun,Plovdiv Airport,Haskovo,22064,35256,PDV,,,,,,,,,,,,,,,,,
Sun,Plovdiv Airport,Hisarya,22064,22092,PDV,,,,,,,,,,,,,,,,,
Sun,Plovdiv Airport,Obzor,22064,22078,PDV,,,,,,,,,,,,,,,,,
Sun,Plovdiv Airport,Pamporovo,22064,22089,PDV,,,,,,,,,,,,,,,,,
Sun,Plovdiv Airport,Sofia,22064,22095,PDV,,,,,,,,,,,,,,,,,
Sun,Plovdiv Airport,Sunny Beach,22064,22084,PDV,,,,,,,,,,,,,,,,,
Sun,Plovdiv Airport,Tsarevo,22064,22086,PDV,,,,,,,,,,,,,,,,,
Sun,Plovdiv Airport,Velingrad,22064,22103,PDV,,,,,,,,,,,,,,,,,
Sun,Podgorica Airport,Bar,30435,30436,TGD,,,,,,,,,,,,,,,,,
Sun,Podgorica Airport,Be?i?i,30435,27435,TGD,,,,,,,,,,,,,,,,,
Sun,Podgorica Airport,Cetinje,30435,35469,TGD,,,,,,,,,,,,,,,,,
Sun,Podgorica Airport,Dobrota,30435,35448,TGD,,,,,,,,,,,,,,,,,
Sun,Podgorica Airport,Kotor,30435,26322,TGD,,,,,,,,,,,,,,,,,
Sun,Podgorica Airport,Mostar,30435,27922,TGD,,,,,,,,,,,,,,,,,
Sun,Podgorica Airport,Risan,30435,37587,TGD,,,,,,,,,,,,,,,,,
Sun,Podgorica Airport,Shkodër,30435,31542,TGD,,,,,,,,,,,,,,,,,
Sun,Podgorica Airport,Sutomore,30435,35849,TGD,,,,,,,,,,,,,,,,,
Sun,Podgorica Airport,Tirana,30435,30485,TGD,,,,,,,,,,,,,,,,,
Sun,Podgorica Airport,Tivat Airport,30435,30434,TGD,,,,,,,,,,,,,,,,,
Sun,Podgorica Airport,Ulcinj,30435,35321,TGD,,,,,,,,,,,,,,,,,
Sun,Ponta Delgada Airport (PDL),Agua De Alto,31356,31313,PDL,,,,,,,,,,,,,,,,,
Sun,Ponta Delgada Airport (PDL),Água Retorta,31356,31319,PDL,,,,,,,,,,,,,,,,,
Sun,Ponta Delgada Airport (PDL),Caloura,31356,31312,PDL,,,,,,,,,,,,,,,,,
Sun,Ponta Delgada Airport (PDL),Capelas,31356,31311,PDL,,,,,,,,,,,,,,,,,
Sun,Ponta Delgada Airport (PDL),Faja De Baixo,31356,31309,PDL,,,,,,,,,,,,,,,,,
Sun,Ponta Delgada Airport (PDL),Furnas,31356,31316,PDL,,,,,,,,,,,,,,,,,
Sun,Ponta Delgada Airport (PDL),Nordeste,31356,31318,PDL,,,,,,,,,,,,,,,,,
Sun,Ponta Delgada Airport (PDL),Ponta Delgada (Azores),31356,31308,PDL,,,,,,,,,,,,,,,,,
Sun,Ponta Delgada Airport (PDL),Povoação,31356,31317,PDL,,,,,,,,,,,,,,,,,
Sun,Ponta Delgada Airport (PDL),Rabo De Peixe,31356,35541,PDL,,,,,,,,,,,,,,,,,
Sun,Ponta Delgada Airport (PDL),Vila Franca Do Campo,31356,31314,PDL,,,,,,,,,,,,,,,,,
Sun,Poprad Airport,Bodrogkeresztúr,41987,34453,TAT,,,,,,,,,,,,,,,,,
Sun,Poprad Airport,Demänovská Dolina,41987,25420,TAT,,,,,,,,,,,,,,,,,
Sun,Poprad Airport,Krakow,41987,25396,TAT,,,,,,,,,,,,,,,,,
Sun,Poprad Airport,Liptovsky Mikulas,41987,26542,TAT,,,,,,,,,,,,,,,,,
Sun,Poprad Airport,Ružomberok,41987,33955,TAT,,,,,,,,,,,,,,,,,
Sun,Poprad Airport,Starý Smokovec,41987,25419,TAT,,,,,,,,,,,,,,,,,
Sun,Poprad Airport,Tatranská Lomnica,41987,25418,TAT,,,,,,,,,,,,,,,,,
Sun,Poprad Airport,Zakopane,41987,25397,TAT,,,,,,,,,,,,,,,,,
Sun,Port Harcourt Airport,Oyigbo,42596,42738,PHC,,,,,,,,,,,,,,,,,
Sun,Porto Airport,Afife,21810,29962,OPO,,,,,,,,,,,,,,,,,
Sun,Porto Airport,Albufeira,21810,10786,OPO,,,,,,,,,,,,,,,,,
Sun,Porto Airport,Amarante,21810,21811,OPO,,,,,,,,,,,,,,,,,
Sun,Porto Airport,Arcos De Valdevez,21810,21812,OPO,,,,,,,,,,,,,,,,,
Sun,Porto Airport,Aveiro,21810,21813,OPO,,,,,,,,,,,,,,,,,
Sun,Porto Airport,Barcelos,21810,22039,OPO,,,,,,,,,,,,,,,,,
Sun,Porto Airport,Bragança,21810,21816,OPO,,,,,,,,,,,,,,,,,
Sun,Porto Airport,Cascais,21810,22015,OPO,,,,,,,,,,,,,,,,,
Sun,Porto Airport,Chaves,21810,21817,OPO,,,,,,,,,,,,,,,,,
Sun,Porto Airport,Coimbra,21810,21818,OPO,,,,,,,,,,,,,,,,,
Sun,Porto Airport,Esmoriz,21810,33219,OPO,,,,,,,,,,,,,,,,,
Sun,Porto Airport,Espinho,21810,21820,OPO,,,,,,,,,,,,,,,,,
Sun,Porto Airport,Esposende,21810,21821,OPO,,,,,,,,,,,,,,,,,
Sun,Porto Airport,Fafe,21810,40088,OPO,,,,,,,,,,,,,,,,,
Sun,Porto Airport,Fão,21810,29809,OPO,,,,,,,,,,,,,,,,,
Sun,Porto Airport,Fátima,21810,21822,OPO,,,,,,,,,,,,,,,,,
Sun,Porto Airport,Figueira Da Foz,21810,21823,OPO,,,,,,,,,,,,,,,,,
Sun,Porto Airport,Guimaraes,21810,21825,OPO,,,,,,,,,,,,,,,,,
Sun,Porto Airport,Ílhavo,21810,23399,OPO,,,,,,,,,,,,,,,,,
Sun,Porto Airport,Lamego,21810,22041,OPO,,,,,,,,,,,,,,,,,
Sun,Porto Airport,Mangualde,21810,30471,OPO,,,,,,,,,,,,,,,,,
Sun,Porto Airport,Mirandela,21810,21828,OPO,,,,,,,,,,,,,,,,,
Sun,Porto Airport,Moledo,21810,26538,OPO,,,,,,,,,,,,,,,,,
Sun,Porto Airport,Monçao,21810,21829,OPO,,,,,,,,,,,,,,,,,
Sun,Porto Airport,Mortágua,21810,35332,OPO,,,,,,,,,,,,,,,,,
Sun,Porto Airport,Odivelas,21810,33367,OPO,,,,,,,,,,,,,,,,,
Sun,Porto Airport,Oliveira De Azeméis,21810,21830,OPO,,,,,,,,,,,,,,,,,
Sun,Porto Airport,Ovar,21810,21832,OPO,,,,,,,,,,,,,,,,,
Sun,Porto Airport,Paços De Ferreira,21810,21833,OPO,,,,,,,,,,,,,,,,,
Sun,Porto Airport,Paredes De Coura,21810,21834,OPO,,,,,,,,,,,,,,,,,
Sun,Porto Airport,Penalva Do Castelo,21810,35599,OPO,,,,,,,,,,,,,,,,,
Sun,Porto Airport,Ponte Da Barca,21810,21836,OPO,,,,,,,,,,,,,,,,,
Sun,Porto Airport,Ponte De Lima,21810,21837,OPO,,,,,,,,,,,,,,,,,
Sun,Porto Airport,Pontevedra,21810,21163,OPO,,,,,,,,,,,,,,,,,
Sun,Porto Airport,Povoa De Varzim,21810,22044,OPO,,,,,,,,,,,,,,,,,
Sun,Porto Airport,Praia De Mira,21810,25498,OPO,,,,,,,,,,,,,,,,,
Sun,Porto Airport,Santa Maria Da Feira,21810,21841,OPO,,,,,,,,,,,,,,,,,
Sun,Porto Airport,Santiago De Compostela,21810,21189,OPO,,,,,,,,,,,,,,,,,
Sun,Porto Airport,Sanxenxo,21810,23289,OPO,,,,,,,,,,,,,,,,,
Sun,Porto Airport,São Félix Da Marinha,21810,31846,OPO,,,,,,,,,,,,,,,,,
Sun,Porto Airport,Sao Joao Da Madeira,21810,21843,OPO,,,,,,,,,,,,,,,,,
Sun,Porto Airport,Sintra,21810,22035,OPO,,,,,,,,,,,,,,,,,
Sun,Porto Airport,Valença,21810,21844,OPO,,,,,,,,,,,,,,,,,
Sun,Porto Airport,Viana Do Castelo,21810,21845,OPO,,,,,,,,,,,,,,,,,
Sun,Porto Airport,Vidago,21810,22045,OPO,,,,,,,,,,,,,,,,,
Sun,Porto Airport,Vigo (Spain),21810,21846,OPO,,,,,,,,,,,,,,,,,
Sun,Porto Airport,Vila Do Conde,21810,22046,OPO,,,,,,,,,,,,,,,,,
Sun,Porto Airport,Vila Nova De Gaia,21810,22047,OPO,,,,,,,,,,,,,,,,,
Sun,Porto Airport,Vila Praia De Âncora,21810,30642,OPO,,,,,,,,,,,,,,,,,
Sun,Porto Airport,Viseu,21810,21847,OPO,,,,,,,,,,,,,,,,,
Sun,Porto Alegre Airport,Auxiliadora,26486,38064,POA,,,,,,,,,,,,,,,,,
Sun,Porto Alegre Airport,Campinas,26486,26513,POA,,,,,,,,,,,,,,,,,
Sun,Porto Alegre Airport,Coronel Aparício Borges,26486,38029,POA,,,,,,,,,,,,,,,,,
Sun,Porto Alegre Airport,Farrapos,26486,38035,POA,,,,,,,,,,,,,,,,,
Sun,Porto Alegre Airport,Lomba Do Pinheiro,26486,38059,POA,,,,,,,,,,,,,,,,,
Sun,Porto Alegre Airport,Menino Deus,26486,38062,POA,,,,,,,,,,,,,,,,,
Sun,Porto Alegre Airport,Moinhos De Vento,26486,38063,POA,,,,,,,,,,,,,,,,,
Sun,Porto Alegre Airport,Partenon,26486,38069,POA,,,,,,,,,,,,,,,,,
Sun,Porto Alegre Airport,Pétropolis,26486,30092,POA,,,,,,,,,,,,,,,,,
Sun,Porto Alegre Airport,Piracicaba,26486,32012,POA,,,,,,,,,,,,,,,,,
Sun,Porto Alegre Airport,Praia De Belas,26486,38071,POA,,,,,,,,,,,,,,,,,
Sun,Porto Alegre Airport,Rio Claro (Brazil),26486,32653,POA,,,,,,,,,,,,,,,,,
Sun,Porto Alegre Airport,São Geraldo,26486,34464,POA,,,,,,,,,,,,,,,,,
Sun,Porto Alegre Airport,Sao Paulo,26486,26514,POA,,,,,,,,,,,,,,,,,
Sun,Porto Alegre Airport,Três Figueiras,26486,38082,POA,,,,,,,,,,,,,,,,,
Sun,Porto Alegre Airport,Vila Ipiranga,26486,38083,POA,,,,,,,,,,,,,,,,,
Sun,Porto Alegre Airport,Vila Jardim,26486,38084,POA,,,,,,,,,,,,,,,,,
Sun,Pozna? Airport (POZ),Katowice,26665,25398,POZ,,,,,,,,,,,,,,,,,
Sun,Pozna? Airport (POZ),Konin,26665,35531,POZ,,,,,,,,,,,,,,,,,
Sun,Pozna? Airport (POZ),Krakow,26665,25396,POZ,,,,,,,,,,,,,,,,,
Sun,Pozna? Airport (POZ),Leszno,26665,31228,POZ,,,,,,,,,,,,,,,,,
Sun,Pozna? Airport (POZ),Mi?dzyrzecz,26665,33147,POZ,,,,,,,,,,,,,,,,,
Sun,Pozna? Airport (POZ),Turek,26665,34399,POZ,,,,,,,,,,,,,,,,,
Sun,Pozna? Airport (POZ),Wagrowiec,26665,35956,POZ,,,,,,,,,,,,,,,,,
Sun,Pozna? Airport (POZ),Wroclaw City Centre,26665,26706,POZ,,,,,,,,,,,,,,,,,
Sun,Prague Airport,Cento,21849,32826,PRG,,,,,,,,,,,,,,,,,
Sun,Prague Airport,Ceske Budejovice,21849,21851,PRG,,,,,,,,,,,,,,,,,
Sun,Prague Airport,?eský Krumlov,21849,21852,PRG,,,,,,,,,,,,,,,,,
Sun,Prague Airport,Chomutov,21849,30574,PRG,,,,,,,,,,,,,,,,,
Sun,Prague Airport,Harrachov,21849,21859,PRG,,,,,,,,,,,,,,,,,
Sun,Prague Airport,Hradec Kralove,21849,21860,PRG,,,,,,,,,,,,,,,,,
Sun,Prague Airport,Janské Lázn?,21849,33171,PRG,,,,,,,,,,,,,,,,,
Sun,Prague Airport,Karlovy Vary,21849,21855,PRG,,,,,,,,,,,,,,,,,
Sun,Prague Airport,Liberec,21849,21867,PRG,,,,,,,,,,,,,,,,,
Sun,Prague Airport,Marianske Lazne,21849,21868,PRG,,,,,,,,,,,,,,,,,
Sun,Prague Airport,Mlada Boleslav,21849,21870,PRG,,,,,,,,,,,,,,,,,
Sun,Prague Airport,Olomouc,21849,21872,PRG,,,,,,,,,,,,,,,,,
Sun,Prague Airport,Ostrava,21849,21874,PRG,,,,,,,,,,,,,,,,,
Sun,Prague Airport,Pardubice,21849,21875,PRG,,,,,,,,,,,,,,,,,
Sun,Prague Airport,Podebrady,21849,21878,PRG,,,,,,,,,,,,,,,,,
Sun,Prague Airport,Salzburg,21849,22287,PRG,,,,,,,,,,,,,,,,,
Sun,Prague Airport,Spindleruv Mlyn,21849,21880,PRG,,,,,,,,,,,,,,,,,
Sun,Prague Airport,Teplice,21849,21883,PRG,,,,,,,,,,,,,,,,,
Sun,Prague Airport,Usti Nad Labem,21849,21886,PRG,,,,,,,,,,,,,,,,,
Sun,Prague Airport,Vienna Airport,21849,23411,PRG,,,,,,,,,,,,,,,,,
Sun,Presidente Castro Pinto International Airport (JPA),Pipa Beach,44461,36718,JPA,,,,,,,,,,,,,,,,,
Sun,Presidente Castro Pinto International Airport (JPA),Recife,44461,26526,JPA,,,,,,,,,,,,,,,,,
Sun,Providenciales International Airport,Cooper Jack Bay,36137,36033,PLS,,,,,,,,,,,,,,,,,
Sun,Providenciales International Airport,Five Cays,36137,36032,PLS,,,,,,,,,,,,,,,,,
Sun,Providenciales International Airport,Grace Bay,36137,36042,PLS,,,,,,,,,,,,,,,,,
Sun,Providenciales International Airport,Grace Bay West,36137,36038,PLS,,,,,,,,,,,,,,,,,
Sun,Providenciales International Airport,Leeward Settlement,36137,36044,PLS,,,,,,,,,,,,,,,,,
Sun,Providenciales International Airport,Long Bay Beach,36137,36041,PLS,,,,,,,,,,,,,,,,,
Sun,Providenciales International Airport,Long Bay Hills,36137,36040,PLS,,,,,,,,,,,,,,,,,
Sun,Providenciales International Airport,Northwest Point Resort,36137,36036,PLS,,,,,,,,,,,,,,,,,
Sun,Providenciales International Airport,Sapodilla Bay,36137,36034,PLS,,,,,,,,,,,,,,,,,
Sun,Providenciales International Airport,Taylor Bay,36137,36035,PLS,,,,,,,,,,,,,,,,,
Sun,Providenciales International Airport,The Amanyara Resort,36137,36037,PLS,,,,,,,,,,,,,,,,,
Sun,Providenciales International Airport,The Bight Settlement,36137,36039,PLS,,,,,,,,,,,,,,,,,
Sun,Providenciales International Airport,Turtle Cove,36137,36043,PLS,,,,,,,,,,,,,,,,,
Sun,Providenciales International Airport,Wheeland Settlement,36137,36045,PLS,,,,,,,,,,,,,,,,,
Sun,Providenciales International Airport,Whitby,36137,32370,PLS,,,,,,,,,,,,,,,,,
Sun,Puerto Plata Airport,El Cortecito,26758,37549,POP,,,,,,,,,,,,,,,,,
Sun,Puerto Plata Airport,Maimon,26758,27934,POP,,,,,,,,,,,,,,,,,
Sun,Puerto Plata Airport,Playa Dorada,26758,22348,POP,,,,,,,,,,,,,,,,,
Sun,Puerto Vallarta Airport,Irapuato,39006,32363,PVR,,,,,,,,,,,,,,,,,
Sun,Puerto Vallarta Airport,Mascota,39006,39637,PVR,,,,,,,,,,,,,,,,,
Sun,Puerto Vallarta Airport,Puerto Vallarta,39006,29761,PVR,,,,,,,,,,,,,,,,,
Sun,Puerto Vallarta Airport,Xalapa City,39006,28860,PVR,,,,,,,,,,,,,,,,,
Sun,Pula Airport,Bale,26134,30051,PUY,,,,,,,,,,,,,,,,,
Sun,Pula Airport,Bibione,26134,21574,PUY,,,,,,,,,,,,,,,,,
Sun,Pula Airport,Brestova,26134,34916,PUY,,,,,,,,,,,,,,,,,
Sun,Pula Airport,Funtana,26134,35155,PUY,,,,,,,,,,,,,,,,,
Sun,Pula Airport,I?i?i,26134,34801,PUY,,,,,,,,,,,,,,,,,
Sun,Pula Airport,Ližnjan,26134,34803,PUY,,,,,,,,,,,,,,,,,
Sun,Pula Airport,Mali Lošinj,26134,27483,PUY,,,,,,,,,,,,,,,,,
Sun,Pula Airport,Peroj,26134,32460,PUY,,,,,,,,,,,,,,,,,
Sun,Pula Airport,Piran,26134,25345,PUY,,,,,,,,,,,,,,,,,
Sun,Pula Airport,Pomer,26134,34804,PUY,,,,,,,,,,,,,,,,,
Sun,Pula Airport,Rijeka,26134,25053,PUY,,,,,,,,,,,,,,,,,
Sun,Pula Airport,Rovinj,26134,25348,PUY,,,,,,,,,,,,,,,,,
Sun,Pula Airport,Rovinjsko Selo,26134,35847,PUY,,,,,,,,,,,,,,,,,
Sun,Pula Airport,Štinjan,26134,27603,PUY,,,,,,,,,,,,,,,,,
Sun,Pula Airport,Tar,26134,34751,PUY,,,,,,,,,,,,,,,,,
Sun,Pula Airport,Trieste,26134,21636,PUY,,,,,,,,,,,,,,,,,
Sun,Pula Airport,Umag,26134,25357,PUY,,,,,,,,,,,,,,,,,
Sun,Pula Airport,Valbandon,26134,34807,PUY,,,,,,,,,,,,,,,,,
Sun,Pula Airport,Zagreb Airport,26134,25464,PUY,,,,,,,,,,,,,,,,,
Sun,Pula Airport,Žminj,26134,34687,PUY,,,,,,,,,,,,,,,,,
Sun,Punta Cana Airport,Cap Cana,26752,31600,PUJ,,,,,,,,,,,,,,,,,
Sun,Punta Cana Airport,El Cortecito,26752,37549,PUJ,,,,,,,,,,,,,,,,,
Sun,Punta Cana Airport,Higüey,26752,32661,PUJ,,,,,,,,,,,,,,,,,
Sun,Punta Cana Airport,Laguna Bavaro,26752,33966,PUJ,,,,,,,,,,,,,,,,,
Sun,Québec City Jean Lesage International Airport,Kingston,45269,30633,YQB,,,,,,,,,,,,,,,,,
Sun,Québec City Jean Lesage International Airport,Toronto,45269,32033,YQB,,,,,,,,,,,,,,,,,
Sun,Quito Mariscal Sucre Airport,Babahoyo,28032,36471,UIO,,,,,,,,,,,,,,,,,
Sun,Quito Mariscal Sucre Airport,Mindo,28032,29763,UIO,,,,,,,,,,,,,,,,,
Sun,Quito Mariscal Sucre Airport,Mulalillo,28032,35516,UIO,,,,,,,,,,,,,,,,,
Sun,Quito Mariscal Sucre Airport,Pomasqui,28032,32715,UIO,,,,,,,,,,,,,,,,,
Sun,Quito Mariscal Sucre Airport,San Antonio De Pichincha,28032,32714,UIO,,,,,,,,,,,,,,,,,
Sun,Rabat Airport,Beni-Mellal,21454,35161,RBA,,,,,,,,,,,,,,,,,
Sun,Rabat Airport,Bouznika,21454,34897,RBA,,,,,,,,,,,,,,,,,
Sun,Rabat Airport,Casablanca,21454,22357,RBA,,,,,,,,,,,,,,,,,
Sun,Rabat Airport,El Jadida,21454,21438,RBA,,,,,,,,,,,,,,,,,
Sun,Rabat Airport,Kenitra,21454,27050,RBA,,,,,,,,,,,,,,,,,
Sun,Rabat Airport,Khouribga,21454,33311,RBA,,,,,,,,,,,,,,,,,
Sun,Rabat Airport,Marrakech City (Excl. Medina),21454,20715,RBA,,,,,,,,,,,,,,,,,
Sun,Rabat Airport,Meknes,21454,21440,RBA,,,,,,,,,,,,,,,,,
Sun,Rabat Airport,Oujda,21454,29672,RBA,,,,,,,,,,,,,,,,,
Sun,Rabat Airport,Rabat,21454,10954,RBA,,,,,,,,,,,,,,,,,
Sun,Rabat Airport,Safi (Morocco),21454,29693,RBA,,,,,,,,,,,,,,,,,
Sun,Rabat Airport,Tangier,21454,21442,RBA,,,,,,,,,,,,,,,,,
Sun,Rabat Airport,Temara,21454,35491,RBA,,,,,,,,,,,,,,,,,
Sun,Rabat Airport,Tétouan,21454,21458,RBA,,,,,,,,,,,,,,,,,
Sun,Recife Guararapes Airport,Cabo De Santo Agostinho,26484,26523,REC,,,,,,,,,,,,,,,,,
Sun,Recife Guararapes Airport,Fazenda Nova - Nova Jerusalém,26484,31773,REC,,,,,,,,,,,,,,,,,
Sun,Recife Guararapes Airport,Ilha De Santo Aleixo,26484,31771,REC,,,,,,,,,,,,,,,,,
Sun,Recife Guararapes Airport,João Pessoa,26484,32026,REC,,,,,,,,,,,,,,,,,
Sun,Recife Guararapes Airport,Pipa Beach,26484,36718,REC,,,,,,,,,,,,,,,,,
Sun,Recife Guararapes Airport,Porto De Galinhas,26484,26525,REC,,,,,,,,,,,,,,,,,
Sun,Recife Guararapes Airport,Recife,26484,26526,REC,,,,,,,,,,,,,,,,,
Sun,Rennes Airport (RNS),Chanteloup-En-Brie,25780,35073,RNS,,,,,,,,,,,,,,,,,
Sun,Rennes Airport (RNS),Mont Saint-Michel,25780,31019,RNS,,,,,,,,,,,,,,,,,
Sun,Rennes Airport (RNS),Paris,25780,21879,RNS,,,,,,,,,,,,,,,,,
Sun,Rennes Airport (RNS),Port D'arzal,25780,25435,RNS,,,,,,,,,,,,,,,,,
Sun,Reus Airport,Alcaniz,10581,24513,REU,,,,,,,,,,,,,,,,,
Sun,Reus Airport,Altafulla,10581,24234,REU,,,,,,,,,,,,,,,,,
Sun,Reus Airport,Barcelona Cruise Port (Moll De Barcelona),10581,40290,REU,,,,,,,,,,,,,,,,,
Sun,Reus Airport,Barcelona Sants Train Station,10581,40292,REU,,,,,,,,,,,,,,,,,
Sun,Reus Airport,Benicassim,10581,10454,REU,,,,,,,,,,,,,,,,,
Sun,Reus Airport,Calafell,10581,10083,REU,,,,,,,,,,,,,,,,,
Sun,Reus Airport,Cambrils,10581,10088,REU,,,,,,,,,,,,,,,,,
Sun,Reus Airport,Camping Cambrils Park (Cambrils),10581,22365,REU,,,,,,,,,,,,,,,,,
Sun,Reus Airport,Camping La Torre Del Sol,10581,22672,REU,,,,,,,,,,,,,,,,,
Sun,Reus Airport,Camping Park Playa Bara,10581,28693,REU,,,,,,,,,,,,,,,,,
Sun,Reus Airport,Camping Sanguli (Salou),10581,22314,REU,,,,,,,,,,,,,,,,,
Sun,Reus Airport,Camping Tamarit Park,10581,22375,REU,,,,,,,,,,,,,,,,,
Sun,Reus Airport,Creixell,10581,27247,REU,,,,,,,,,,,,,,,,,
Sun,Reus Airport,El Prat De Llobregat,10581,20867,REU,,,,,,,,,,,,,,,,,
Sun,Reus Airport,Flix,10581,21003,REU,,,,,,,,,,,,,,,,,
Sun,Reus Airport,L'hospitalet De L'infant,10581,21004,REU,,,,,,,,,,,,,,,,,
Sun,Reus Airport,La Pineda,10581,10106,REU,,,,,,,,,,,,,,,,,
Sun,Reus Airport,Miami Platja,10581,10111,REU,,,,,,,,,,,,,,,,,
Sun,Reus Airport,Montgat,10581,20914,REU,,,,,,,,,,,,,,,,,
Sun,Reus Airport,Perafort (Inc Train Station),10581,23370,REU,,,,,,,,,,,,,,,,,
Sun,Reus Airport,Riumar,10581,27228,REU,,,,,,,,,,,,,,,,,
Sun,Reus Airport,Roda De Berà,10581,10976,REU,,,,,,,,,,,,,,,,,
Sun,Reus Airport,Salou,10581,10130,REU,,,,,,,,,,,,,,,,,
Sun,Reus Airport,Sant Adria De Besos,10581,20950,REU,,,,,,,,,,,,,,,,,
Sun,Reus Airport,Sant Salvador,10581,10491,REU,,,,,,,,,,,,,,,,,
Sun,Reus Airport,Santa Susanna,10581,10140,REU,,,,,,,,,,,,,,,,,
Sun,Reus Airport,Sitges,10581,10141,REU,,,,,,,,,,,,,,,,,
Sun,Reus Airport,Vila-Seca,10581,21018,REU,,,,,,,,,,,,,,,,,
Sun,Reus Airport,Vilafortuny,10581,37334,REU,,,,,,,,,,,,,,,,,
Sun,Reus Airport,Vilanova I La Geltrú,10581,10150,REU,,,,,,,,,,,,,,,,,
Sun,Rhodes Airport,Afantou,21351,21352,RHO,,,,,,,,,,,,,,,,,
Sun,Rhodes Airport,Archangelos,21351,21353,RHO,,,,,,,,,,,,,,,,,
Sun,Rhodes Airport,Faliraki,21351,21354,RHO,,,,,,,,,,,,,,,,,
Sun,Rhodes Airport,Fanes,21351,23240,RHO,,,,,,,,,,,,,,,,,
Sun,Rhodes Airport,Gennadi,21351,21355,RHO,,,,,,,,,,,,,,,,,
Sun,Rhodes Airport,Haraki,21351,23333,RHO,,,,,,,,,,,,,,,,,
Sun,Rhodes Airport,Ixia,21351,21357,RHO,,,,,,,,,,,,,,,,,
Sun,Rhodes Airport,Kalathos,21351,21358,RHO,,,,,,,,,,,,,,,,,
Sun,Rhodes Airport,Kamiros Skala,21351,23341,RHO,,,,,,,,,,,,,,,,,
Sun,Rhodes Airport,Kiotari,21351,21360,RHO,,,,,,,,,,,,,,,,,
Sun,Rhodes Airport,Kolymbia,21351,21361,RHO,,,,,,,,,,,,,,,,,
Sun,Rhodes Airport,Koskinou,21351,21362,RHO,,,,,,,,,,,,,,,,,
Sun,Rhodes Airport,Kremasti,21351,21363,RHO,,,,,,,,,,,,,,,,,
Sun,Rhodes Airport,Lardos,21351,21365,RHO,,,,,,,,,,,,,,,,,
Sun,Rhodes Airport,Lindos,21351,21366,RHO,,,,,,,,,,,,,,,,,
Sun,Rhodes Airport,Paradisi (Rhodes),21351,26323,RHO,,,,,,,,,,,,,,,,,
Sun,Rhodes Airport,Pefkos,21351,21367,RHO,,,,,,,,,,,,,,,,,
Sun,Rhodes Airport,Plimmiri,21351,34210,RHO,,,,,,,,,,,,,,,,,
Sun,Rhodes Airport,Rhodes Port,21351,21368,RHO,,,,,,,,,,,,,,,,,
Sun,Rhodes Airport,Vlycha Beach,21351,21371,RHO,,,,,,,,,,,,,,,,,
Sun,Riga Airport,Aizkraukle,25329,31365,RIX,,,,,,,,,,,,,,,,,
Sun,Riga Airport,Baltezers,25329,26267,RIX,,,,,,,,,,,,,,,,,
Sun,Riga Airport,C?sis,25329,26270,RIX,,,,,,,,,,,,,,,,,
Sun,Riga Airport,Daugavpils,25329,34411,RIX,,,,,,,,,,,,,,,,,
Sun,Riga Airport,Jekabpils,25329,36622,RIX,,,,,,,,,,,,,,,,,
Sun,Riga Airport,Jelgava,25329,34901,RIX,,,,,,,,,,,,,,,,,
Sun,Riga Airport,Jurmala,25329,26266,RIX,,,,,,,,,,,,,,,,,
Sun,Riga Airport,Kaunas,25329,26292,RIX,,,,,,,,,,,,,,,,,
Sun,Riga Airport,Kuldiga,25329,26273,RIX,,,,,,,,,,,,,,,,,
Sun,Riga Airport,Liepaja,25329,26275,RIX,,,,,,,,,,,,,,,,,
Sun,Riga Airport,Mažeikiai,25329,36357,RIX,,,,,,,,,,,,,,,,,
Sun,Riga Airport,Pärnu,25329,26279,RIX,,,,,,,,,,,,,,,,,
Sun,Riga Airport,Siauliai,25329,26298,RIX,,,,,,,,,,,,,,,,,
Sun,Riga Airport,Sigulda,25329,26269,RIX,,,,,,,,,,,,,,,,,
Sun,Riga Airport,Tallinn,25329,26278,RIX,,,,,,,,,,,,,,,,,
Sun,Riga Airport,Tukums,25329,26268,RIX,,,,,,,,,,,,,,,,,
Sun,Riga Airport,Valmiera,25329,26271,RIX,,,,,,,,,,,,,,,,,
Sun,Riga Airport,Ventspils,25329,26274,RIX,,,,,,,,,,,,,,,,,
Sun,Rijeka Airport,Gajac,28073,30541,RJK,,,,,,,,,,,,,,,,,
Sun,Rijeka Airport,I?i?i,28073,34801,RJK,,,,,,,,,,,,,,,,,
Sun,Rijeka Airport,Mali Lošinj,28073,27483,RJK,,,,,,,,,,,,,,,,,
Sun,Rijeka Airport,Rijeka,28073,25053,RJK,,,,,,,,,,,,,,,,,
Sun,Rijeka Airport,Rovinj,28073,25348,RJK,,,,,,,,,,,,,,,,,
Sun,Rijeka Airport,Senj,28073,25477,RJK,,,,,,,,,,,,,,,,,
Sun,Rijeka Airport,Trieste,28073,21636,RJK,,,,,,,,,,,,,,,,,
Sun,Rijeka Airport,Umag,28073,25357,RJK,,,,,,,,,,,,,,,,,
Sun,Rijeka Airport,Zagreb Airport,28073,25464,RJK,,,,,,,,,,,,,,,,,
Sun,Rimini Airport,Bellaria,25757,27349,RMI,,,,,,,,,,,,,,,,,
Sun,Rimini Airport,Cattolica,25757,27096,RMI,,,,,,,,,,,,,,,,,
Sun,Rimini Airport,Cervia,25757,25730,RMI,,,,,,,,,,,,,,,,,
Sun,Rimini Airport,Cesenatico,25757,27168,RMI,,,,,,,,,,,,,,,,,
Sun,Rimini Airport,Faenza,25757,25732,RMI,,,,,,,,,,,,,,,,,
Sun,Rimini Airport,Forli,25757,25734,RMI,,,,,,,,,,,,,,,,,
Sun,Rimini Airport,Gabicce Mare,25757,27359,RMI,,,,,,,,,,,,,,,,,
Sun,Rimini Airport,Lido Di Savio,25757,27348,RMI,,,,,,,,,,,,,,,,,
Sun,Rimini Airport,Marina Di Ravenna,25757,27807,RMI,,,,,,,,,,,,,,,,,
Sun,Rimini Airport,Marotta,25757,32436,RMI,,,,,,,,,,,,,,,,,
Sun,Rimini Airport,Milano Marittima,25757,27347,RMI,,,,,,,,,,,,,,,,,
Sun,Rimini Airport,Misano Adriatico,25757,35353,RMI,,,,,,,,,,,,,,,,,
Sun,Rimini Airport,Pesaro,25757,25742,RMI,,,,,,,,,,,,,,,,,
Sun,Rimini Airport,Ravenna,25757,25745,RMI,,,,,,,,,,,,,,,,,
Sun,Rimini Airport,Reggio Emilia,25757,25746,RMI,,,,,,,,,,,,,,,,,
Sun,Rimini Airport,Riccione,25757,27343,RMI,,,,,,,,,,,,,,,,,
Sun,Rimini Airport,Rimini,25757,25628,RMI,,,,,,,,,,,,,,,,,
Sun,Rimini Airport,San Marino Dogana,25757,27813,RMI,,,,,,,,,,,,,,,,,
Sun,Rimini Airport,Senigallia,25757,34262,RMI,,,,,,,,,,,,,,,,,
Sun,Rimini Airport,Verucchio,25757,27806,RMI,,,,,,,,,,,,,,,,,
Sun,Rimini Airport,Viserba,25757,35372,RMI,,,,,,,,,,,,,,,,,
Sun,Rio De Janeiro Galeão Airport (GIG),Anápolis,26485,26510,GIG,,,,,,,,,,,,,,,,,
Sun,Rio De Janeiro Galeão Airport (GIG),Barbacena,26485,36746,GIG,,,,,,,,,,,,,,,,,
Sun,Rio De Janeiro Galeão Airport (GIG),Belo Horizonte,26485,26586,GIG,,,,,,,,,,,,,,,,,
Sun,Rio De Janeiro Galeão Airport (GIG),Betim,26485,34465,GIG,,,,,,,,,,,,,,,,,
Sun,Rio De Janeiro Galeão Airport (GIG),Brasilia,26485,26506,GIG,,,,,,,,,,,,,,,,,
Sun,Rio De Janeiro Galeão Airport (GIG),Campinas,26485,26513,GIG,,,,,,,,,,,,,,,,,
Sun,Rio De Janeiro Galeão Airport (GIG),Catete,26485,26575,GIG,,,,,,,,,,,,,,,,,
Sun,Rio De Janeiro Galeão Airport (GIG),Cidade De Deus,26485,33787,GIG,,,,,,,,,,,,,,,,,
Sun,Rio De Janeiro Galeão Airport (GIG),Club Med Rio Das Pedras,26485,35711,GIG,,,,,,,,,,,,,,,,,
Sun,Rio De Janeiro Galeão Airport (GIG),Curicica,26485,33786,GIG,,,,,,,,,,,,,,,,,
Sun,Rio De Janeiro Galeão Airport (GIG),Formosa,26485,26508,GIG,,,,,,,,,,,,,,,,,
Sun,Rio De Janeiro Galeão Airport (GIG),Freguesia,26485,33791,GIG,,,,,,,,,,,,,,,,,
Sun,Rio De Janeiro Galeão Airport (GIG),Garatucaia,26485,37547,GIG,,,,,,,,,,,,,,,,,
Sun,Rio De Janeiro Galeão Airport (GIG),Gardénia Azul,26485,33792,GIG,,,,,,,,,,,,,,,,,
Sun,Rio De Janeiro Galeão Airport (GIG),Goiânia,26485,26511,GIG,,,,,,,,,,,,,,,,,
Sun,Rio De Janeiro Galeão Airport (GIG),Jardim Guanabara,26485,34082,GIG,,,,,,,,,,,,,,,,,
Sun,Rio De Janeiro Galeão Airport (GIG),Lapa (Rio De Janeiro),26485,26580,GIG,,,,,,,,,,,,,,,,,
Sun,Rio De Janeiro Galeão Airport (GIG),Laranjeiras,26485,26581,GIG,,,,,,,,,,,,,,,,,
Sun,Rio De Janeiro Galeão Airport (GIG),Largo Do Machado,26485,26579,GIG,,,,,,,,,,,,,,,,,
Sun,Rio De Janeiro Galeão Airport (GIG),Ouro Preto,26485,36330,GIG,,,,,,,,,,,,,,,,,
Sun,Rio De Janeiro Galeão Airport (GIG),Pétropolis,26485,30092,GIG,,,,,,,,,,,,,,,,,
Sun,Rio De Janeiro Galeão Airport (GIG),Piracicaba,26485,32012,GIG,,,,,,,,,,,,,,,,,
Sun,Rio De Janeiro Galeão Airport (GIG),Poços De Caldas,26485,35820,GIG,,,,,,,,,,,,,,,,,
Sun,Rio De Janeiro Galeão Airport (GIG),Ribeirão Preto,26485,32654,GIG,,,,,,,,,,,,,,,,,
Sun,Rio De Janeiro Galeão Airport (GIG),Rio Claro (Brazil),26485,32653,GIG,,,,,,,,,,,,,,,,,
Sun,Rio De Janeiro Galeão Airport (GIG),Sao Paulo,26485,26514,GIG,,,,,,,,,,,,,,,,,
Sun,Rio De Janeiro Santos Dumont Airport,Belo Horizonte,26487,26586,SDU,,,,,,,,,,,,,,,,,
Sun,Rio De Janeiro Santos Dumont Airport,Campinas,26487,26513,SDU,,,,,,,,,,,,,,,,,
Sun,Rio De Janeiro Santos Dumont Airport,Campos Do Jordão,26487,32290,SDU,,,,,,,,,,,,,,,,,
Sun,Rio De Janeiro Santos Dumont Airport,Catete,26487,26575,SDU,,,,,,,,,,,,,,,,,
Sun,Rio De Janeiro Santos Dumont Airport,Cidade De Deus,26487,33787,SDU,,,,,,,,,,,,,,,,,
Sun,Rio De Janeiro Santos Dumont Airport,Duque De Caxias,26487,26576,SDU,,,,,,,,,,,,,,,,,
Sun,Rio De Janeiro Santos Dumont Airport,Jardim Guanabara,26487,34082,SDU,,,,,,,,,,,,,,,,,
Sun,Rio De Janeiro Santos Dumont Airport,Laranjeiras,26487,26581,SDU,,,,,,,,,,,,,,,,,
Sun,Rio De Janeiro Santos Dumont Airport,Largo Do Machado,26487,26579,SDU,,,,,,,,,,,,,,,,,
Sun,Rio De Janeiro Santos Dumont Airport,Nova Friburgo,26487,37995,SDU,,,,,,,,,,,,,,,,,
Sun,Rio De Janeiro Santos Dumont Airport,Pétropolis,26487,30092,SDU,,,,,,,,,,,,,,,,,
Sun,Rio De Janeiro Santos Dumont Airport,São Bernardo Do Campo,26487,34548,SDU,,,,,,,,,,,,,,,,,
Sun,Rio De Janeiro Santos Dumont Airport,Sao Paulo,26487,26514,SDU,,,,,,,,,,,,,,,,,
Sun,Rio De Janeiro Santos Dumont Airport,Vargem Pequena,26487,33793,SDU,,,,,,,,,,,,,,,,,
Sun,Roland Garros Airport,La Possession,29678,33746,RUN,,,,,,,,,,,,,,,,,
Sun,Roland Garros Airport,Le Tampon,29678,33761,RUN,,,,,,,,,,,,,,,,,
Sun,Roland Garros Airport,Les Avirons,29678,33756,RUN,,,,,,,,,,,,,,,,,
Sun,Roland Garros Airport,Petite-Ile,29678,33738,RUN,,,,,,,,,,,,,,,,,
Sun,Roland Garros Airport,Saint-Louis (Reunion),29678,33743,RUN,,,,,,,,,,,,,,,,,
Sun,Roland Garros Airport,Saint-Paul (Reunion),29678,33749,RUN,,,,,,,,,,,,,,,,,
Sun,Roland Garros Airport,Salazie,29678,33736,RUN,,,,,,,,,,,,,,,,,
Sun,Roland Garros Airport,Trois-Bassins,29678,33754,RUN,,,,,,,,,,,,,,,,,
Sun,Rome Ciampino Airport,Anguillara Sabazia,23893,36390,CIA,,,,,,,,,,,,,,,,,
Sun,Rome Ciampino Airport,Camping Tiber,23893,30468,CIA,,,,,,,,,,,,,,,,,
Sun,Rome Ciampino Airport,Ciampino,23893,34192,CIA,,,,,,,,,,,,,,,,,
Sun,Rome Ciampino Airport,Fiumicino,23893,31385,CIA,,,,,,,,,,,,,,,,,
Sun,Rome Ciampino Airport,Fregene,23893,31578,CIA,,,,,,,,,,,,,,,,,
Sun,Rome Ciampino Airport,Marino,23893,29779,CIA,,,,,,,,,,,,,,,,,
Sun,Rome Ciampino Airport,Nettuno,23893,35929,CIA,,,,,,,,,,,,,,,,,
Sun,Rome Ciampino Airport,Pantheon,23893,21376,CIA,,,,,,,,,,,,,,,,,
Sun,Rome Ciampino Airport,Pescara,23893,31273,CIA,,,,,,,,,,,,,,,,,
Sun,Rome Ciampino Airport,San Donato Val Di Comino,23893,34164,CIA,,,,,,,,,,,,,,,,,
Sun,Rome Ciampino Airport,Santa Maria Maggiore,23893,27012,CIA,,,,,,,,,,,,,,,,,
Sun,Rome Ciampino Airport,Tivoli,23893,22357,CIA,,,,,,,,,,,,,,,,,
Sun,Rome Fiumicino Airport,Anguillara Sabazia,25195,36390,FCO,,,,,,,,,,,,,,,,,
Sun,Rome Fiumicino Airport,Bolsena,25195,27443,FCO,,,,,,,,,,,,,,,,,
Sun,Rome Fiumicino Airport,Ciampino,25195,34192,FCO,,,,,,,,,,,,,,,,,
Sun,Rome Fiumicino Airport,Figline Valdarno,25195,25575,FCO,,,,,,,,,,,,,,,,,
Sun,Rome Fiumicino Airport,Fiumicino,25195,31385,FCO,,,,,,,,,,,,,,,,,
Sun,Rome Fiumicino Airport,Florence Train Station,25195,26669,FCO,,,,,,,,,,,,,,,,,
Sun,Rome Fiumicino Airport,Foligno,25195,27319,FCO,,,,,,,,,,,,,,,,,
Sun,Rome Fiumicino Airport,Latina,25195,32147,FCO,,,,,,,,,,,,,,,,,
Sun,Rome Fiumicino Airport,Lucca,25195,25590,FCO,,,,,,,,,,,,,,,,,
Sun,Rome Fiumicino Airport,Milan Malpensa Airport,25195,21752,FCO,,,,,,,,,,,,,,,,,
Sun,Rome Fiumicino Airport,Montepulciano,25195,25605,FCO,,,,,,,,,,,,,,,,,
Sun,Rome Fiumicino Airport,Montesilvano,25195,41230,FCO,,,,,,,,,,,,,,,,,
Sun,Rome Fiumicino Airport,Naples Train Station,25195,41222,FCO,,,,,,,,,,,,,,,,,
Sun,Rome Fiumicino Airport,Nettuno,25195,35929,FCO,,,,,,,,,,,,,,,,,
Sun,Rome Fiumicino Airport,Pantheon,25195,21376,FCO,,,,,,,,,,,,,,,,,
Sun,Rome Fiumicino Airport,Pescara,25195,31273,FCO,,,,,,,,,,,,,,,,,
Sun,Rome Fiumicino Airport,Porto Ercole,25195,27331,FCO,,,,,,,,,,,,,,,,,
Sun,Rome Fiumicino Airport,Porto Santo Stefano,25195,25619,FCO,,,,,,,,,,,,,,,,,
Sun,Rome Fiumicino Airport,Riccione,25195,27343,FCO,,,,,,,,,,,,,,,,,
Sun,Rome Fiumicino Airport,Santa Marinella,25195,34594,FCO,,,,,,,,,,,,,,,,,
Sun,Rome Fiumicino Airport,Siena,25195,25539,FCO,,,,,,,,,,,,,,,,,
Sun,Rome Fiumicino Airport,Sora,25195,37424,FCO,,,,,,,,,,,,,,,,,
Sun,Rome Fiumicino Airport,Terracina,25195,27442,FCO,,,,,,,,,,,,,,,,,
Sun,Rome Fiumicino Airport,Tivoli,25195,22357,FCO,,,,,,,,,,,,,,,,,
Sun,Rome Fiumicino Airport,Viareggio,25195,25547,FCO,,,,,,,,,,,,,,,,,
Sun,Rotterdam Airport,Antwerpen,25251,22413,RTM,,,,,,,,,,,,,,,,,
Sun,Rotterdam Airport,Bergen Op Zoom,25251,31666,RTM,,,,,,,,,,,,,,,,,
Sun,Rotterdam Airport,Camping Duinrell,25251,25281,RTM,,,,,,,,,,,,,,,,,
Sun,Rotterdam Airport,Charleroi,25251,22429,RTM,,,,,,,,,,,,,,,,,
Sun,Rotterdam Airport,Delft,25251,25255,RTM,,,,,,,,,,,,,,,,,
Sun,Rotterdam Airport,Dordrecht,25251,25256,RTM,,,,,,,,,,,,,,,,,
Sun,Rotterdam Airport,Eindhoven,25251,22418,RTM,,,,,,,,,,,,,,,,,
Sun,Rotterdam Airport,Gouda,25251,25257,RTM,,,,,,,,,,,,,,,,,
Sun,Rotterdam Airport,Hoofddorp,25251,37715,RTM,,,,,,,,,,,,,,,,,
Sun,Rotterdam Airport,Leiden,25251,25260,RTM,,,,,,,,,,,,,,,,,
Sun,Rotterdam Airport,Lisse,25251,26476,RTM,,,,,,,,,,,,,,,,,
Sun,Rotterdam Airport,Pijnacker,25251,25265,RTM,,,,,,,,,,,,,,,,,
Sun,Rotterdam Airport,Poeldijk,25251,25266,RTM,,,,,,,,,,,,,,,,,
Sun,Rotterdam Airport,Purmerend,25251,34400,RTM,,,,,,,,,,,,,,,,,
Sun,Rotterdam Airport,Reeuwijk,25251,32584,RTM,,,,,,,,,,,,,,,,,
Sun,Rotterdam Airport,Ridderkerk,25251,25460,RTM,,,,,,,,,,,,,,,,,
Sun,Rotterdam Airport,Rijnsburg,25251,28893,RTM,,,,,,,,,,,,,,,,,
Sun,Rotterdam Airport,Rotterdam,25251,22421,RTM,,,,,,,,,,,,,,,,,
Sun,Rotterdam Airport,Scheveningen,25251,37932,RTM,,,,,,,,,,,,,,,,,
Sun,Rotterdam Airport,Schiedam,25251,35859,RTM,,,,,,,,,,,,,,,,,
Sun,Rotterdam Airport,Schuddebeurs,25251,36189,RTM,,,,,,,,,,,,,,,,,
Sun,Rotterdam Airport,Vinkeveen,25251,38500,RTM,,,,,,,,,,,,,,,,,
Sun,Rotterdam Airport,Vlaardingen,25251,35796,RTM,,,,,,,,,,,,,,,,,
Sun,Rotterdam Airport,Vlissingen,25251,34728,RTM,,,,,,,,,,,,,,,,,
Sun,Rotterdam Airport,Voorburg,25251,25273,RTM,,,,,,,,,,,,,,,,,
Sun,Rotterdam Airport,Zoetermeer,25251,25276,RTM,,,,,,,,,,,,,,,,,
Sun,Rotterdam Airport,Zwijndrecht,25251,25668,RTM,,,,,,,,,,,,,,,,,
Sun,Rzeszow Airport (RZE),Krosno,41988,30674,RZE,,,,,,,,,,,,,,,,,
Sun,Rzeszow Airport (RZE),Mielec,41988,37722,RZE,,,,,,,,,,,,,,,,,
Sun,Rzeszow Airport (RZE),Rzeszow,41988,25399,RZE,,,,,,,,,,,,,,,,,
Sun,Rzeszow Airport (RZE),Tarnow,41988,25410,RZE,,,,,,,,,,,,,,,,,
Sun,Rzeszow Airport (RZE),Zamosc,41988,35628,RZE,,,,,,,,,,,,,,,,,
Sun,Saarbrücken Airport (SCN),Buxtehude,24019,32328,SCN,,,,,,,,,,,,,,,,,
Sun,Saarbrücken Airport (SCN),Ingolstadt,24019,23312,SCN,,,,,,,,,,,,,,,,,
Sun,Saarbrücken Airport (SCN),Paderborn,24019,22871,SCN,,,,,,,,,,,,,,,,,
Sun,Saarbrücken Airport (SCN),Saarbrücken,24019,22454,SCN,,,,,,,,,,,,,,,,,
Sun,Saarbrücken Airport (SCN),Traben-Trarbach,24019,32368,SCN,,,,,,,,,,,,,,,,,
Sun,Saarbrücken Airport (SCN),Ulm,24019,23316,SCN,,,,,,,,,,,,,,,,,
Sun,Saint Kitts Airport,Basseterre,30586,30453,SKB,,,,,,,,,,,,,,,,,
Sun,Saint Kitts Airport,Frigate Bay,30586,30449,SKB,,,,,,,,,,,,,,,,,
Sun,Saint Kitts Airport,Kittian Village,30586,36060,SKB,,,,,,,,,,,,,,,,,
Sun,Saint Kitts Airport,Ottley's Village,30586,30450,SKB,,,,,,,,,,,,,,,,,
Sun,Saint Lucia Airport,Anse Chastenet,30130,39665,UVF,,,,,,,,,,,,,,,,,
Sun,Saint-Étienne Airport (EBU),Le Puy-En-Velay,26933,28928,EBU,,,,,,,,,,,,,,,,,
Sun,Saint-Étienne Airport (EBU),Les Arcs (1600 / 1800),26933,23789,EBU,,,,,,,,,,,,,,,,,
Sun,Saint-Étienne Airport (EBU),Les Arcs (1950 / 2000),26933,10652,EBU,,,,,,,,,,,,,,,,,
Sun,Saint-Étienne Airport (EBU),Lyon Airport,26933,10669,EBU,,,,,,,,,,,,,,,,,
Sun,Saint-Étienne Airport (EBU),Lyon Perrache Train Station,26933,41189,EBU,,,,,,,,,,,,,,,,,
Sun,Saint-Étienne Airport (EBU),Montbrison,26933,22516,EBU,,,,,,,,,,,,,,,,,
Sun,Saint-Étienne Airport (EBU),Paris,26933,21879,EBU,,,,,,,,,,,,,,,,,
Sun,Saint-Étienne Airport (EBU),Paris Charles De Gaulle Airport,26933,10626,EBU,,,,,,,,,,,,,,,,,
Sun,Saint-Étienne Airport (EBU),Saint-Étienne,26933,26770,EBU,,,,,,,,,,,,,,,,,
Sun,Saint-Étienne Airport (EBU),Tignes,26933,10661,EBU,,,,,,,,,,,,,,,,,
Sun,Saint-Étienne Airport (EBU),Val Thorens,26933,10664,EBU,,,,,,,,,,,,,,,,,
Sun,Saint-Étienne Airport (EBU),Valence,26933,30091,EBU,,,,,,,,,,,,,,,,,
Sun,Saint-Étienne Airport (EBU),Vichy,26933,29935,EBU,,,,,,,,,,,,,,,,,
Sun,Salerno Airport,Pioppi,32919,34705,QSR,,,,,,,,,,,,,,,,,
Sun,Salerno Airport,Policastro Bussentino,32919,34706,QSR,,,,,,,,,,,,,,,,,
Sun,Salerno Airport,San Marco Di Castellabate,32919,34707,QSR,,,,,,,,,,,,,,,,,
Sun,Salerno Airport,Scalea,32919,34708,QSR,,,,,,,,,,,,,,,,,
Sun,Salvador Da Bahia Airport,Barra,26483,27983,SSA,,,,,,,,,,,,,,,,,
Sun,Salvador Da Bahia Airport,Belo Horizonte,26483,26586,SSA,,,,,,,,,,,,,,,,,
Sun,Salvador Da Bahia Airport,Betim,26483,34465,SSA,,,,,,,,,,,,,,,,,
Sun,Salvador Da Bahia Airport,Costa Azul,26483,27977,SSA,,,,,,,,,,,,,,,,,
Sun,Salvador Da Bahia Airport,Imbassaí,26483,27974,SSA,,,,,,,,,,,,,,,,,
Sun,Salvador Da Bahia Airport,Lauro De Freitas,26483,27972,SSA,,,,,,,,,,,,,,,,,
Sun,Salvador Da Bahia Airport,Patamares,26483,27976,SSA,,,,,,,,,,,,,,,,,
Sun,Salvador Da Bahia Airport,Pelourinho,26483,27985,SSA,,,,,,,,,,,,,,,,,
Sun,Salvador Da Bahia Airport,Pituba,26483,27979,SSA,,,,,,,,,,,,,,,,,
Sun,Salvador Da Bahia Airport,Rio Vermelho,26483,27980,SSA,,,,,,,,,,,,,,,,,
Sun,Salvador Da Bahia Airport,Stella Maris,26483,34139,SSA,,,,,,,,,,,,,,,,,
Sun,Salvador Da Bahia Airport,Stiep,26483,27978,SSA,,,,,,,,,,,,,,,,,
Sun,Salvador Da Bahia Airport,Vitória (Salvador),26483,27984,SSA,,,,,,,,,,,,,,,,,
Sun,Salzburg Airport,Abtenau,22522,32461,SZG,,,,,,,,,,,,,,,,,
Sun,Salzburg Airport,Alpbach,22522,22225,SZG,,,,,,,,,,,,,,,,,
Sun,Salzburg Airport,Altenmarkt Im Pongau,22522,30929,SZG,,,,,,,,,,,,,,,,,
Sun,Salzburg Airport,Bad Gastein,22522,22228,SZG,,,,,,,,,,,,,,,,,
Sun,Salzburg Airport,Bad Hofgastein,22522,22524,SZG,,,,,,,,,,,,,,,,,
Sun,Salzburg Airport,Bad Reichenhall,22522,31958,SZG,,,,,,,,,,,,,,,,,
Sun,Salzburg Airport,Berchtesgaden,22522,27588,SZG,,,,,,,,,,,,,,,,,
Sun,Salzburg Airport,Bramberg Am Wildkogel,22522,33185,SZG,,,,,,,,,,,,,,,,,
Sun,Salzburg Airport,Brixen Im Thale,22522,22232,SZG,,,,,,,,,,,,,,,,,
Sun,Salzburg Airport,Dienten Am Hochkönig,22522,22525,SZG,,,,,,,,,,,,,,,,,
Sun,Salzburg Airport,Dorfgastein,22522,33429,SZG,,,,,,,,,,,,,,,,,
Sun,Salzburg Airport,Dornbirn,22522,23428,SZG,,,,,,,,,,,,,,,,,
Sun,Salzburg Airport,Ellmau,22522,22235,SZG,,,,,,,,,,,,,,,,,
Sun,Salzburg Airport,Fieberbrunn,22522,22239,SZG,,,,,,,,,,,,,,,,,
Sun,Salzburg Airport,Filzmoos,22522,27725,SZG,,,,,,,,,,,,,,,,,
Sun,Salzburg Airport,Flachau,22522,22242,SZG,,,,,,,,,,,,,,,,,
Sun,Salzburg Airport,Fuschl Am See,22522,32914,SZG,,,,,,,,,,,,,,,,,
Sun,Salzburg Airport,Gerlos,22522,22247,SZG,,,,,,,,,,,,,,,,,
Sun,Salzburg Airport,Going Am Wilden Kaiser,22522,22248,SZG,,,,,,,,,,,,,,,,,
Sun,Salzburg Airport,Gosau,22522,26774,SZG,,,,,,,,,,,,,,,,,
Sun,Salzburg Airport,Hallstatt,22522,34390,SZG,,,,,,,,,,,,,,,,,
Sun,Salzburg Airport,Haus,22522,31873,SZG,,,,,,,,,,,,,,,,,
Sun,Salzburg Airport,Hinterglemm,22522,22526,SZG,,,,,,,,,,,,,,,,,
Sun,Salzburg Airport,Hinterthal,22522,32463,SZG,,,,,,,,,,,,,,,,,
Sun,Salzburg Airport,Ischgl,22522,22260,SZG,,,,,,,,,,,,,,,,,
Sun,Salzburg Airport,Kaprun,22522,22266,SZG,,,,,,,,,,,,,,,,,
Sun,Salzburg Airport,Kirchberg In Tirol,22522,22269,SZG,,,,,,,,,,,,,,,,,
Sun,Salzburg Airport,Kitzbuhel,22522,22271,SZG,,,,,,,,,,,,,,,,,
Sun,Salzburg Airport,Lofer,22522,30839,SZG,,,,,,,,,,,,,,,,,
Sun,Salzburg Airport,Maria Alm,22522,22528,SZG,,,,,,,,,,,,,,,,,
Sun,Salzburg Airport,Matrei In Osttirol,22522,39865,SZG,,,,,,,,,,,,,,,,,
Sun,Salzburg Airport,Munich Airport,22522,21801,SZG,,,,,,,,,,,,,,,,,
Sun,Salzburg Airport,Neukirchen Am Grossvenediger,22522,24969,SZG,,,,,,,,,,,,,,,,,
Sun,Salzburg Airport,Obergurgl,22522,22283,SZG,,,,,,,,,,,,,,,,,
Sun,Salzburg Airport,Obertauern,22522,22284,SZG,,,,,,,,,,,,,,,,,
Sun,Salzburg Airport,Obertraun,22522,34764,SZG,,,,,,,,,,,,,,,,,
Sun,Salzburg Airport,Ramsau Am Dachstein,22522,22532,SZG,,,,,,,,,,,,,,,,,
Sun,Salzburg Airport,Rauris,22522,22966,SZG,,,,,,,,,,,,,,,,,
Sun,Salzburg Airport,Rohrmoos,22522,34922,SZG,,,,,,,,,,,,,,,,,
Sun,Salzburg Airport,Ruhpolding,22522,27105,SZG,,,,,,,,,,,,,,,,,
Sun,Salzburg Airport,Saalbach,22522,22286,SZG,,,,,,,,,,,,,,,,,
Sun,Salzburg Airport,Salzburg,22522,22287,SZG,,,,,,,,,,,,,,,,,
Sun,Salzburg Airport,Scheffau Am Wilden Kaiser,22522,22533,SZG,,,,,,,,,,,,,,,,,
Sun,Salzburg Airport,Schladming,22522,22534,SZG,,,,,,,,,,,,,,,,,
Sun,Salzburg Airport,Sölden,22522,22292,SZG,,,,,,,,,,,,,,,,,
Sun,Salzburg Airport,Söll,22522,22293,SZG,,,,,,,,,,,,,,,,,
Sun,Salzburg Airport,St. Wolfgang im Salzkammergut,22522,29115,SZG,,,,,,,,,,,,,,,,,
Sun,Salzburg Airport,Techendorf,22522,27615,SZG,,,,,,,,,,,,,,,,,
Sun,Salzburg Airport,Turracher Hohe,22522,28987,SZG,,,,,,,,,,,,,,,,,
Sun,Salzburg Airport,Wagrain,22522,26472,SZG,,,,,,,,,,,,,,,,,
Sun,Salzburg Airport,Wald Im Pinzgau,22522,22968,SZG,,,,,,,,,,,,,,,,,
Sun,Salzburg Airport,Werfenweng,22522,33060,SZG,,,,,,,,,,,,,,,,,
Sun,Salzburg Airport,Westendorf,22522,22658,SZG,,,,,,,,,,,,,,,,,
Sun,Salzburg Airport,Zauchensee,22522,33316,SZG,,,,,,,,,,,,,,,,,
Sun,Salzburg Airport,Zell Am See,22522,22298,SZG,,,,,,,,,,,,,,,,,
Sun,Samos Airport (SMI),Agios Konstantinos (Samos),29119,33407,SMI,,,,,,,,,,,,,,,,,
Sun,Samos Airport (SMI),Ai Thanasis,29119,38464,SMI,,,,,,,,,,,,,,,,,
Sun,Samos Airport (SMI),Kokkari,29119,33406,SMI,,,,,,,,,,,,,,,,,
Sun,Samos Airport (SMI),Marathokampos,29119,33408,SMI,,,,,,,,,,,,,,,,,
Sun,Samos Airport (SMI),Samos,29119,38490,SMI,,,,,,,,,,,,,,,,,
Sun,Samos Airport (SMI),Votsalakia,29119,33409,SMI,,,,,,,,,,,,,,,,,
Sun,San Antonio International Airport (SAT),Monterrey,45238,26560,SAT,,,,,,,,,,,,,,,,,
Sun,San Antonio International Airport (SAT),San Marcos,45238,22947,SAT,,,,,,,,,,,,,,,,,
Sun,San Antonio International Airport (SAT),Victoria,45238,21879,SAT,,,,,,,,,,,,,,,,,
Sun,San Diego Airport,Del Mar,39595,29819,SAN,,,,,,,,,,,,,,,,,
Sun,San Diego Airport,Imperial Beach,39595,21524,SAN,,,,,,,,,,,,,,,,,
Sun,San Diego Airport,Irvine (California),39595,30351,SAN,,,,,,,,,,,,,,,,,
Sun,San Diego Airport,Los Angeles Downtown,39595,28992,SAN,,,,,,,,,,,,,,,,,
Sun,San Diego Airport,Riverside,39595,32284,SAN,,,,,,,,,,,,,,,,,
Sun,San Francisco Airport,Fresno,28962,36591,SFO,,,,,,,,,,,,,,,,,
Sun,San Francisco Airport,Los Angeles Downtown,28962,28992,SFO,,,,,,,,,,,,,,,,,
Sun,San Francisco Airport,Mountain View,28962,33927,SFO,,,,,,,,,,,,,,,,,
Sun,San Francisco Airport,Oakland,28962,29825,SFO,,,,,,,,,,,,,,,,,
Sun,San Francisco Airport,Palo Alto,28962,35103,SFO,,,,,,,,,,,,,,,,,
Sun,San Francisco Airport,Redwood City,28962,36144,SFO,,,,,,,,,,,,,,,,,
Sun,San Francisco Airport,Richmond (California),28962,30078,SFO,,,,,,,,,,,,,,,,,
Sun,San Francisco Airport,San Francisco,28962,10409,SFO,,,,,,,,,,,,,,,,,
Sun,San Francisco Airport,Santa Cruz (California),28962,29784,SFO,,,,,,,,,,,,,,,,,
Sun,San Francisco Airport,Santa Rosa (California),28962,36315,SFO,,,,,,,,,,,,,,,,,
Sun,San Francisco Airport,Stanford (California),28962,31267,SFO,,,,,,,,,,,,,,,,,
Sun,San Francisco Airport,Tracy (California),28962,29504,SFO,,,,,,,,,,,,,,,,,
Sun,San Jose Norman Y. Mineta International Airport (SJC),Fresno,43001,36591,SJC,,,,,,,,,,,,,,,,,
Sun,San Jose Norman Y. Mineta International Airport (SJC),Los Angeles Downtown,43001,28992,SJC,,,,,,,,,,,,,,,,,
Sun,San Jose Norman Y. Mineta International Airport (SJC),Mountain View,43001,33927,SJC,,,,,,,,,,,,,,,,,
Sun,San Jose Norman Y. Mineta International Airport (SJC),Oakland,43001,29825,SJC,,,,,,,,,,,,,,,,,
Sun,San Juan De Puerto Rico Airport,Bayamon,26500,32154,SJU,,,,,,,,,,,,,,,,,
Sun,San Juan De Puerto Rico Airport,Caguas,26500,32158,SJU,,,,,,,,,,,,,,,,,
Sun,San Juan De Puerto Rico Airport,Condado,26500,32148,SJU,,,,,,,,,,,,,,,,,
Sun,San Juan De Puerto Rico Airport,Dorado,26500,32155,SJU,,,,,,,,,,,,,,,,,
Sun,San Juan De Puerto Rico Airport,Fajardo,26500,32153,SJU,,,,,,,,,,,,,,,,,
Sun,San Juan De Puerto Rico Airport,Humacao,26500,32157,SJU,,,,,,,,,,,,,,,,,
Sun,San Juan De Puerto Rico Airport,Luquillo,26500,32156,SJU,,,,,,,,,,,,,,,,,
Sun,San Juan De Puerto Rico Airport,Mayaguez,26500,32169,SJU,,,,,,,,,,,,,,,,,
Sun,San Juan De Puerto Rico Airport,Old San Juan,26500,32149,SJU,,,,,,,,,,,,,,,,,
Sun,San Juan De Puerto Rico Airport,Ponce,26500,32170,SJU,,,,,,,,,,,,,,,,,
Sun,San Juan De Puerto Rico Airport,Rio Grande,26500,32151,SJU,,,,,,,,,,,,,,,,,
Sun,San Juan De Puerto Rico Airport,San Juan (Puerto Rico),26500,32150,SJU,,,,,,,,,,,,,,,,,
Sun,San Juan De Puerto Rico Airport,San Juan Cruise Port,26500,32152,SJU,,,,,,,,,,,,,,,,,
Sun,San Juan De Puerto Rico Airport,Vega Baja,26500,32167,SJU,,,,,,,,,,,,,,,,,
Sun,San Sebastian Airport,Andoain,20719,20723,EAS,,,,,,,,,,,,,,,,,
Sun,San Sebastian Airport,Astigarraga,20719,20724,EAS,,,,,,,,,,,,,,,,,
Sun,San Sebastian Airport,Bayonne,20719,20738,EAS,,,,,,,,,,,,,,,,,
Sun,San Sebastian Airport,Beasain,20719,20727,EAS,,,,,,,,,,,,,,,,,
Sun,San Sebastian Airport,Biarritz,20719,20739,EAS,,,,,,,,,,,,,,,,,
Sun,San Sebastian Airport,Durango,20719,20732,EAS,,,,,,,,,,,,,,,,,
Sun,San Sebastian Airport,Eibar,20719,20733,EAS,,,,,,,,,,,,,,,,,
Sun,San Sebastian Airport,Elgoibar,20719,20735,EAS,,,,,,,,,,,,,,,,,
Sun,San Sebastian Airport,Getaria,20719,20742,EAS,,,,,,,,,,,,,,,,,
Sun,San Sebastian Airport,Hernani,20719,20744,EAS,,,,,,,,,,,,,,,,,
Sun,San Sebastian Airport,Hondarribia,20719,20745,EAS,,,,,,,,,,,,,,,,,
Sun,San Sebastian Airport,Irún,20719,20746,EAS,,,,,,,,,,,,,,,,,
Sun,San Sebastian Airport,Lekeitio,20719,20748,EAS,,,,,,,,,,,,,,,,,
Sun,San Sebastian Airport,Lourdes,20719,23126,EAS,,,,,,,,,,,,,,,,,
Sun,San Sebastian Airport,Madrid Airport,20719,10576,EAS,,,,,,,,,,,,,,,,,
Sun,San Sebastian Airport,Mutriku,20719,20751,EAS,,,,,,,,,,,,,,,,,
Sun,San Sebastian Airport,Oiartzun,20719,20752,EAS,,,,,,,,,,,,,,,,,
Sun,San Sebastian Airport,Ondarroa,20719,20753,EAS,,,,,,,,,,,,,,,,,
Sun,San Sebastian Airport,Pamplona / Iruna,20719,20755,EAS,,,,,,,,,,,,,,,,,
Sun,San Sebastian Airport,Saint-Jean-Pied-De-Port,20719,23218,EAS,,,,,,,,,,,,,,,,,
Sun,San Sebastian Airport,Saint-Lary-Soulan,20719,23164,EAS,,,,,,,,,,,,,,,,,
Sun,San Sebastian Airport,Saint-Palais,20719,27457,EAS,,,,,,,,,,,,,,,,,
Sun,San Sebastian Airport,San Sebastián - Igeldo,20719,20721,EAS,,,,,,,,,,,,,,,,,
Sun,San Sebastian Airport,San Sebastián / Donostia,20719,20720,EAS,,,,,,,,,,,,,,,,,
Sun,San Sebastian Airport,Tolosa,20719,20760,EAS,,,,,,,,,,,,,,,,,
Sun,San Sebastian Airport,Urrugne,20719,23219,EAS,,,,,,,,,,,,,,,,,
Sun,"Sandefjord Airport, Torp (TRF)",Fredrikstad,26803,34838,TRF,,,,,,,,,,,,,,,,,
Sun,"Sandefjord Airport, Torp (TRF)",Geilo,26803,32032,TRF,,,,,,,,,,,,,,,,,
Sun,"Sandefjord Airport, Torp (TRF)",Hamar,26803,34092,TRF,,,,,,,,,,,,,,,,,
Sun,"Sandefjord Airport, Torp (TRF)",Honefoss,26803,33888,TRF,,,,,,,,,,,,,,,,,
Sun,"Sandefjord Airport, Torp (TRF)",Hvalstad,26803,34096,TRF,,,,,,,,,,,,,,,,,
Sun,"Sandefjord Airport, Torp (TRF)",Kongsberg,26803,34337,TRF,,,,,,,,,,,,,,,,,
Sun,"Sandefjord Airport, Torp (TRF)",Lillestrom,26803,32376,TRF,,,,,,,,,,,,,,,,,
Sun,"Sandefjord Airport, Torp (TRF)",Lommedalen,26803,35532,TRF,,,,,,,,,,,,,,,,,
Sun,"Sandefjord Airport, Torp (TRF)",Sandefjord,26803,30730,TRF,,,,,,,,,,,,,,,,,
Sun,"Sandefjord Airport, Torp (TRF)",Ula,26803,31381,TRF,,,,,,,,,,,,,,,,,
Sun,Santa Ana John Wayne Airport-Orange County Airport (SNA),Anaheim,32876,28989,SNA,,,,,,,,,,,,,,,,,
Sun,Santa Ana John Wayne Airport-Orange County Airport (SNA),Huntington Beach,32876,28995,SNA,,,,,,,,,,,,,,,,,
Sun,Santa Ana John Wayne Airport-Orange County Airport (SNA),Irvine (California),32876,30351,SNA,,,,,,,,,,,,,,,,,
Sun,Santa Ana John Wayne Airport-Orange County Airport (SNA),Los Angeles Downtown,32876,28992,SNA,,,,,,,,,,,,,,,,,
Sun,Santa Ana John Wayne Airport-Orange County Airport (SNA),Oxnard,32876,31516,SNA,,,,,,,,,,,,,,,,,
Sun,Santa Ana John Wayne Airport-Orange County Airport (SNA),Palmdale,32876,33068,SNA,,,,,,,,,,,,,,,,,
Sun,Santa Ana John Wayne Airport-Orange County Airport (SNA),Riverside,32876,32284,SNA,,,,,,,,,,,,,,,,,
Sun,Santa Ana John Wayne Airport-Orange County Airport (SNA),San Clemente,32876,32083,SNA,,,,,,,,,,,,,,,,,
Sun,Santa Ana John Wayne Airport-Orange County Airport (SNA),Santa Barbara,32876,29797,SNA,,,,,,,,,,,,,,,,,
Sun,Santa Ana John Wayne Airport-Orange County Airport (SNA),Torrance,32876,29016,SNA,,,,,,,,,,,,,,,,,
Sun,Santa Cruz De La Palma Airport,Barlovento,28491,22358,SPC,,,,,,,,,,,,,,,,,
Sun,Santa Cruz De La Palma Airport,Brena Baja,28491,28494,SPC,,,,,,,,,,,,,,,,,
Sun,Santa Cruz De La Palma Airport,Las Tricias,28491,37718,SPC,,,,,,,,,,,,,,,,,
Sun,Santa Genoveva Airport (GYN),Aguas Lindas De Goiás,45662,26505,GYN,,,,,,,,,,,,,,,,,
Sun,Santa Genoveva Airport (GYN),Anápolis,45662,26510,GYN,,,,,,,,,,,,,,,,,
Sun,Santa Genoveva Airport (GYN),Brasilia,45662,26506,GYN,,,,,,,,,,,,,,,,,
Sun,Santa Genoveva Airport (GYN),Goiânia,45662,26511,GYN,,,,,,,,,,,,,,,,,
Sun,Santa Genoveva Airport (GYN),Luziania,45662,26512,GYN,,,,,,,,,,,,,,,,,
Sun,Santa Maria Airport,Almagreira,31363,31333,SMA,,,,,,,,,,,,,,,,,
Sun,Santa Maria Airport,Feteiras,31363,31334,SMA,,,,,,,,,,,,,,,,,
Sun,Santa Maria Airport,Malbusca,31363,31332,SMA,,,,,,,,,,,,,,,,,
Sun,Santa Maria Airport,Santa Bárbara (Terceira Island -Azores),31363,31335,SMA,,,,,,,,,,,,,,,,,
Sun,Santa Maria Airport,Santo Espírito,31363,31331,SMA,,,,,,,,,,,,,,,,,
Sun,Santander Airport,Avilés,20764,24719,SDR,,,,,,,,,,,,,,,,,
Sun,Santander Airport,Camaleno,20764,27409,SDR,,,,,,,,,,,,,,,,,
Sun,Santander Airport,Camping Playa Joyel,20764,28696,SDR,,,,,,,,,,,,,,,,,
Sun,Santander Airport,Comillas,20764,20777,SDR,,,,,,,,,,,,,,,,,
Sun,Santander Airport,Estella,20764,21521,SDR,,,,,,,,,,,,,,,,,
Sun,Santander Airport,Frómista,20764,29941,SDR,,,,,,,,,,,,,,,,,
Sun,Santander Airport,Gijón,20764,20779,SDR,,,,,,,,,,,,,,,,,
Sun,Santander Airport,Herrera De Pisuerga,20764,20781,SDR,,,,,,,,,,,,,,,,,
Sun,Santander Airport,León,20764,20783,SDR,,,,,,,,,,,,,,,,,
Sun,Santander Airport,Liencres,20764,20784,SDR,,,,,,,,,,,,,,,,,
Sun,Santander Airport,Liérganes,20764,27801,SDR,,,,,,,,,,,,,,,,,
Sun,Santander Airport,Llanes,20764,20785,SDR,,,,,,,,,,,,,,,,,
Sun,Santander Airport,Logrono,20764,21116,SDR,,,,,,,,,,,,,,,,,
Sun,Santander Airport,Nájera,20764,27406,SDR,,,,,,,,,,,,,,,,,
Sun,Santander Airport,Noja,20764,20787,SDR,,,,,,,,,,,,,,,,,
Sun,Santander Airport,Oviedo,20764,20788,SDR,,,,,,,,,,,,,,,,,
Sun,Santander Airport,Pedrena,20764,20789,SDR,,,,,,,,,,,,,,,,,
Sun,Santander Airport,Sahagún,20764,33167,SDR,,,,,,,,,,,,,,,,,
Sun,Santander Airport,San Sebastián / Donostia,20764,20720,SDR,,,,,,,,,,,,,,,,,
Sun,Santander Airport,San Sebastián De Garabandal,20764,27803,SDR,,,,,,,,,,,,,,,,,
Sun,Santander Airport,San Vicente De La Barquera,20764,20798,SDR,,,,,,,,,,,,,,,,,
Sun,Santander Airport,Somo,20764,27411,SDR,,,,,,,,,,,,,,,,,
Sun,Santander Airport,Suances,20764,20803,SDR,,,,,,,,,,,,,,,,,
Sun,Santander Airport,Torrelavega,20764,20804,SDR,,,,,,,,,,,,,,,,,
Sun,Santiago De Chile Airport,Cachagua,40644,36733,SCL,,,,,,,,,,,,,,,,,
Sun,Santiago De Chile Airport,Concepción,40644,34202,SCL,,,,,,,,,,,,,,,,,
Sun,Santiago De Chile Airport,Conchalí,40644,38440,SCL,,,,,,,,,,,,,,,,,
Sun,Santiago De Chile Airport,Huechuraba,40644,33417,SCL,,,,,,,,,,,,,,,,,
Sun,Santiago De Chile Airport,La Florida,40644,29512,SCL,,,,,,,,,,,,,,,,,
Sun,Santiago De Chile Airport,Peñalolén,40644,31908,SCL,,,,,,,,,,,,,,,,,
Sun,Santiago De Chile Airport,Pirque,40644,31438,SCL,,,,,,,,,,,,,,,,,
Sun,Santiago De Chile Airport,Putaendo,40644,34054,SCL,,,,,,,,,,,,,,,,,
Sun,Santiago De Chile Airport,Quintero,40644,28976,SCL,,,,,,,,,,,,,,,,,
Sun,Santiago De Chile Airport,San Antonio (Chile),40644,29455,SCL,,,,,,,,,,,,,,,,,
Sun,Santiago De Chile Airport,Valle Nevado,40644,35657,SCL,,,,,,,,,,,,,,,,,
Sun,Santiago De Compostela Airport,Fisterra,24507,33935,SCQ,,,,,,,,,,,,,,,,,
Sun,Santiago De Compostela Airport,La Coruna,24507,21082,SCQ,,,,,,,,,,,,,,,,,
Sun,Santiago De Compostela Airport,La Coruña Cruise Port,24507,30518,SCQ,,,,,,,,,,,,,,,,,
Sun,Santiago De Compostela Airport,Laxe,24507,34786,SCQ,,,,,,,,,,,,,,,,,
Sun,Santiago De Compostela Airport,Lugo,24507,21119,SCQ,,,,,,,,,,,,,,,,,
Sun,Santiago De Compostela Airport,Melide,24507,35288,SCQ,,,,,,,,,,,,,,,,,
Sun,Santiago De Compostela Airport,Ponferrada,24507,24701,SCQ,,,,,,,,,,,,,,,,,
Sun,Santiago De Compostela Airport,Pontevedra,24507,21163,SCQ,,,,,,,,,,,,,,,,,
Sun,Santiago De Compostela Airport,Porto Airport,24507,21810,SCQ,,,,,,,,,,,,,,,,,
Sun,Santiago De Compostela Airport,Samos,24507,38490,SCQ,,,,,,,,,,,,,,,,,
Sun,Santiago De Compostela Airport,Santiago De Compostela,24507,21189,SCQ,,,,,,,,,,,,,,,,,
Sun,Santiago De Compostela Airport,Sanxenxo,24507,23289,SCQ,,,,,,,,,,,,,,,,,
Sun,Santiago De Compostela Airport,Sarria (Lugo),24507,24662,SCQ,,,,,,,,,,,,,,,,,
Sun,Santiago De Compostela Airport,Vigo (Spain),24507,21846,SCQ,,,,,,,,,,,,,,,,,
Sun,Santiago De Compostela Airport,Vilanova De Arousa,24507,31528,SCQ,,,,,,,,,,,,,,,,,
Sun,Santiago De Compostela Airport,Villafranca Del Bierzo,24507,28193,SCQ,,,,,,,,,,,,,,,,,
Sun,Santiago De Compostela Airport,Xinzo De Limia,24507,31508,SCQ,,,,,,,,,,,,,,,,,
Sun,Santiago De Cuba Airport,Guantanamo,29567,36583,SCU,,,,,,,,,,,,,,,,,
Sun,Santiago De Cuba Airport,Holguin,29567,36400,SCU,,,,,,,,,,,,,,,,,
Sun,Santiago De Cuba Airport,Santa Clara (Cuba),29567,29864,SCU,,,,,,,,,,,,,,,,,
Sun,Santiago De Cuba Airport,Trinidad (Cuba),29567,29865,SCU,,,,,,,,,,,,,,,,,
Sun,Santo Domingo Las Américas Airport,Cap Cana,26746,31600,SDQ,,,,,,,,,,,,,,,,,
Sun,Santo Domingo Las Américas Airport,Cotuí,26746,33916,SDQ,,,,,,,,,,,,,,,,,
Sun,Santo Domingo Las Américas Airport,El Cortecito,26746,37549,SDQ,,,,,,,,,,,,,,,,,
Sun,Santo Domingo Las Américas Airport,Higüey,26746,32661,SDQ,,,,,,,,,,,,,,,,,
Sun,Santo Domingo Las Américas Airport,Laguna Bavaro,26746,33966,SDQ,,,,,,,,,,,,,,,,,
Sun,Santo Domingo Las Américas Airport,Pedro Brand,26746,36432,SDQ,,,,,,,,,,,,,,,,,
Sun,Santo Domingo Las Américas Airport,Playa Dorada,26746,22348,SDQ,,,,,,,,,,,,,,,,,
Sun,Santo Domingo Las Américas Airport,San Pedro De Macorís,26746,27804,SDQ,,,,,,,,,,,,,,,,,
Sun,Santorini Airport,Akrotiri (Santorini),22983,23050,JTR,,,,,,,,,,,,,,,,,
Sun,Santorini Airport,Fira (Santorini),22983,23035,JTR,,,,,,,,,,,,,,,,,
Sun,Santorini Airport,Imerovigli (Santorini),22983,23045,JTR,,,,,,,,,,,,,,,,,
Sun,Santorini Airport,Kamari (Santorini),22983,23041,JTR,,,,,,,,,,,,,,,,,
Sun,Santorini Airport,Megalochori (Santorini),22983,23037,JTR,,,,,,,,,,,,,,,,,
Sun,Santorini Airport,Mesaria (Santorini),22983,23043,JTR,,,,,,,,,,,,,,,,,
Sun,Santorini Airport,Monolithos (Santorini),22983,23039,JTR,,,,,,,,,,,,,,,,,
Sun,Santorini Airport,Oia (Santorini),22983,23052,JTR,,,,,,,,,,,,,,,,,
Sun,Santorini Airport,Perissa (Santorini),22983,23048,JTR,,,,,,,,,,,,,,,,,
Sun,Santorini Airport,Perivolos (Santorini),22983,23049,JTR,,,,,,,,,,,,,,,,,
Sun,Santorini Airport,Pyrgos (Santorini),22983,23038,JTR,,,,,,,,,,,,,,,,,
Sun,Santorini Airport,Vothonas (Santorini),22983,23044,JTR,,,,,,,,,,,,,,,,,
Sun,Santorini Airport,Vourvoulos (Santorini),22983,23046,JTR,,,,,,,,,,,,,,,,,
Sun,São Paulo Congonhas Airport,Angra Dos Reis (Hotels),26482,26534,CGH,,,,,,,,,,,,,,,,,
Sun,São Paulo Congonhas Airport,Barra Funda (São Paulo),26482,37705,CGH,,,,,,,,,,,,,,,,,
Sun,São Paulo Congonhas Airport,Barueri,26482,33118,CGH,,,,,,,,,,,,,,,,,
Sun,São Paulo Congonhas Airport,Belo Horizonte,26482,26586,CGH,,,,,,,,,,,,,,,,,
Sun,São Paulo Congonhas Airport,Campinas,26482,26513,CGH,,,,,,,,,,,,,,,,,
Sun,São Paulo Congonhas Airport,Campos Do Jordão,26482,32290,CGH,,,,,,,,,,,,,,,,,
Sun,São Paulo Congonhas Airport,Guarulhos,26482,26516,CGH,,,,,,,,,,,,,,,,,
Sun,São Paulo Congonhas Airport,Itapevi,26482,32708,CGH,,,,,,,,,,,,,,,,,
Sun,São Paulo Congonhas Airport,Limeira,26482,32030,CGH,,,,,,,,,,,,,,,,,
Sun,São Paulo Congonhas Airport,Marília,26482,29164,CGH,,,,,,,,,,,,,,,,,
Sun,São Paulo Congonhas Airport,Moema (São Paulo),26482,37706,CGH,,,,,,,,,,,,,,,,,
Sun,São Paulo Congonhas Airport,Mogi Das Cruzes,26482,37697,CGH,,,,,,,,,,,,,,,,,
Sun,São Paulo Congonhas Airport,Poços De Caldas,26482,35820,CGH,,,,,,,,,,,,,,,,,
Sun,São Paulo Congonhas Airport,Rio Claro (Brazil),26482,32653,CGH,,,,,,,,,,,,,,,,,
Sun,São Paulo Congonhas Airport,Santo André,26482,33846,CGH,,,,,,,,,,,,,,,,,
Sun,São Paulo Congonhas Airport,São Bernardo Do Campo,26482,34548,CGH,,,,,,,,,,,,,,,,,
Sun,São Paulo Congonhas Airport,São Caetano Do Sul,26482,32775,CGH,,,,,,,,,,,,,,,,,
Sun,São Paulo Congonhas Airport,Sao Paulo,26482,26514,CGH,,,,,,,,,,,,,,,,,
Sun,São Paulo Congonhas Airport,Taboão Da Serra,26482,32288,CGH,,,,,,,,,,,,,,,,,
Sun,São Paulo Congonhas Airport,Viracopos Airport,26482,32001,CGH,,,,,,,,,,,,,,,,,
Sun,São Paulo Guarulhos Airport,Atibaia,26488,32459,GRU,,,,,,,,,,,,,,,,,
Sun,São Paulo Guarulhos Airport,Barbacena,26488,36746,GRU,,,,,,,,,,,,,,,,,
Sun,São Paulo Guarulhos Airport,Barra Funda (São Paulo),26488,37705,GRU,,,,,,,,,,,,,,,,,
Sun,São Paulo Guarulhos Airport,Barueri,26488,33118,GRU,,,,,,,,,,,,,,,,,
Sun,São Paulo Guarulhos Airport,Brooklin,26488,36677,GRU,,,,,,,,,,,,,,,,,
Sun,São Paulo Guarulhos Airport,Campinas,26488,26513,GRU,,,,,,,,,,,,,,,,,
Sun,São Paulo Guarulhos Airport,Guarulhos,26488,26516,GRU,,,,,,,,,,,,,,,,,
Sun,São Paulo Guarulhos Airport,Itajubá,26488,33764,GRU,,,,,,,,,,,,,,,,,
Sun,São Paulo Guarulhos Airport,Itamambuca,26488,37781,GRU,,,,,,,,,,,,,,,,,
Sun,São Paulo Guarulhos Airport,Itapevi,26488,32708,GRU,,,,,,,,,,,,,,,,,
Sun,São Paulo Guarulhos Airport,Limeira,26488,32030,GRU,,,,,,,,,,,,,,,,,
Sun,São Paulo Guarulhos Airport,Moema (São Paulo),26488,37706,GRU,,,,,,,,,,,,,,,,,
Sun,São Paulo Guarulhos Airport,Mogi Das Cruzes,26488,37697,GRU,,,,,,,,,,,,,,,,,
Sun,São Paulo Guarulhos Airport,Paraisópolis,26488,35030,GRU,,,,,,,,,,,,,,,,,
Sun,São Paulo Guarulhos Airport,Pétropolis,26488,30092,GRU,,,,,,,,,,,,,,,,,
Sun,São Paulo Guarulhos Airport,Ribeirão Preto,26488,32654,GRU,,,,,,,,,,,,,,,,,
Sun,São Paulo Guarulhos Airport,Santo André,26488,33846,GRU,,,,,,,,,,,,,,,,,
Sun,São Paulo Guarulhos Airport,São Bernardo Do Campo,26488,34548,GRU,,,,,,,,,,,,,,,,,
Sun,São Paulo Guarulhos Airport,Sao Paulo,26488,26514,GRU,,,,,,,,,,,,,,,,,
Sun,São Paulo Guarulhos Airport,Taboão Da Serra,26488,32288,GRU,,,,,,,,,,,,,,,,,
Sun,São Paulo Guarulhos Airport,Tatuapé,26488,37698,GRU,,,,,,,,,,,,,,,,,
Sun,Sarajevo Airport,Banja Luka,27913,27914,SJJ,,,,,,,,,,,,,,,,,
Sun,Sarajevo Airport,Bjelasnica,27913,27917,SJJ,,,,,,,,,,,,,,,,,
Sun,Sarajevo Airport,Jahorina,27913,27919,SJJ,,,,,,,,,,,,,,,,,
Sun,Sarajevo Airport,Konjic,27913,27921,SJJ,,,,,,,,,,,,,,,,,
Sun,Sarajevo Airport,Kotor,27913,26322,SJJ,,,,,,,,,,,,,,,,,
Sun,Sarajevo Airport,Mostar,27913,27922,SJJ,,,,,,,,,,,,,,,,,
Sun,Sarajevo Airport,Mostar Airport,27913,44662,SJJ,,,,,,,,,,,,,,,,,
Sun,Sarajevo Airport,Neum,27913,31680,SJJ,,,,,,,,,,,,,,,,,
Sun,Sarajevo Airport,Sarajevo,27913,27923,SJJ,,,,,,,,,,,,,,,,,
Sun,Sarajevo Airport,Trogir,27913,25047,SJJ,,,,,,,,,,,,,,,,,
Sun,Sarajevo Airport,Tuzla,27913,22633,SJJ,,,,,,,,,,,,,,,,,
Sun,Sarajevo Airport,Zenica,27913,27925,SJJ,,,,,,,,,,,,,,,,,
Sun,Seoul Gimpo Airport,Dobong-Gu,40412,44293,GMP,,,,,,,,,,,,,,,,,
Sun,Seoul Gimpo Airport,Dongdaemun-Gu,40412,44288,GMP,,,,,,,,,,,,,,,,,
Sun,Seoul Gimpo Airport,Dongjak-Gu,40412,44280,GMP,,,,,,,,,,,,,,,,,
Sun,Seoul Gimpo Airport,Eunpyeong-Gu,40412,44285,GMP,,,,,,,,,,,,,,,,,
Sun,Seoul Gimpo Airport,Gangbuk-Gu,40412,44292,GMP,,,,,,,,,,,,,,,,,
Sun,Seoul Gimpo Airport,Gangdong-Gu,40412,44301,GMP,,,,,,,,,,,,,,,,,
Sun,Seoul Gimpo Airport,Gangseo-Gu,40412,44272,GMP,,,,,,,,,,,,,,,,,
Sun,Seoul Gimpo Airport,Geumcheon-Gu,40412,44277,GMP,,,,,,,,,,,,,,,,,
Sun,Seoul Gimpo Airport,Guro-Gu,40412,44276,GMP,,,,,,,,,,,,,,,,,
Sun,Seoul Gimpo Airport,Gwanak-Gu,40412,44278,GMP,,,,,,,,,,,,,,,,,
Sun,Seoul Gimpo Airport,Gwangjin-Gu,40412,44298,GMP,,,,,,,,,,,,,,,,,
Sun,Seoul Gimpo Airport,Jongno-Gu,40412,44286,GMP,,,,,,,,,,,,,,,,,
Sun,Seoul Gimpo Airport,Jungnang-Gu,40412,44295,GMP,,,,,,,,,,,,,,,,,
Sun,Seoul Gimpo Airport,Mapo-Gu,40412,44283,GMP,,,,,,,,,,,,,,,,,
Sun,Seoul Gimpo Airport,Nowon-Gu,40412,44294,GMP,,,,,,,,,,,,,,,,,
Sun,Seoul Gimpo Airport,Seocho-Gu,40412,44299,GMP,,,,,,,,,,,,,,,,,
Sun,Seoul Gimpo Airport,Seodaemun-Gu,40412,44284,GMP,,,,,,,,,,,,,,,,,
Sun,Seoul Gimpo Airport,Seongbuk-Gu,40412,44289,GMP,,,,,,,,,,,,,,,,,
Sun,Seoul Gimpo Airport,Seongdong-Gu,40412,44291,GMP,,,,,,,,,,,,,,,,,
Sun,Seoul Gimpo Airport,Songpa-Gu,40412,44300,GMP,,,,,,,,,,,,,,,,,
Sun,Seoul Gimpo Airport,Yangcheon-Gu,40412,44273,GMP,,,,,,,,,,,,,,,,,
Sun,Seoul Gimpo Airport,Yeongdeungpo-Gu,40412,44274,GMP,,,,,,,,,,,,,,,,,
Sun,Seoul Gimpo Airport,Yongsan-Gu,40412,44290,GMP,,,,,,,,,,,,,,,,,
Sun,Seoul Incheon Airport,Dobong-Gu,40405,44293,ICN,,,,,,,,,,,,,,,,,
Sun,Seoul Incheon Airport,Dongdaemun-Gu,40405,44288,ICN,,,,,,,,,,,,,,,,,
Sun,Seoul Incheon Airport,Dongjak-Gu,40405,44280,ICN,,,,,,,,,,,,,,,,,
Sun,Seoul Incheon Airport,Eunpyeong-Gu,40405,44285,ICN,,,,,,,,,,,,,,,,,
Sun,Seoul Incheon Airport,Gangbuk-Gu,40405,44292,ICN,,,,,,,,,,,,,,,,,
Sun,Seoul Incheon Airport,Gangdong-Gu,40405,44301,ICN,,,,,,,,,,,,,,,,,
Sun,Seoul Incheon Airport,Gangseo-Gu,40405,44272,ICN,,,,,,,,,,,,,,,,,
Sun,Seoul Incheon Airport,Geumcheon-Gu,40405,44277,ICN,,,,,,,,,,,,,,,,,
Sun,Seoul Incheon Airport,Guro-Gu,40405,44276,ICN,,,,,,,,,,,,,,,,,
Sun,Seoul Incheon Airport,Gwanak-Gu,40405,44278,ICN,,,,,,,,,,,,,,,,,
Sun,Seoul Incheon Airport,Gwangjin-Gu,40405,44298,ICN,,,,,,,,,,,,,,,,,
Sun,Seoul Incheon Airport,Jongno-Gu,40405,44286,ICN,,,,,,,,,,,,,,,,,
Sun,Seoul Incheon Airport,Jung-Gu,40405,44287,ICN,,,,,,,,,,,,,,,,,
Sun,Seoul Incheon Airport,Jungnang-Gu,40405,44295,ICN,,,,,,,,,,,,,,,,,
Sun,Seoul Incheon Airport,Mapo-Gu,40405,44283,ICN,,,,,,,,,,,,,,,,,
Sun,Seoul Incheon Airport,Nowon-Gu,40405,44294,ICN,,,,,,,,,,,,,,,,,
Sun,Seoul Incheon Airport,Seocho-Gu,40405,44299,ICN,,,,,,,,,,,,,,,,,
Sun,Seoul Incheon Airport,Seodaemun-Gu,40405,44284,ICN,,,,,,,,,,,,,,,,,
Sun,Seoul Incheon Airport,Seongbuk-Gu,40405,44289,ICN,,,,,,,,,,,,,,,,,
Sun,Seoul Incheon Airport,Seongdong-Gu,40405,44291,ICN,,,,,,,,,,,,,,,,,
Sun,Seoul Incheon Airport,Seongnam-Si,40405,43477,ICN,,,,,,,,,,,,,,,,,
Sun,Seoul Incheon Airport,Songpa-Gu,40405,44300,ICN,,,,,,,,,,,,,,,,,
Sun,Seoul Incheon Airport,Yangcheon-Gu,40405,44273,ICN,,,,,,,,,,,,,,,,,
Sun,Seoul Incheon Airport,Yeongdeungpo-Gu,40405,44274,ICN,,,,,,,,,,,,,,,,,
Sun,Seoul Incheon Airport,Yongsan-Gu,40405,44290,ICN,,,,,,,,,,,,,,,,,
Sun,Seville Airport,Albufeira,10582,10786,SVQ,,,,,,,,,,,,,,,,,
Sun,Seville Airport,Alcalá De Guadaira,10582,20805,SVQ,,,,,,,,,,,,,,,,,
Sun,Seville Airport,Cádiz,10582,10200,SVQ,,,,,,,,,,,,,,,,,
Sun,Seville Airport,Cantillana,10582,27456,SVQ,,,,,,,,,,,,,,,,,
Sun,Seville Airport,Carmona,10582,10296,SVQ,,,,,,,,,,,,,,,,,
Sun,Seville Airport,Chipiona,10582,10253,SVQ,,,,,,,,,,,,,,,,,
Sun,Seville Airport,Conil De La Frontera,10582,10250,SVQ,,,,,,,,,,,,,,,,,
Sun,Seville Airport,El Rompido,10582,10806,SVQ,,,,,,,,,,,,,,,,,
Sun,Seville Airport,Espartinas,10582,32842,SVQ,,,,,,,,,,,,,,,,,
Sun,Seville Airport,Faro,10582,22020,SVQ,,,,,,,,,,,,,,,,,
Sun,Seville Airport,Granada Airport,10582,10573,SVQ,,,,,,,,,,,,,,,,,
Sun,Seville Airport,Huelva,10582,10808,SVQ,,,,,,,,,,,,,,,,,
Sun,Seville Airport,Isla Cristina,10582,10802,SVQ,,,,,,,,,,,,,,,,,
Sun,Seville Airport,Jerez Airport,10582,10575,SVQ,,,,,,,,,,,,,,,,,
Sun,Seville Airport,Lisbon Airport,10582,10800,SVQ,,,,,,,,,,,,,,,,,
Sun,Seville Airport,Mairena Del Aljarafe,10582,38471,SVQ,,,,,,,,,,,,,,,,,
Sun,Seville Airport,Montecastillo Resort,10582,23379,SVQ,,,,,,,,,,,,,,,,,
Sun,Seville Airport,Novo Sancti Petri,10582,10263,SVQ,,,,,,,,,,,,,,,,,
Sun,Seville Airport,Portimao,10582,10792,SVQ,,,,,,,,,,,,,,,,,
Sun,Seville Airport,Puerto Serrano,10582,38326,SVQ,,,,,,,,,,,,,,,,,
Sun,Seville Airport,Punta Umbria (Spain),10582,10805,SVQ,,,,,,,,,,,,,,,,,
Sun,Seville Airport,San Juan De Aznalfarache,10582,20816,SVQ,,,,,,,,,,,,,,,,,
Sun,Seville Airport,Seville Cruise Port,10582,27066,SVQ,,,,,,,,,,,,,,,,,
Sun,Seville Airport,Tarifa,10582,10271,SVQ,,,,,,,,,,,,,,,,,
Sun,Seville Airport,Torremolinos,10582,10330,SVQ,,,,,,,,,,,,,,,,,
Sun,Seville Airport,Torrox,10582,10065,SVQ,,,,,,,,,,,,,,,,,
Sun,Seville Airport,Torrox Costa,10582,10066,SVQ,,,,,,,,,,,,,,,,,
Sun,Seville Airport,Triana,10582,29953,SVQ,,,,,,,,,,,,,,,,,
Sun,Seychelles Airport,Anse Aux Pins,37523,42288,SEZ,,,,,,,,,,,,,,,,,
Sun,Shanghai Hongqiao Airport,Changning (Shanghai City Centre),32166,32045,SHA,,,,,,,,,,,,,,,,,
Sun,Shanghai Hongqiao Airport,Hongkou (Shanghai City Centre),32166,32048,SHA,,,,,,,,,,,,,,,,,
Sun,Shanghai Hongqiao Airport,Huangpu Luwan (Shanghai City Centre),32166,32042,SHA,,,,,,,,,,,,,,,,,
Sun,Shanghai Hongqiao Airport,Jiading (Shanghai Outskirt),32166,32051,SHA,,,,,,,,,,,,,,,,,
Sun,Shanghai Hongqiao Airport,Pudong Xinqu (Shanghai Outskirt),32166,32041,SHA,,,,,,,,,,,,,,,,,
Sun,Shanghai Hongqiao Airport,Putuo (Shanghai City Centre),32166,32047,SHA,,,,,,,,,,,,,,,,,
Sun,Shanghai Hongqiao Airport,Shanghai Pudong International Airport,32166,29569,SHA,,,,,,,,,,,,,,,,,
Sun,Shanghai Hongqiao Airport,Yangpu (Shanghai City Centre),32166,32049,SHA,,,,,,,,,,,,,,,,,
Sun,Shanghai International Cruise Terminal,Shanghai Pudong International Airport,41270,29569,NULL,,,,,,,,,,,,,,,,,
Sun,Shanghai Pudong International Airport,Changning (Shanghai City Centre),29569,32045,PVG,,,,,,,,,,,,,,,,,
Sun,Shanghai Pudong International Airport,Huangpu Luwan (Shanghai City Centre),29569,32042,PVG,,,,,,,,,,,,,,,,,
Sun,Shanghai Pudong International Airport,Jiading (Shanghai Outskirt),29569,32051,PVG,,,,,,,,,,,,,,,,,
Sun,Shanghai Pudong International Airport,Pudong Xinqu (Shanghai Outskirt),29569,32041,PVG,,,,,,,,,,,,,,,,,
Sun,Shanghai Pudong International Airport,Putuo (Shanghai City Centre),29569,32047,PVG,,,,,,,,,,,,,,,,,
Sun,Shanghai Pudong International Airport,Xuhui (Shanghai City Centre),29569,32044,PVG,,,,,,,,,,,,,,,,,
Sun,Shanghai Pudong International Airport,Yangpu (Shanghai City Centre),29569,32049,PVG,,,,,,,,,,,,,,,,,
Sun,Shanghai Wusongkou Cruise Terminal,Shanghai Pudong International Airport,41269,29569,NULL,,,,,,,,,,,,,,,,,
Sun,Shannon Airport (SNN),Adare,22518,22537,SNN,,,,,,,,,,,,,,,,,
Sun,Shannon Airport (SNN),Annacotty,22518,24947,SNN,,,,,,,,,,,,,,,,,
Sun,Shannon Airport (SNN),Ballybunion,22518,27632,SNN,,,,,,,,,,,,,,,,,
Sun,Shannon Airport (SNN),Ballygreen,22518,33988,SNN,,,,,,,,,,,,,,,,,
Sun,Shannon Airport (SNN),Bodyke,22518,31793,SNN,,,,,,,,,,,,,,,,,
Sun,Shannon Airport (SNN),Bunratty (Co. Clare),22518,26471,SNN,,,,,,,,,,,,,,,,,
Sun,Shannon Airport (SNN),Castleconnell,22518,35045,SNN,,,,,,,,,,,,,,,,,
Sun,Shannon Airport (SNN),Castletownroche,22518,33077,SNN,,,,,,,,,,,,,,,,,
Sun,Shannon Airport (SNN),Castletroy,22518,26308,SNN,,,,,,,,,,,,,,,,,
Sun,Shannon Airport (SNN),Charleville,22518,22538,SNN,,,,,,,,,,,,,,,,,
Sun,Shannon Airport (SNN),Cratloe,22518,35942,SNN,,,,,,,,,,,,,,,,,
Sun,Shannon Airport (SNN),Doonbeg,22518,27600,SNN,,,,,,,,,,,,,,,,,
Sun,Shannon Airport (SNN),Dromoland (Co. Clare),22518,23382,SNN,,,,,,,,,,,,,,,,,
Sun,Shannon Airport (SNN),Ennis,22518,22541,SNN,,,,,,,,,,,,,,,,,
Sun,Shannon Airport (SNN),Fermoy,22518,23406,SNN,,,,,,,,,,,,,,,,,
Sun,Shannon Airport (SNN),Galway,22518,22542,SNN,,,,,,,,,,,,,,,,,
Sun,Shannon Airport (SNN),Kilkee,22518,22544,SNN,,,,,,,,,,,,,,,,,
Sun,Shannon Airport (SNN),Killaloe,22518,22543,SNN,,,,,,,,,,,,,,,,,
Sun,Shannon Airport (SNN),Killarney,22518,22545,SNN,,,,,,,,,,,,,,,,,
Sun,Shannon Airport (SNN),Kilrush,22518,22979,SNN,,,,,,,,,,,,,,,,,
Sun,Shannon Airport (SNN),Kinvarra,22518,38088,SNN,,,,,,,,,,,,,,,,,
Sun,Shannon Airport (SNN),Knock,22518,22834,SNN,,,,,,,,,,,,,,,,,
Sun,Shannon Airport (SNN),Limerick,22518,22546,SNN,,,,,,,,,,,,,,,,,
Sun,Shannon Airport (SNN),Liscannor,22518,23407,SNN,,,,,,,,,,,,,,,,,
Sun,Shannon Airport (SNN),Listowel,22518,22974,SNN,,,,,,,,,,,,,,,,,
Sun,Shannon Airport (SNN),Nenagh,22518,22547,SNN,,,,,,,,,,,,,,,,,
Sun,Shannon Airport (SNN),Newcastle West (Co. Limerick),22518,22548,SNN,,,,,,,,,,,,,,,,,
Sun,Shannon Airport (SNN),Newport (Co. Tipperary),22518,23352,SNN,,,,,,,,,,,,,,,,,
Sun,Shannon Airport (SNN),Oranmore,22518,29844,SNN,,,,,,,,,,,,,,,,,
Sun,Shannon Airport (SNN),Roscrea (Co. Tipperary),22518,25112,SNN,,,,,,,,,,,,,,,,,
Sun,Shannon Airport (SNN),Tipperary Town,22518,22549,SNN,,,,,,,,,,,,,,,,,
Sun,Shannon Airport (SNN),Whitegate,22518,37512,SNN,,,,,,,,,,,,,,,,,
Sun,Sharjah Airport,Al Barsha,24990,27300,SHJ,,,,,,,,,,,,,,,,,
Sun,Sharm El Sheikh Airport,Dahab,25546,25553,SSH,,,,,,,,,,,,,,,,,
Sun,Sharm El Sheikh Airport,Damietta,25546,36967,SSH,,,,,,,,,,,,,,,,,
Sun,Sharm El Sheikh Airport,Naama Bay,25546,25550,SSH,,,,,,,,,,,,,,,,,
Sun,Sharm El Sheikh Airport,Nabq Bay,25546,25551,SSH,,,,,,,,,,,,,,,,,
Sun,Sharm El Sheikh Airport,Nuweiba,25546,25554,SSH,,,,,,,,,,,,,,,,,
Sun,Sharm El Sheikh Airport,Port Said,25546,31683,SSH,,,,,,,,,,,,,,,,,
Sun,Sharm El Sheikh Airport,Qena,25546,35674,SSH,,,,,,,,,,,,,,,,,
Sun,Sharm El Sheikh Airport,Ras Nasrani,25546,25561,SSH,,,,,,,,,,,,,,,,,
Sun,Sharm El Sheikh Airport,Sharks Bay,25546,25556,SSH,,,,,,,,,,,,,,,,,
Sun,Sharm El Sheikh Airport,Sharm El Sheikh,25546,25552,SSH,,,,,,,,,,,,,,,,,
Sun,Sharm El Sheikh Airport,Sharm El Sheikh Port,25546,25558,SSH,,,,,,,,,,,,,,,,,
Sun,Sharm El Sheikh Airport,St Catherine,25546,25555,SSH,,,,,,,,,,,,,,,,,
Sun,Sharm El Sheikh Airport,Taba,25546,25559,SSH,,,,,,,,,,,,,,,,,
Sun,Sibiu Airport,Alba Iulia,45298,26246,SBZ,,,,,,,,,,,,,,,,,
Sun,Sibiu Airport,Braila,45298,26239,SBZ,,,,,,,,,,,,,,,,,
Sun,Sibiu Airport,Brasov,45298,26237,SBZ,,,,,,,,,,,,,,,,,
Sun,Sibiu Airport,Cisn?die,45298,26230,SBZ,,,,,,,,,,,,,,,,,
Sun,Sibiu Airport,Cluj-Napoca,45298,26229,SBZ,,,,,,,,,,,,,,,,,
Sun,Sibiu Airport,Craiova,45298,26226,SBZ,,,,,,,,,,,,,,,,,
Sun,Sibiu Airport,Deva,45298,29913,SBZ,,,,,,,,,,,,,,,,,
Sun,Sibiu Airport,Galati,45298,26222,SBZ,,,,,,,,,,,,,,,,,
Sun,Sibiu Airport,Lugoj,45298,34441,SBZ,,,,,,,,,,,,,,,,,
Sun,Sibiu Airport,Oradea,45298,29909,SBZ,,,,,,,,,,,,,,,,,
Sun,Sibiu Airport,Timisoara Airport,45298,34353,SBZ,,,,,,,,,,,,,,,,,
Sun,Singapore Changi Airport,Bishan,30220,33297,SIN,,,,,,,,,,,,,,,,,
Sun,Singapore Changi Airport,Bukit Batok,30220,31214,SIN,,,,,,,,,,,,,,,,,
Sun,Singapore Changi Airport,Changi Point Ferry Terminal,30220,33454,SIN,,,,,,,,,,,,,,,,,
Sun,Singapore Changi Airport,Clementi,30220,34166,SIN,,,,,,,,,,,,,,,,,
Sun,Singapore Changi Airport,Johor Bahru,30220,30412,SIN,,,,,,,,,,,,,,,,,
Sun,Singapore Changi Airport,Marine Parade,30220,37498,SIN,,,,,,,,,,,,,,,,,
Sun,Singapore Changi Airport,Melaka,30220,31780,SIN,,,,,,,,,,,,,,,,,
Sun,Singapore Changi Airport,Mersing,30220,33319,SIN,,,,,,,,,,,,,,,,,
Sun,Singapore Changi Airport,Orchard Road,30220,35091,SIN,,,,,,,,,,,,,,,,,
Sun,Singapore Changi Airport,Tanah Merah Ferry Terminal,30220,32143,SIN,,,,,,,,,,,,,,,,,
Sun,Singapore Changi Airport,Yishun,30220,36734,SIN,,,,,,,,,,,,,,,,,
Sun,Skopje Airport,Ohrid,30472,30482,SKP,,,,,,,,,,,,,,,,,
Sun,Skopje Airport,Skopje,30472,30481,SKP,,,,,,,,,,,,,,,,,
Sun,Skopje Airport,Sofia,30472,22095,SKP,,,,,,,,,,,,,,,,,
Sun,Skopje Airport,Tetovo,30472,30486,SKP,,,,,,,,,,,,,,,,,
Sun,Sofia Airport,Balchik,22063,22069,SOF,,,,,,,,,,,,,,,,,
Sun,Sofia Airport,Bansko,22063,22087,SOF,,,,,,,,,,,,,,,,,
Sun,Sofia Airport,Borovets,22063,22088,SOF,,,,,,,,,,,,,,,,,
Sun,Sofia Airport,Burgas Airport,22063,22065,SOF,,,,,,,,,,,,,,,,,
Sun,Sofia Airport,Haskovo,22063,35256,SOF,,,,,,,,,,,,,,,,,
Sun,Sofia Airport,Hisarya,22063,22092,SOF,,,,,,,,,,,,,,,,,
Sun,Sofia Airport,Kyustendil,22063,33800,SOF,,,,,,,,,,,,,,,,,
Sun,Sofia Airport,Pamporovo,22063,22089,SOF,,,,,,,,,,,,,,,,,
Sun,Sofia Airport,Pleven,22063,33286,SOF,,,,,,,,,,,,,,,,,
Sun,Sofia Airport,Plovdiv Airport,22063,22064,SOF,,,,,,,,,,,,,,,,,
Sun,Sofia Airport,Sandanski,22063,22098,SOF,,,,,,,,,,,,,,,,,
Sun,Sofia Airport,Skopje,22063,30481,SOF,,,,,,,,,,,,,,,,,
Sun,Sofia Airport,Sofia,22063,22095,SOF,,,,,,,,,,,,,,,,,
Sun,Sofia Airport,Sunny Beach,22063,22084,SOF,,,,,,,,,,,,,,,,,
Sun,Sofia Airport,Velingrad,22063,22103,SOF,,,,,,,,,,,,,,,,,
Sun,Sofia Airport,Yambol,22063,36464,SOF,,,,,,,,,,,,,,,,,
Sun,Southampton Airport (SOU),Andover,27840,36182,SOU,,,,,,,,,,,,,,,,,
Sun,Southampton Airport (SOU),Bath,27840,27797,SOU,,,,,,,,,,,,,,,,,
Sun,Southampton Airport (SOU),Bournemouth,27840,27822,SOU,,,,,,,,,,,,,,,,,
Sun,Southampton Airport (SOU),Camberley,27840,33532,SOU,,,,,,,,,,,,,,,,,
Sun,Southampton Airport (SOU),Fareham,27840,36349,SOU,,,,,,,,,,,,,,,,,
Sun,Southampton Airport (SOU),Godalming,27840,32706,SOU,,,,,,,,,,,,,,,,,
Sun,Southampton Airport (SOU),Hayling Island,27840,27823,SOU,,,,,,,,,,,,,,,,,
Sun,Southampton Airport (SOU),Lymington,27840,27824,SOU,,,,,,,,,,,,,,,,,
Sun,Southampton Airport (SOU),Newbury,27840,29764,SOU,,,,,,,,,,,,,,,,,
Sun,Southampton Airport (SOU),Poole,27840,27937,SOU,,,,,,,,,,,,,,,,,
Sun,Southampton Airport (SOU),Portsmouth,27840,27792,SOU,,,,,,,,,,,,,,,,,
Sun,Southampton Airport (SOU),Ringwood,27840,27825,SOU,,,,,,,,,,,,,,,,,
Sun,Southampton Airport (SOU),Southampton,27840,27793,SOU,,,,,,,,,,,,,,,,,
Sun,Southampton Airport (SOU),Southampton Port,27840,27829,SOU,,,,,,,,,,,,,,,,,
Sun,Southampton Airport (SOU),Swindon,27840,27790,SOU,,,,,,,,,,,,,,,,,
Sun,Southampton Airport (SOU),Winchester,27840,27828,SOU,,,,,,,,,,,,,,,,,
Sun,Southampton Airport (SOU),Windsor,27840,28854,SOU,,,,,,,,,,,,,,,,,
Sun,Southampton Airport (SOU),Wokingham,27840,34207,SOU,,,,,,,,,,,,,,,,,
Sun,Southampton Airport (SOU),Yateley,27840,29332,SOU,,,,,,,,,,,,,,,,,
Sun,Split Airport,Gajac,23900,30541,SPU,,,,,,,,,,,,,,,,,
Sun,Split Airport,Gradac,23900,27504,SPU,,,,,,,,,,,,,,,,,
Sun,Split Airport,Ku?ine,23900,41185,SPU,,,,,,,,,,,,,,,,,
Sun,Split Airport,Lokva Rogoznica,23900,34367,SPU,,,,,,,,,,,,,,,,,
Sun,Split Airport,Mandre,23900,27609,SPU,,,,,,,,,,,,,,,,,
Sun,Split Airport,Mimice,23900,34585,SPU,,,,,,,,,,,,,,,,,
Sun,Split Airport,Mostar,23900,27922,SPU,,,,,,,,,,,,,,,,,
Sun,Split Airport,Mostar Airport,23900,44662,SPU,,,,,,,,,,,,,,,,,
Sun,Split Airport,Plano,23900,34899,SPU,,,,,,,,,,,,,,,,,
Sun,Split Airport,Podaca,23900,44432,SPU,,,,,,,,,,,,,,,,,
Sun,Split Airport,Sarajevo Airport,23900,27913,SPU,,,,,,,,,,,,,,,,,
Sun,Split Airport,Seget Vranjica,23900,34940,SPU,,,,,,,,,,,,,,,,,
Sun,Split Airport,Sevid,23900,30700,SPU,,,,,,,,,,,,,,,,,
Sun,Split Airport,Tribunj,23900,27610,SPU,,,,,,,,,,,,,,,,,
Sun,Split Airport,Trogir,23900,25047,SPU,,,,,,,,,,,,,,,,,
Sun,Split Airport,Vrboska,23900,35856,SPU,,,,,,,,,,,,,,,,,
Sun,Split Airport,Zagreb Airport,23900,25464,SPU,,,,,,,,,,,,,,,,,
Sun,St. Gallen Airport (ACH),Arosa,32807,23423,ACH,,,,,,,,,,,,,,,,,
Sun,St. Gallen Airport (ACH),Ascona,32807,32487,ACH,,,,,,,,,,,,,,,,,
Sun,St. Gallen Airport (ACH),Bregenz,32807,23425,ACH,,,,,,,,,,,,,,,,,
Sun,St. Gallen Airport (ACH),Burgdorf,32807,31181,ACH,,,,,,,,,,,,,,,,,
Sun,St. Gallen Airport (ACH),Champery,32807,10689,ACH,,,,,,,,,,,,,,,,,
Sun,St. Gallen Airport (ACH),Chur,32807,26545,ACH,,,,,,,,,,,,,,,,,
Sun,St. Gallen Airport (ACH),Davos,32807,23427,ACH,,,,,,,,,,,,,,,,,
Sun,St. Gallen Airport (ACH),Flims,32807,23430,ACH,,,,,,,,,,,,,,,,,
Sun,St. Gallen Airport (ACH),Fribourg,32807,32489,ACH,,,,,,,,,,,,,,,,,
Sun,St. Gallen Airport (ACH),Herisau,32807,35310,ACH,,,,,,,,,,,,,,,,,
Sun,St. Gallen Airport (ACH),Nyon,32807,23833,ACH,,,,,,,,,,,,,,,,,
Sun,St. Gallen Airport (ACH),Verbier,32807,20693,ACH,,,,,,,,,,,,,,,,,
Sun,Stockholm Arlanda Airport (ARN),Akersberga,23883,34766,ARN,,,,,,,,,,,,,,,,,
Sun,Stockholm Arlanda Airport (ARN),Dalarö,23883,27297,ARN,,,,,,,,,,,,,,,,,
Sun,Stockholm Arlanda Airport (ARN),Farsta,23883,32085,ARN,,,,,,,,,,,,,,,,,
Sun,Stockholm Arlanda Airport (ARN),Gavle,23883,34685,ARN,,,,,,,,,,,,,,,,,
Sun,Stockholm Arlanda Airport (ARN),Hammarby Sjöstad,23883,34771,ARN,,,,,,,,,,,,,,,,,
Sun,Strasbourg Airport,Basel Airport,22443,22446,SXB,,,,,,,,,,,,,,,,,
Sun,Strasbourg Airport,Colmar,22443,22447,SXB,,,,,,,,,,,,,,,,,
Sun,Strasbourg Airport,Durbach,22443,30789,SXB,,,,,,,,,,,,,,,,,
Sun,Strasbourg Airport,Frankfurt Am Main,22443,22448,SXB,,,,,,,,,,,,,,,,,
Sun,Strasbourg Airport,Freiburg Im Breisgau,22443,22449,SXB,,,,,,,,,,,,,,,,,
Sun,Strasbourg Airport,Gengenbach,22443,35047,SXB,,,,,,,,,,,,,,,,,
Sun,Strasbourg Airport,Karlsruhe,22443,22450,SXB,,,,,,,,,,,,,,,,,
Sun,Strasbourg Airport,Kehl,22443,34861,SXB,,,,,,,,,,,,,,,,,
Sun,Strasbourg Airport,Molsheim,22443,32098,SXB,,,,,,,,,,,,,,,,,
Sun,Strasbourg Airport,Mulhouse,22443,22452,SXB,,,,,,,,,,,,,,,,,
Sun,Strasbourg Airport,Nancy,22443,22453,SXB,,,,,,,,,,,,,,,,,
Sun,Strasbourg Airport,Obernai,22443,33530,SXB,,,,,,,,,,,,,,,,,
Sun,Strasbourg Airport,Strasbourg,22443,22455,SXB,,,,,,,,,,,,,,,,,
Sun,Stuttgart Airport,Aalen,24023,31632,STR,,,,,,,,,,,,,,,,,
Sun,Stuttgart Airport,Bietigheim-Bissingen,24023,32384,STR,,,,,,,,,,,,,,,,,
Sun,Stuttgart Airport,Ditzingen,24023,33396,STR,,,,,,,,,,,,,,,,,
Sun,Stuttgart Airport,Fellbach,24023,33714,STR,,,,,,,,,,,,,,,,,
Sun,Stuttgart Airport,Freudenstadt,24023,31635,STR,,,,,,,,,,,,,,,,,
Sun,Stuttgart Airport,Göppingen,24023,34398,STR,,,,,,,,,,,,,,,,,
Sun,Stuttgart Airport,Heidelberg,24023,23441,STR,,,,,,,,,,,,,,,,,
Sun,Stuttgart Airport,Karlsruhe,24023,22450,STR,,,,,,,,,,,,,,,,,
Sun,Stuttgart Airport,Metzingen,24023,32563,STR,,,,,,,,,,,,,,,,,
Sun,Stuttgart Airport,Strasbourg,24023,22455,STR,,,,,,,,,,,,,,,,,
Sun,Stuttgart Airport,Tuttlingen,24023,38443,STR,,,,,,,,,,,,,,,,,
Sun,Stuttgart Airport,Villingen-Schwenningen,24023,34409,STR,,,,,,,,,,,,,,,,,
Sun,Sunshine Coast Airport (MCY),Beerwah,43217,32351,MCY,,,,,,,,,,,,,,,,,
Sun,Sunshine Coast Airport (MCY),Caboolture,43217,31197,MCY,,,,,,,,,,,,,,,,,
Sun,Sydney Airport,Botany,28288,35167,SYD,,,,,,,,,,,,,,,,,
Sun,Sydney Airport,Bronte,28288,32293,SYD,,,,,,,,,,,,,,,,,
Sun,Sydney Airport,Burwood,28288,29748,SYD,,,,,,,,,,,,,,,,,
Sun,Sydney Airport,Curl Curl,28288,28940,SYD,,,,,,,,,,,,,,,,,
Sun,Sydney Airport,Dundas Valley,28288,29772,SYD,,,,,,,,,,,,,,,,,
Sun,Sydney Airport,Haberfield,28288,33320,SYD,,,,,,,,,,,,,,,,,
Sun,Sydney Airport,Ingleburn,28288,33838,SYD,,,,,,,,,,,,,,,,,
Sun,Sydney Airport,Kirribilli,28288,28980,SYD,,,,,,,,,,,,,,,,,
Sun,Sydney Airport,Lindfield,28288,29777,SYD,,,,,,,,,,,,,,,,,
Sun,Sydney Airport,Manly,28288,28969,SYD,,,,,,,,,,,,,,,,,
Sun,Sydney Airport,Mount Druitt,28288,32338,SYD,,,,,,,,,,,,,,,,,
Sun,Sydney Airport,Potts Point,28288,28981,SYD,,,,,,,,,,,,,,,,,
Sun,Sydney Airport,Rose Bay,28288,34783,SYD,,,,,,,,,,,,,,,,,
Sun,Sydney Airport,Rushcutters Bay,28288,28851,SYD,,,,,,,,,,,,,,,,,
Sun,Sydney Airport,Sydney Olympic Park,28288,34969,SYD,,,,,,,,,,,,,,,,,
Sun,Sydney Airport,Zetland,28288,28977,SYD,,,,,,,,,,,,,,,,,
Sun,Taiwan Taoyuan International Airport,Hsinchu City,31765,33394,TPE,,,,,,,,,,,,,,,,,
Sun,Taiwan Taoyuan International Airport,Taoyuan,31765,32372,TPE,,,,,,,,,,,,,,,,,
Sun,Tallinn Airport,Haapsalu,25328,26281,TLL,,,,,,,,,,,,,,,,,
Sun,Tallinn Airport,Käsmu,25328,35710,TLL,,,,,,,,,,,,,,,,,
Sun,Tallinn Airport,Kehtna,25328,26282,TLL,,,,,,,,,,,,,,,,,
Sun,Tallinn Airport,Kiviõli,25328,33898,TLL,,,,,,,,,,,,,,,,,
Sun,Tallinn Airport,Narva,25328,26284,TLL,,,,,,,,,,,,,,,,,
Sun,Tallinn Airport,Paldiski,25328,26286,TLL,,,,,,,,,,,,,,,,,
Sun,Tallinn Airport,Pärnu,25328,26279,TLL,,,,,,,,,,,,,,,,,
Sun,Tallinn Airport,Pihva,25328,37989,TLL,,,,,,,,,,,,,,,,,
Sun,Tallinn Airport,Tallinn,25328,26278,TLL,,,,,,,,,,,,,,,,,
Sun,Tallinn Airport,Tartu,25328,26280,TLL,,,,,,,,,,,,,,,,,
Sun,Tallinn Airport,Viljandi,25328,26287,TLL,,,,,,,,,,,,,,,,,
Sun,Tampa International Airport (TPA),Fort Myers,44499,29515,TPA,,,,,,,,,,,,,,,,,
Sun,Tampa International Airport (TPA),Jacksonville,44499,29688,TPA,,,,,,,,,,,,,,,,,
Sun,Tampa International Airport (TPA),Kissimmee,44499,27854,TPA,,,,,,,,,,,,,,,,,
Sun,Tampa International Airport (TPA),Lakeland,44499,35677,TPA,,,,,,,,,,,,,,,,,
Sun,Tampa International Airport (TPA),Ocala,44499,36318,TPA,,,,,,,,,,,,,,,,,
Sun,Tampa International Airport (TPA),Port St. Lucie,44499,32765,TPA,,,,,,,,,,,,,,,,,
Sun,Tampa International Airport (TPA),Sarasota,44499,35252,TPA,,,,,,,,,,,,,,,,,
Sun,Tampa International Airport (TPA),St. Petersburg (Florida),44499,37777,TPA,,,,,,,,,,,,,,,,,
Sun,Tampa International Airport (TPA),Venice (Florida),44499,35443,TPA,,,,,,,,,,,,,,,,,
Sun,Tangier Airport (TNG),Asilah,21456,21457,TNG,,,,,,,,,,,,,,,,,
Sun,Tangier Airport (TNG),Beni-Mellal,21456,35161,TNG,,,,,,,,,,,,,,,,,
Sun,Tangier Airport (TNG),Casablanca,21456,22357,TNG,,,,,,,,,,,,,,,,,
Sun,Tangier Airport (TNG),Ceuta,21456,31921,TNG,,,,,,,,,,,,,,,,,
Sun,Tangier Airport (TNG),Chefchaouen,21456,21444,TNG,,,,,,,,,,,,,,,,,
Sun,Tangier Airport (TNG),El Jadida,21456,21438,TNG,,,,,,,,,,,,,,,,,
Sun,Tangier Airport (TNG),Kenitra,21456,27050,TNG,,,,,,,,,,,,,,,,,
Sun,Tangier Airport (TNG),Khouribga,21456,33311,TNG,,,,,,,,,,,,,,,,,
Sun,Tangier Airport (TNG),M'diq,21456,38607,TNG,,,,,,,,,,,,,,,,,
Sun,Tangier Airport (TNG),Martil,21456,29697,TNG,,,,,,,,,,,,,,,,,
Sun,Tangier Airport (TNG),Meknes,21456,21440,TNG,,,,,,,,,,,,,,,,,
Sun,Tangier Airport (TNG),Oujda,21456,29672,TNG,,,,,,,,,,,,,,,,,
Sun,Tangier Airport (TNG),Rabat,21456,10954,TNG,,,,,,,,,,,,,,,,,
Sun,Tangier Airport (TNG),Safi (Morocco),21456,29693,TNG,,,,,,,,,,,,,,,,,
Sun,Tangier Airport (TNG),Tangier,21456,21442,TNG,,,,,,,,,,,,,,,,,
Sun,Tangier Airport (TNG),Taza,21456,35562,TNG,,,,,,,,,,,,,,,,,
Sun,Tangier Airport (TNG),Tétouan,21456,21458,TNG,,,,,,,,,,,,,,,,,
Sun,Targu Mures Airport (TGM),Baia Mare,30459,29907,TGM,,,,,,,,,,,,,,,,,
Sun,Targu Mures Airport (TGM),Brasov,30459,26237,TGM,,,,,,,,,,,,,,,,,
Sun,Targu Mures Airport (TGM),Cluj-Napoca,30459,26229,TGM,,,,,,,,,,,,,,,,,
Sun,Targu Mures Airport (TGM),Deva,30459,29913,TGM,,,,,,,,,,,,,,,,,
Sun,Targu Mures Airport (TGM),Oradea,30459,29909,TGM,,,,,,,,,,,,,,,,,
Sun,Targu Mures Airport (TGM),Reghin,30459,35723,TGM,,,,,,,,,,,,,,,,,
Sun,Targu Mures Airport (TGM),Sovata,30459,31294,TGM,,,,,,,,,,,,,,,,,
Sun,Targu Mures Airport (TGM),Târgu Mures,30459,29910,TGM,,,,,,,,,,,,,,,,,
Sun,Tbilisi Airport,Akhalkalaki,33657,36554,TBS,,,,,,,,,,,,,,,,,
Sun,Tbilisi Airport,Akhaltsikhe,33657,36555,TBS,,,,,,,,,,,,,,,,,
Sun,Tbilisi Airport,Borjomi,33657,36553,TBS,,,,,,,,,,,,,,,,,
Sun,Tbilisi Airport,Gori,33657,36552,TBS,,,,,,,,,,,,,,,,,
Sun,Tbilisi Airport,Gudauri,33657,36478,TBS,,,,,,,,,,,,,,,,,
Sun,Tbilisi Airport,Kutaisi,33657,35005,TBS,,,,,,,,,,,,,,,,,
Sun,Tbilisi Airport,Kvareli,33657,36548,TBS,,,,,,,,,,,,,,,,,
Sun,Tbilisi Airport,Mestia,33657,36549,TBS,,,,,,,,,,,,,,,,,
Sun,Tbilisi Airport,Sighnaghi,33657,35897,TBS,,,,,,,,,,,,,,,,,
Sun,Tbilisi Airport,Telavi,33657,36547,TBS,,,,,,,,,,,,,,,,,
Sun,Tbilisi Airport,Zugdidi,33657,36550,TBS,,,,,,,,,,,,,,,,,
Sun,Tel Aviv Airport,Acre,29496,29522,TLV,,,,,,,,,,,,,,,,,
Sun,Tel Aviv Airport,Afula,29496,29520,TLV,,,,,,,,,,,,,,,,,
Sun,Tel Aviv Airport,Arad (Israel),29496,29525,TLV,,,,,,,,,,,,,,,,,
Sun,Tel Aviv Airport,Ashdod,29496,29510,TLV,,,,,,,,,,,,,,,,,
Sun,Tel Aviv Airport,Ashkelon,29496,29511,TLV,,,,,,,,,,,,,,,,,
Sun,Tel Aviv Airport,Beersheba,29496,29513,TLV,,,,,,,,,,,,,,,,,
Sun,Tel Aviv Airport,Caesarea,29496,29514,TLV,,,,,,,,,,,,,,,,,
Sun,Tel Aviv Airport,Eilat,29496,29527,TLV,,,,,,,,,,,,,,,,,
Sun,Tel Aviv Airport,Haifa,29496,29509,TLV,,,,,,,,,,,,,,,,,
Sun,Tel Aviv Airport,Herzliya,29496,29508,TLV,,,,,,,,,,,,,,,,,
Sun,Tel Aviv Airport,Holon,29496,34906,TLV,,,,,,,,,,,,,,,,,
Sun,Tel Aviv Airport,Jerusalem,29496,29507,TLV,,,,,,,,,,,,,,,,,
Sun,Tel Aviv Airport,Karmiel,29496,29523,TLV,,,,,,,,,,,,,,,,,
Sun,Tel Aviv Airport,Mashabei Sadeh,29496,37920,TLV,,,,,,,,,,,,,,,,,
Sun,Tel Aviv Airport,Mitzpe Ramon,29496,29526,TLV,,,,,,,,,,,,,,,,,
Sun,Tel Aviv Airport,Nahariya,29496,29518,TLV,,,,,,,,,,,,,,,,,
Sun,Tel Aviv Airport,Nazareth,29496,29519,TLV,,,,,,,,,,,,,,,,,
Sun,Tel Aviv Airport,Netanya,29496,29517,TLV,,,,,,,,,,,,,,,,,
Sun,Tel Aviv Airport,Ramat Gan,29496,34157,TLV,,,,,,,,,,,,,,,,,
Sun,Tel Aviv Airport,Rehovot,29496,29776,TLV,,,,,,,,,,,,,,,,,
Sun,Tel Aviv Airport,Safed,29496,29524,TLV,,,,,,,,,,,,,,,,,
Sun,Tel Aviv Airport,Tiberias,29496,29521,TLV,,,,,,,,,,,,,,,,,
Sun,Tel Aviv Airport,Zikhron Ya'akov,29496,29516,TLV,,,,,,,,,,,,,,,,,
Sun,Tenerife North Airport,Abama,22880,22881,TFN,,,,,,,,,,,,,,,,,
Sun,Tenerife North Airport,Adeje,22880,22883,TFN,,,,,,,,,,,,,,,,,
Sun,Tenerife North Airport,Alcalá,22880,22884,TFN,,,,,,,,,,,,,,,,,
Sun,Tenerife North Airport,Callao Salvaje,22880,22890,TFN,,,,,,,,,,,,,,,,,
Sun,Tenerife North Airport,Costa Adeje,22880,22893,TFN,,,,,,,,,,,,,,,,,
Sun,Tenerife North Airport,El Médano,22880,22896,TFN,,,,,,,,,,,,,,,,,
Sun,Tenerife North Airport,El Sauzal,22880,22897,TFN,,,,,,,,,,,,,,,,,
Sun,Tenerife North Airport,Garachico,22880,22899,TFN,,,,,,,,,,,,,,,,,
Sun,Tenerife North Airport,Golf Del Sur,22880,22901,TFN,,,,,,,,,,,,,,,,,
Sun,Tenerife North Airport,Guía De Isora,22880,22903,TFN,,,,,,,,,,,,,,,,,
Sun,Tenerife North Airport,La Orotava,22880,22906,TFN,,,,,,,,,,,,,,,,,
Sun,Tenerife North Airport,Los Abrigos,22880,22895,TFN,,,,,,,,,,,,,,,,,
Sun,Tenerife North Airport,Los Cristianos,22880,22909,TFN,,,,,,,,,,,,,,,,,
Sun,Tenerife North Airport,Los Realejos,22880,22910,TFN,,,,,,,,,,,,,,,,,
Sun,Tenerife North Airport,Mesa Del Mar,22880,38565,TFN,,,,,,,,,,,,,,,,,
Sun,Tenerife North Airport,Playa De Las Américas,22880,22914,TFN,,,,,,,,,,,,,,,,,
Sun,Tenerife North Airport,Playa Del Duque,22880,22915,TFN,,,,,,,,,,,,,,,,,
Sun,Tenerife North Airport,Playa Paraíso,22880,22916,TFN,,,,,,,,,,,,,,,,,
Sun,Tenerife North Airport,Puerto De La Cruz,22880,22918,TFN,,,,,,,,,,,,,,,,,
Sun,Tenerife North Airport,Puerto De Santiago,22880,22919,TFN,,,,,,,,,,,,,,,,,
Sun,Tenerife North Airport,San Andres,22880,22948,TFN,,,,,,,,,,,,,,,,,
Sun,Tenerife North Airport,Santa Cruz De Tenerife,22880,22923,TFN,,,,,,,,,,,,,,,,,
Sun,Tenerife South Airport,Abama,22929,22881,TFS,,,,,,,,,,,,,,,,,
Sun,Tenerife South Airport,Adeje,22929,22883,TFS,,,,,,,,,,,,,,,,,
Sun,Tenerife South Airport,Alcalá,22929,22884,TFS,,,,,,,,,,,,,,,,,
Sun,Tenerife South Airport,Bahía Príncipe Tenerife,22929,22931,TFS,,,,,,,,,,,,,,,,,
Sun,Tenerife South Airport,Callao Salvaje,22929,22890,TFS,,,,,,,,,,,,,,,,,
Sun,Tenerife South Airport,Chayofa,22929,22892,TFS,,,,,,,,,,,,,,,,,
Sun,Tenerife South Airport,Costa Adeje,22929,22893,TFS,,,,,,,,,,,,,,,,,
Sun,Tenerife South Airport,Costa Del Silencio,22929,22894,TFS,,,,,,,,,,,,,,,,,
Sun,Tenerife South Airport,El Médano,22929,22896,TFS,,,,,,,,,,,,,,,,,
Sun,Tenerife South Airport,Fanabe,22929,22898,TFS,,,,,,,,,,,,,,,,,
Sun,Tenerife South Airport,Golf Del Sur,22929,22901,TFS,,,,,,,,,,,,,,,,,
Sun,Tenerife South Airport,Guía De Isora,22929,22903,TFS,,,,,,,,,,,,,,,,,
Sun,Tenerife South Airport,Las Caletillas,22929,22907,TFS,,,,,,,,,,,,,,,,,
Sun,Tenerife South Airport,Los Cristianos,22929,22909,TFS,,,,,,,,,,,,,,,,,
Sun,Tenerife South Airport,Playa De La Arena,22929,22913,TFS,,,,,,,,,,,,,,,,,
Sun,Tenerife South Airport,Playa De Las Américas,22929,22914,TFS,,,,,,,,,,,,,,,,,
Sun,Tenerife South Airport,Playa Paraíso,22929,22916,TFS,,,,,,,,,,,,,,,,,
Sun,Tenerife South Airport,Puerto De La Cruz,22929,22918,TFS,,,,,,,,,,,,,,,,,
Sun,Tenerife South Airport,Puerto De Los Cristianos,22929,22943,TFS,,,,,,,,,,,,,,,,,
Sun,Tenerife South Airport,Puerto De Santiago,22929,22919,TFS,,,,,,,,,,,,,,,,,
Sun,Tenerife South Airport,San Eugenio,22929,23765,TFS,,,,,,,,,,,,,,,,,
Sun,Tenerife South Airport,Santa Cruz De Tenerife,22929,22923,TFS,,,,,,,,,,,,,,,,,
Sun,Tenerife South Airport,Santa Úrsula,22929,22924,TFS,,,,,,,,,,,,,,,,,
Sun,Tenerife South Airport,Santiago Del Teide,22929,22953,TFS,,,,,,,,,,,,,,,,,
Sun,Tenerife South Airport,Tenerife North Airport,22929,22880,TFS,,,,,,,,,,,,,,,,,
Sun,Tenerife South Airport,Torviscas,22929,22926,TFS,,,,,,,,,,,,,,,,,
Sun,Thessaloniki Airport,Afytos,23773,25360,SKG,,,,,,,,,,,,,,,,,
Sun,Thessaloniki Airport,Bansko,23773,22087,SKG,,,,,,,,,,,,,,,,,
Sun,Thessaloniki Airport,Flogita,23773,30964,SKG,,,,,,,,,,,,,,,,,
Sun,Thessaloniki Airport,Gerakini,23773,27225,SKG,,,,,,,,,,,,,,,,,
Sun,Thessaloniki Airport,Kavala,23773,25369,SKG,,,,,,,,,,,,,,,,,
Sun,Thessaloniki Airport,Leptokarya,23773,25371,SKG,,,,,,,,,,,,,,,,,
Sun,Thessaloniki Airport,Nea Kallikrateia,23773,25376,SKG,,,,,,,,,,,,,,,,,
Sun,Thessaloniki Airport,Nea Poteidaia,23773,25379,SKG,,,,,,,,,,,,,,,,,
Sun,Thessaloniki Airport,Paralia (Katerini),23773,27363,SKG,,,,,,,,,,,,,,,,,
Sun,Thessaloniki Airport,Porto Carras Meliton,23773,25373,SKG,,,,,,,,,,,,,,,,,
Sun,Thessaloniki Airport,Sarti,23773,25389,SKG,,,,,,,,,,,,,,,,,
Sun,Thessaloniki Airport,Siviri,23773,25390,SKG,,,,,,,,,,,,,,,,,
Sun,Thessaloniki Airport,Skopje,23773,30481,SKG,,,,,,,,,,,,,,,,,
Sun,Thessaloniki Airport,Sofia Airport,23773,22063,SKG,,,,,,,,,,,,,,,,,
Sun,Thessaloniki Airport,Volos Port,23773,44105,SKG,,,,,,,,,,,,,,,,,
Sun,Thessaloniki Airport,Vourvourou,23773,27051,SKG,,,,,,,,,,,,,,,,,
Sun,Tianjin Airport (TSN),Beijing Capital Airport,38874,29568,TSN,,,,,,,,,,,,,,,,,
Sun,Tianjin Airport (TSN),Putuo (Shanghai City Centre),38874,32047,TSN,,,,,,,,,,,,,,,,,
Sun,Timisoara Airport,Baile Herculane,34353,34623,TSR,,,,,,,,,,,,,,,,,
Sun,Timisoara Airport,Cluj-Napoca,34353,26229,TSR,,,,,,,,,,,,,,,,,
Sun,Timisoara Airport,Craiova,34353,26226,TSR,,,,,,,,,,,,,,,,,
Sun,Timisoara Airport,Deva,34353,29913,TSR,,,,,,,,,,,,,,,,,
Sun,Timisoara Airport,Gyula,34353,34625,TSR,,,,,,,,,,,,,,,,,
Sun,Timisoara Airport,Lugoj,34353,34441,TSR,,,,,,,,,,,,,,,,,
Sun,Timisoara Airport,Oradea,34353,29909,TSR,,,,,,,,,,,,,,,,,
Sun,Timisoara Airport,Resita,34353,34442,TSR,,,,,,,,,,,,,,,,,
Sun,Timisoara Airport,Simeria,34353,35033,TSR,,,,,,,,,,,,,,,,,
Sun,Timisoara Airport,Veszprém,34353,36333,TSR,,,,,,,,,,,,,,,,,
Sun,Tirana Airport,Bar,31476,30436,TIA,,,,,,,,,,,,,,,,,
Sun,Tirana Airport,Berat,31476,36115,TIA,,,,,,,,,,,,,,,,,
Sun,Tirana Airport,Borsh,31476,36097,TIA,,,,,,,,,,,,,,,,,
Sun,Tirana Airport,Durres,31476,31541,TIA,,,,,,,,,,,,,,,,,
Sun,Tirana Airport,Himarë,31476,36096,TIA,,,,,,,,,,,,,,,,,
Sun,Tirana Airport,Korce,31476,31543,TIA,,,,,,,,,,,,,,,,,
Sun,Tirana Airport,Kotor,31476,26322,TIA,,,,,,,,,,,,,,,,,
Sun,Tirana Airport,Krüje,31476,36103,TIA,,,,,,,,,,,,,,,,,
Sun,Tirana Airport,Ksamil,31476,36019,TIA,,,,,,,,,,,,,,,,,
Sun,Tirana Airport,Lezhë,31476,36106,TIA,,,,,,,,,,,,,,,,,
Sun,Tirana Airport,Ohrid,31476,30482,TIA,,,,,,,,,,,,,,,,,
Sun,Tirana Airport,Podgorica Airport,31476,30435,TIA,,,,,,,,,,,,,,,,,
Sun,Tirana Airport,Sarandë,31476,31545,TIA,,,,,,,,,,,,,,,,,
Sun,Tirana Airport,Shëngjin,31476,36104,TIA,,,,,,,,,,,,,,,,,
Sun,Tirana Airport,Shkodër,31476,31542,TIA,,,,,,,,,,,,,,,,,
Sun,Tirana Airport,Skopje,31476,30481,TIA,,,,,,,,,,,,,,,,,
Sun,Tirana Airport,Struga,31476,30483,TIA,,,,,,,,,,,,,,,,,
Sun,Tirana Airport,Theth,31476,36109,TIA,,,,,,,,,,,,,,,,,
Sun,Tirana Airport,Tirana,31476,30485,TIA,,,,,,,,,,,,,,,,,
Sun,Tirana Airport,Ulcinj,31476,35321,TIA,,,,,,,,,,,,,,,,,
Sun,Tirana Airport,Velipojë,31476,36107,TIA,,,,,,,,,,,,,,,,,
Sun,Tirana Airport,Vlorë,31476,31544,TIA,,,,,,,,,,,,,,,,,
Sun,Tivat Airport,Bar,30434,30436,TIV,,,,,,,,,,,,,,,,,
Sun,Tivat Airport,Be?i?i,30434,27435,TIV,,,,,,,,,,,,,,,,,
Sun,Tivat Airport,Cetinje,30434,35469,TIV,,,,,,,,,,,,,,,,,
Sun,Tivat Airport,Dobrota,30434,35448,TIV,,,,,,,,,,,,,,,,,
Sun,Tivat Airport,Kotor,30434,26322,TIV,,,,,,,,,,,,,,,,,
Sun,Tivat Airport,Kumbor,30434,44365,TIV,,,,,,,,,,,,,,,,,
Sun,Tivat Airport,Pr?anj,30434,38478,TIV,,,,,,,,,,,,,,,,,
Sun,Tivat Airport,Risan,30434,37587,TIV,,,,,,,,,,,,,,,,,
Sun,Tivat Airport,Sutomore,30434,35849,TIV,,,,,,,,,,,,,,,,,
Sun,Tivat Airport,Ulcinj,30434,35321,TIV,,,,,,,,,,,,,,,,,
Sun,Toluca Airport,Contepec,28409,29359,TLC,,,,,,,,,,,,,,,,,
Sun,Toluca Airport,Jesús Del Monte,28409,29075,TLC,,,,,,,,,,,,,,,,,
Sun,Toluca Airport,Mexico City Centre,28409,26546,TLC,,,,,,,,,,,,,,,,,
Sun,Toronto Pearson Airport,Brampton,43357,29531,YYZ,,,,,,,,,,,,,,,,,
Sun,Toronto Pearson Airport,Peterborough,43357,27872,YYZ,,,,,,,,,,,,,,,,,
Sun,Toronto Pearson Airport,Toronto,43357,32033,YYZ,,,,,,,,,,,,,,,,,
Sun,Toulon Airport (TLN),Aubagne,23897,29183,TLN,,,,,,,,,,,,,,,,,
Sun,Toulon Airport (TLN),Bandol,23897,21708,TLN,,,,,,,,,,,,,,,,,
Sun,Toulon Airport (TLN),Bormes-Les-Mimosas,23897,22367,TLN,,,,,,,,,,,,,,,,,
Sun,Toulon Airport (TLN),Brignoles,23897,27480,TLN,,,,,,,,,,,,,,,,,
Sun,Toulon Airport (TLN),Camping Esterel Caravaning,23897,28737,TLN,,,,,,,,,,,,,,,,,
Sun,Toulon Airport (TLN),Camping Holiday Green,23897,28756,TLN,,,,,,,,,,,,,,,,,
Sun,Toulon Airport (TLN),Camping Pachacaid Village,23897,28738,TLN,,,,,,,,,,,,,,,,,
Sun,Toulon Airport (TLN),Gassin,23897,23281,TLN,,,,,,,,,,,,,,,,,
Sun,Toulon Airport (TLN),La Ciotat,23897,21713,TLN,,,,,,,,,,,,,,,,,
Sun,Toulon Airport (TLN),La Garde,23897,31807,TLN,,,,,,,,,,,,,,,,,
Sun,Toulon Airport (TLN),Le Lavandou,23897,21715,TLN,,,,,,,,,,,,,,,,,
Sun,Toulon Airport (TLN),Les Arcs,23897,25234,TLN,,,,,,,,,,,,,,,,,
Sun,Toulon Airport (TLN),Lorgues,23897,27408,TLN,,,,,,,,,,,,,,,,,
Sun,Toulon Airport (TLN),Ramatuelle,23897,30353,TLN,,,,,,,,,,,,,,,,,
Sun,Toulon Airport (TLN),Toulon,23897,10846,TLN,,,,,,,,,,,,,,,,,
Sun,Toulouse Airport,Agen,21704,23107,TLS,,,,,,,,,,,,,,,,,
Sun,Toulouse Airport,Albi,21704,22334,TLS,,,,,,,,,,,,,,,,,
Sun,Toulouse Airport,Argeles-Gazost,21704,27077,TLS,,,,,,,,,,,,,,,,,
Sun,Toulouse Airport,Argens Minervois,21704,23155,TLS,,,,,,,,,,,,,,,,,
Sun,Toulouse Airport,Arinsal (Andorra),21704,10075,TLS,,,,,,,,,,,,,,,,,
Sun,Toulouse Airport,Auch,21704,23112,TLS,,,,,,,,,,,,,,,,,
Sun,Toulouse Airport,Avène,21704,35049,TLS,,,,,,,,,,,,,,,,,
Sun,Toulouse Airport,Avignonet-Lauragais,21704,33965,TLS,,,,,,,,,,,,,,,,,
Sun,Toulouse Airport,Bagneres De Luchon,21704,23160,TLS,,,,,,,,,,,,,,,,,
Sun,Toulouse Airport,Cahors,21704,23151,TLS,,,,,,,,,,,,,,,,,
Sun,Toulouse Airport,Camping Domaine D'arnauteille,21704,35392,TLS,,,,,,,,,,,,,,,,,
Sun,Toulouse Airport,Carcassonne Airport,21704,21696,TLS,,,,,,,,,,,,,,,,,
Sun,Toulouse Airport,Castelnaudary,21704,21698,TLS,,,,,,,,,,,,,,,,,
Sun,Toulouse Airport,Castelsagrat,21704,34299,TLS,,,,,,,,,,,,,,,,,
Sun,Toulouse Airport,Castelsarrasin,21704,33059,TLS,,,,,,,,,,,,,,,,,
Sun,Toulouse Airport,Castres,21704,21699,TLS,,,,,,,,,,,,,,,,,
Sun,Toulouse Airport,Caylus,21704,27371,TLS,,,,,,,,,,,,,,,,,
Sun,Toulouse Airport,Cierp-Gaud,21704,36301,TLS,,,,,,,,,,,,,,,,,
Sun,Toulouse Airport,Foix,21704,23152,TLS,,,,,,,,,,,,,,,,,
Sun,Toulouse Airport,Ginestas,21704,22337,TLS,,,,,,,,,,,,,,,,,
Sun,Toulouse Airport,Homps,21704,21700,TLS,,,,,,,,,,,,,,,,,
Sun,Toulouse Airport,Labege,21704,29852,TLS,,,,,,,,,,,,,,,,,
Sun,Toulouse Airport,Le Somail,21704,23192,TLS,,,,,,,,,,,,,,,,,
Sun,Toulouse Airport,Lectoure,21704,22495,TLS,,,,,,,,,,,,,,,,,
Sun,Toulouse Airport,Limoux,21704,21701,TLS,,,,,,,,,,,,,,,,,
Sun,Toulouse Airport,Lisle-Sur-Tarn,21704,34962,TLS,,,,,,,,,,,,,,,,,
Sun,Toulouse Airport,Lourdes,21704,23126,TLS,,,,,,,,,,,,,,,,,
Sun,Toulouse Airport,Mauvezin,21704,30638,TLS,,,,,,,,,,,,,,,,,
Sun,Toulouse Airport,Mirepoix,21704,24952,TLS,,,,,,,,,,,,,,,,,
Sun,Toulouse Airport,Montaigu-De-Quercy,21704,27544,TLS,,,,,,,,,,,,,,,,,
Sun,Toulouse Airport,Montauban,21704,23153,TLS,,,,,,,,,,,,,,,,,
Sun,Toulouse Airport,Narbonne,21704,21680,TLS,,,,,,,,,,,,,,,,,
Sun,Toulouse Airport,Olonzac,21704,22555,TLS,,,,,,,,,,,,,,,,,
Sun,Toulouse Airport,Pamiers,21704,27496,TLS,,,,,,,,,,,,,,,,,
Sun,Toulouse Airport,Pas De La Casa (Andorra),21704,10120,TLS,,,,,,,,,,,,,,,,,
Sun,Toulouse Airport,Pau,21704,23136,TLS,,,,,,,,,,,,,,,,,
Sun,Toulouse Airport,Pessan,21704,33619,TLS,,,,,,,,,,,,,,,,,
Sun,Toulouse Airport,Quillan,21704,21703,TLS,,,,,,,,,,,,,,,,,
Sun,Toulouse Airport,Rodez,21704,29927,TLS,,,,,,,,,,,,,,,,,
Sun,Toulouse Airport,Seissan,21704,35100,TLS,,,,,,,,,,,,,,,,,
Sun,Toulouse Airport,Soldeu (Andorra),21704,10499,TLS,,,,,,,,,,,,,,,,,
Sun,Toulouse Airport,Souillac,21704,27180,TLS,,,,,,,,,,,,,,,,,
Sun,Toulouse Airport,Trebes,21704,22339,TLS,,,,,,,,,,,,,,,,,
Sun,Toulouse Airport,Vielha,21704,20991,TLS,,,,,,,,,,,,,,,,,
Sun,Tours Val De Loire Airport (TUF),Amboise,31202,31208,TUF,,,,,,,,,,,,,,,,,
Sun,Tours Val De Loire Airport (TUF),Bagnolet,31202,21935,TUF,,,,,,,,,,,,,,,,,
Sun,Tours Val De Loire Airport (TUF),Bobigny,31202,21936,TUF,,,,,,,,,,,,,,,,,
Sun,Tours Val De Loire Airport (TUF),Élancourt,31202,27622,TUF,,,,,,,,,,,,,,,,,
Sun,Tours Val De Loire Airport (TUF),Emerainville,31202,35408,TUF,,,,,,,,,,,,,,,,,
Sun,Tours Val De Loire Airport (TUF),Ermont,31202,23422,TUF,,,,,,,,,,,,,,,,,
Sun,Tours Val De Loire Airport (TUF),Fontenay-Sous-Bois,31202,26726,TUF,,,,,,,,,,,,,,,,,
Sun,Tours Val De Loire Airport (TUF),Guyancourt,31202,36381,TUF,,,,,,,,,,,,,,,,,
Sun,Tours Val De Loire Airport (TUF),Herblay,31202,34474,TUF,,,,,,,,,,,,,,,,,
Sun,Tours Val De Loire Airport (TUF),Houilles,31202,28877,TUF,,,,,,,,,,,,,,,,,
Sun,Tours Val De Loire Airport (TUF),Issy-Les-Moulineaux,31202,21948,TUF,,,,,,,,,,,,,,,,,
Sun,Tours Val De Loire Airport (TUF),Ivry-Sur-Seine,31202,27933,TUF,,,,,,,,,,,,,,,,,
Sun,Tours Val De Loire Airport (TUF),Jossigny,31202,34060,TUF,,,,,,,,,,,,,,,,,
Sun,Tours Val De Loire Airport (TUF),Jouy-En-Josas,31202,23790,TUF,,,,,,,,,,,,,,,,,
Sun,Tours Val De Loire Airport (TUF),Meaux,31202,28578,TUF,,,,,,,,,,,,,,,,,
Sun,Tours Val De Loire Airport (TUF),Montrouge,31202,24352,TUF,,,,,,,,,,,,,,,,,
Sun,Tours Val De Loire Airport (TUF),Orly,31202,41206,TUF,,,,,,,,,,,,,,,,,
Sun,Tours Val De Loire Airport (TUF),Paris Charles De Gaulle Airport,31202,10626,TUF,,,,,,,,,,,,,,,,,
Sun,Tours Val De Loire Airport (TUF),Rueil-Malmaison,31202,21958,TUF,,,,,,,,,,,,,,,,,
Sun,Tours Val De Loire Airport (TUF),Vanves,31202,43615,TUF,,,,,,,,,,,,,,,,,
Sun,Tours Val De Loire Airport (TUF),Villejuif,31202,22557,TUF,,,,,,,,,,,,,,,,,
Sun,Trabzon Airport,Akçaabat,34178,38530,TZX,,,,,,,,,,,,,,,,,
Sun,Trapani Airport,Agrigento,21651,21663,TPS,,,,,,,,,,,,,,,,,
Sun,Trapani Airport,Alcamo,21651,21659,TPS,,,,,,,,,,,,,,,,,
Sun,Trapani Airport,Balestrate,21651,22319,TPS,,,,,,,,,,,,,,,,,
Sun,Trapani Airport,Caltanissetta,21651,21668,TPS,,,,,,,,,,,,,,,,,
Sun,Trapani Airport,Camping Village El-Bahira,21651,28678,TPS,,,,,,,,,,,,,,,,,
Sun,Trapani Airport,Castellammare Del Golfo,21651,21658,TPS,,,,,,,,,,,,,,,,,
Sun,Trapani Airport,Castelvetrano,21651,21657,TPS,,,,,,,,,,,,,,,,,
Sun,Trapani Airport,Cefalu,21651,21664,TPS,,,,,,,,,,,,,,,,,
Sun,Trapani Airport,Cinisi,21651,27451,TPS,,,,,,,,,,,,,,,,,
Sun,Trapani Airport,Fontanasalsa,21651,41320,TPS,,,,,,,,,,,,,,,,,
Sun,Trapani Airport,Isola Delle Femmine,21651,29967,TPS,,,,,,,,,,,,,,,,,
Sun,Trapani Airport,Marina Di Ragusa,21651,25000,TPS,,,,,,,,,,,,,,,,,
Sun,Trapani Airport,Marsala,21651,21654,TPS,,,,,,,,,,,,,,,,,
Sun,Trapani Airport,Mazara Del Vallo,21651,21655,TPS,,,,,,,,,,,,,,,,,
Sun,Trapani Airport,Milazzo,21651,22329,TPS,,,,,,,,,,,,,,,,,
Sun,Trapani Airport,Mondello,21651,22493,TPS,,,,,,,,,,,,,,,,,
Sun,Trapani Airport,Nubia,21651,22301,TPS,,,,,,,,,,,,,,,,,
Sun,Trapani Airport,Paceco,21651,26779,TPS,,,,,,,,,,,,,,,,,
Sun,Trapani Airport,Partinico,21651,31805,TPS,,,,,,,,,,,,,,,,,
Sun,Trapani Airport,Petrosino,21651,27056,TPS,,,,,,,,,,,,,,,,,
Sun,Trapani Airport,Rilievo,21651,24949,TPS,,,,,,,,,,,,,,,,,
Sun,Trapani Airport,San Vito Lo Capo,21651,21662,TPS,,,,,,,,,,,,,,,,,
Sun,Trapani Airport,Sciacca,21651,22222,TPS,,,,,,,,,,,,,,,,,
Sun,Trapani Airport,Taormina,21651,21669,TPS,,,,,,,,,,,,,,,,,
Sun,Trapani Airport,Trappeto,21651,25457,TPS,,,,,,,,,,,,,,,,,
Sun,Trapani Airport,Valderice,21651,22318,TPS,,,,,,,,,,,,,,,,,
Sun,Trieste Airport,Basovizza,21637,32771,TRS,,,,,,,,,,,,,,,,,
Sun,Trieste Airport,Bibione,21637,21574,TRS,,,,,,,,,,,,,,,,,
Sun,Trieste Airport,Bled,21637,25340,TRS,,,,,,,,,,,,,,,,,
Sun,Trieste Airport,Gorizia,21637,21594,TRS,,,,,,,,,,,,,,,,,
Sun,Trieste Airport,Gradisca D'isonzo,21637,34749,TRS,,,,,,,,,,,,,,,,,
Sun,Trieste Airport,Grado,21637,21595,TRS,,,,,,,,,,,,,,,,,
Sun,Trieste Airport,Izola,21637,25650,TRS,,,,,,,,,,,,,,,,,
Sun,Trieste Airport,Koper,21637,25356,TRS,,,,,,,,,,,,,,,,,
Sun,Trieste Airport,Lignano Sabbiadoro,21637,34570,TRS,,,,,,,,,,,,,,,,,
Sun,Trieste Airport,Ljubljana,21637,25337,TRS,,,,,,,,,,,,,,,,,
Sun,Trieste Airport,Ljubljana Airport,21637,25323,TRS,,,,,,,,,,,,,,,,,
Sun,Trieste Airport,Monfalcone,21637,25651,TRS,,,,,,,,,,,,,,,,,
Sun,Trieste Airport,Muggia,21637,25652,TRS,,,,,,,,,,,,,,,,,
Sun,Trieste Airport,Nova Gorica,21637,25353,TRS,,,,,,,,,,,,,,,,,
Sun,Trieste Airport,Piran,21637,25345,TRS,,,,,,,,,,,,,,,,,
Sun,Trieste Airport,Rijeka,21637,25053,TRS,,,,,,,,,,,,,,,,,
Sun,Trieste Airport,Rovinj,21637,25348,TRS,,,,,,,,,,,,,,,,,
Sun,Trieste Airport,Sežana,21637,39176,TRS,,,,,,,,,,,,,,,,,
Sun,Trieste Airport,Tolmin,21637,34200,TRS,,,,,,,,,,,,,,,,,
Sun,Trieste Airport,Trieste,21637,21636,TRS,,,,,,,,,,,,,,,,,
Sun,Trieste Airport,Udine,21637,21638,TRS,,,,,,,,,,,,,,,,,
Sun,Trieste Airport,Umag,21637,25357,TRS,,,,,,,,,,,,,,,,,
Sun,Trieste Airport,Zagreb Airport,21637,25464,TRS,,,,,,,,,,,,,,,,,
Sun,Trivandrum Airport,Kanyakumari,27776,30022,TRV,,,,,,,,,,,,,,,,,
Sun,Trivandrum Airport,Kovalam,27776,30020,TRV,,,,,,,,,,,,,,,,,
Sun,Trivandrum Airport,Kumbalam,27776,33734,TRV,,,,,,,,,,,,,,,,,
Sun,Trivandrum Airport,Panavely,27776,31606,TRV,,,,,,,,,,,,,,,,,
Sun,Trivandrum Airport,Poovar,27776,36631,TRV,,,,,,,,,,,,,,,,,
Sun,Trivandrum Airport,Tiruchendur,27776,38507,TRV,,,,,,,,,,,,,,,,,
Sun,Trivandrum Airport,Trivandrum,27776,34514,TRV,,,,,,,,,,,,,,,,,
Sun,Trivandrum Airport,Varkala,27776,30019,TRV,,,,,,,,,,,,,,,,,
Sun,Tunis–Carthage Airport,Borj Cedria,29071,29078,TUN,,,,,,,,,,,,,,,,,
Sun,Tunis–Carthage Airport,Gabes,29071,34133,TUN,,,,,,,,,,,,,,,,,
Sun,Tunis–Carthage Airport,Gammarth,29071,29081,TUN,,,,,,,,,,,,,,,,,
Sun,Tunis–Carthage Airport,Hammamet,29071,29077,TUN,,,,,,,,,,,,,,,,,
Sun,Tunis–Carthage Airport,Monastir,29071,29083,TUN,,,,,,,,,,,,,,,,,
Sun,Tunis–Carthage Airport,Nabeul,29071,29093,TUN,,,,,,,,,,,,,,,,,
Sun,Tunis–Carthage Airport,Sousse,29071,29096,TUN,,,,,,,,,,,,,,,,,
Sun,Tunis–Carthage Airport,Tunis City Centre,29071,29076,TUN,,,,,,,,,,,,,,,,,
Sun,Turin Airport,Alba,21968,10777,TRN,,,,,,,,,,,,,,,,,
Sun,Turin Airport,Aosta,21968,21971,TRN,,,,,,,,,,,,,,,,,
Sun,Turin Airport,Bardonecchia,21968,21973,TRN,,,,,,,,,,,,,,,,,
Sun,Turin Airport,Breuil Cervinia,21968,25681,TRN,,,,,,,,,,,,,,,,,
Sun,Turin Airport,Briancon,21968,10635,TRN,,,,,,,,,,,,,,,,,
Sun,Turin Airport,Cervinia,21968,10722,TRN,,,,,,,,,,,,,,,,,
Sun,Turin Airport,Chamonix,21968,10637,TRN,,,,,,,,,,,,,,,,,
Sun,Turin Airport,Champoluc-Champlan,21968,25718,TRN,,,,,,,,,,,,,,,,,
Sun,Turin Airport,Clavière,21968,21977,TRN,,,,,,,,,,,,,,,,,
Sun,Turin Airport,Courmayeur,21968,10729,TRN,,,,,,,,,,,,,,,,,
Sun,Turin Airport,Gressoney-La-Trinité,21968,10708,TRN,,,,,,,,,,,,,,,,,
Sun,Turin Airport,Gstaad,21968,22578,TRN,,,,,,,,,,,,,,,,,
Sun,Turin Airport,La Plagne,21968,10647,TRN,,,,,,,,,,,,,,,,,
Sun,Turin Airport,La Salle-Les-Alpes,21968,22050,TRN,,,,,,,,,,,,,,,,,
Sun,Turin Airport,La Thuile,21968,10742,TRN,,,,,,,,,,,,,,,,,
Sun,Turin Airport,La Toussuire,21968,10649,TRN,,,,,,,,,,,,,,,,,
Sun,Turin Airport,Les Deux Alpes,21968,10653,TRN,,,,,,,,,,,,,,,,,
Sun,Turin Airport,Meribel,21968,10657,TRN,,,,,,,,,,,,,,,,,
Sun,Turin Airport,Modane,21968,22055,TRN,,,,,,,,,,,,,,,,,
Sun,Turin Airport,Moncalieri,21968,30400,TRN,,,,,,,,,,,,,,,,,
Sun,Turin Airport,Montgenevre,21968,10719,TRN,,,,,,,,,,,,,,,,,
Sun,Turin Airport,Moutiers,21968,10737,TRN,,,,,,,,,,,,,,,,,
Sun,Turin Airport,Pinerolo,21968,25697,TRN,,,,,,,,,,,,,,,,,
Sun,Turin Airport,Pragelato,21968,21986,TRN,,,,,,,,,,,,,,,,,
Sun,Turin Airport,Puy-Saint-Vincent,21968,10728,TRN,,,,,,,,,,,,,,,,,
Sun,Turin Airport,Risoul,21968,10725,TRN,,,,,,,,,,,,,,,,,
Sun,Turin Airport,Saluzzo,21968,34981,TRN,,,,,,,,,,,,,,,,,
Sun,Turin Airport,Sauze D'oulx,21968,21989,TRN,,,,,,,,,,,,,,,,,
Sun,Turin Airport,Serre Chevalier (La Salle-Les-Alpes),21968,10659,TRN,,,,,,,,,,,,,,,,,
Sun,Turin Airport,Sestrière,21968,21990,TRN,,,,,,,,,,,,,,,,,
Sun,Turin Airport,Tignes,21968,10661,TRN,,,,,,,,,,,,,,,,,
Sun,Turin Airport,Turin,21968,21992,TRN,,,,,,,,,,,,,,,,,
Sun,Turin Airport,Val Cenis,21968,10720,TRN,,,,,,,,,,,,,,,,,
Sun,Turin Airport,Val Thorens,21968,10664,TRN,,,,,,,,,,,,,,,,,
Sun,Turin Airport,Valfrejus,21968,10706,TRN,,,,,,,,,,,,,,,,,
Sun,Turin Airport,Vallorcine,21968,10732,TRN,,,,,,,,,,,,,,,,,
Sun,Turin Airport,Valtournenche,21968,21993,TRN,,,,,,,,,,,,,,,,,
Sun,Tuzla Airport,Sarajevo,44661,27923,TZL,,,,,,,,,,,,,,,,,
Sun,Tuzla Airport,Tuzla,44661,22633,TZL,,,,,,,,,,,,,,,,,
Sun,Tuzla Airport,Zenica,44661,27925,TZL,,,,,,,,,,,,,,,,,
Sun,Udaipur Airport,Ahmedabad,27778,27749,UDR,,,,,,,,,,,,,,,,,
Sun,Udaipur Airport,Delhi,27778,27743,UDR,,,,,,,,,,,,,,,,,
Sun,Udaipur Airport,Eklingji,27778,37782,UDR,,,,,,,,,,,,,,,,,
Sun,Udaipur Airport,Jaipur,27778,27769,UDR,,,,,,,,,,,,,,,,,
Sun,Udaipur Airport,Nathdwara,27778,35178,UDR,,,,,,,,,,,,,,,,,
Sun,Udaipur Airport,Udaipur,27778,27779,UDR,,,,,,,,,,,,,,,,,
Sun,Valencia Airport,Albir,10583,10001,VLC,,,,,,,,,,,,,,,,,
Sun,Valencia Airport,Alcossebre,10583,20823,VLC,,,,,,,,,,,,,,,,,
Sun,Valencia Airport,Alicante Airport,10583,10569,VLC,,,,,,,,,,,,,,,,,
Sun,Valencia Airport,Alicante Train Station,10583,40506,VLC,,,,,,,,,,,,,,,,,
Sun,Valencia Airport,Altea,10583,10003,VLC,,,,,,,,,,,,,,,,,
Sun,Valencia Airport,Banyeres De Mariola,10583,34213,VLC,,,,,,,,,,,,,,,,,
Sun,Valencia Airport,Barcelona Airport,10583,10571,VLC,,,,,,,,,,,,,,,,,
Sun,Valencia Airport,Benicassim,10583,10454,VLC,,,,,,,,,,,,,,,,,
Sun,Valencia Airport,Benidorm,10583,10004,VLC,,,,,,,,,,,,,,,,,
Sun,Valencia Airport,Benissa,10583,20694,VLC,,,,,,,,,,,,,,,,,
Sun,Valencia Airport,Burjassot,10583,21265,VLC,,,,,,,,,,,,,,,,,
Sun,Valencia Airport,Calicanto,10583,45401,VLC,,,,,,,,,,,,,,,,,
Sun,Valencia Airport,Castellón De La Plana,10583,20856,VLC,,,,,,,,,,,,,,,,,
Sun,Valencia Airport,Cullera,10583,10376,VLC,,,,,,,,,,,,,,,,,
Sun,Valencia Airport,Dénia,10583,10010,VLC,,,,,,,,,,,,,,,,,
Sun,Valencia Airport,El Grao De Castellón,10583,38180,VLC,,,,,,,,,,,,,,,,,
Sun,Valencia Airport,El Puig De Santa Maria,10583,23369,VLC,,,,,,,,,,,,,,,,,
Sun,Valencia Airport,Els Poblets,10583,23394,VLC,,,,,,,,,,,,,,,,,
Sun,Valencia Airport,Gandia,10583,10013,VLC,,,,,,,,,,,,,,,,,
Sun,Valencia Airport,La Pobla De Farnals,10583,31428,VLC,,,,,,,,,,,,,,,,,
Sun,Valencia Airport,Manises,10583,21285,VLC,,,,,,,,,,,,,,,,,
Sun,Valencia Airport,Oliva,10583,10022,VLC,,,,,,,,,,,,,,,,,
Sun,Valencia Airport,Ontinyent,10583,21293,VLC,,,,,,,,,,,,,,,,,
Sun,Valencia Airport,Oropesa Del Mar,10583,10480,VLC,,,,,,,,,,,,,,,,,
Sun,Valencia Airport,Paterna,10583,21297,VLC,,,,,,,,,,,,,,,,,
Sun,Valencia Airport,Pedreguer,10583,21334,VLC,,,,,,,,,,,,,,,,,
Sun,Valencia Airport,Pego,10583,10023,VLC,,,,,,,,,,,,,,,,,
Sun,Valencia Airport,Peníscola,10583,10485,VLC,,,,,,,,,,,,,,,,,
Sun,Valencia Airport,Port Saplaya,10583,21562,VLC,,,,,,,,,,,,,,,,,
Sun,Valencia Airport,Puçol,10583,20717,VLC,,,,,,,,,,,,,,,,,
Sun,Valencia Airport,Puerto De Sagunto,10583,27060,VLC,,,,,,,,,,,,,,,,,
Sun,Valencia Airport,Sagunto,10583,10028,VLC,,,,,,,,,,,,,,,,,
Sun,Valencia Airport,Teulada,10583,26343,VLC,,,,,,,,,,,,,,,,,
Sun,Valencia Airport,Torrent,10583,21307,VLC,,,,,,,,,,,,,,,,,
Sun,Valencia Airport,Torrevieja,10583,10030,VLC,,,,,,,,,,,,,,,,,
Sun,Valencia Airport,Valencia Airport,10583,10583,VLC,,,,,,,,,,,,,,,,,
Sun,Valencia Airport,Valencia Port,10583,21246,VLC,,,,,,,,,,,,,,,,,
Sun,Valencia Airport,Valencia Train Station (Est. De Nord),10583,21247,VLC,,,,,,,,,,,,,,,,,
Sun,Valencia Airport,Vinaros,10583,10568,VLC,,,,,,,,,,,,,,,,,
Sun,Varadero Airport,Cayo Guillermo,29563,29867,VRA,,,,,,,,,,,,,,,,,
Sun,Varadero Airport,Holguin,29563,36400,VRA,,,,,,,,,,,,,,,,,
Sun,Varadero Airport,Playa Ancon,29563,29866,VRA,,,,,,,,,,,,,,,,,
Sun,Varadero Airport,Playa Giron,29563,29862,VRA,,,,,,,,,,,,,,,,,
Sun,Varadero Airport,Playa Jibacoa,29563,32184,VRA,,,,,,,,,,,,,,,,,
Sun,Varadero Airport,Playa Larga,29563,29863,VRA,,,,,,,,,,,,,,,,,
Sun,Varadero Airport,Santa Clara (Cuba),29563,29864,VRA,,,,,,,,,,,,,,,,,
Sun,Varna Airport,Ahtopol,22066,22067,VAR,,,,,,,,,,,,,,,,,
Sun,Varna Airport,Albena,22066,22068,VAR,,,,,,,,,,,,,,,,,
Sun,Varna Airport,Balchik,22066,22069,VAR,,,,,,,,,,,,,,,,,
Sun,Varna Airport,Elenite,22066,22073,VAR,,,,,,,,,,,,,,,,,
Sun,Varna Airport,Golden Sands,22066,22074,VAR,,,,,,,,,,,,,,,,,
Sun,Varna Airport,Kalimantsi,22066,36250,VAR,,,,,,,,,,,,,,,,,
Sun,Varna Airport,Kavarna,22066,22105,VAR,,,,,,,,,,,,,,,,,
Sun,Varna Airport,Lozenets,22066,22076,VAR,,,,,,,,,,,,,,,,,
Sun,Varna Airport,Nessebar,22066,22077,VAR,,,,,,,,,,,,,,,,,
Sun,Varna Airport,Obzor,22066,22078,VAR,,,,,,,,,,,,,,,,,
Sun,Varna Airport,Pomorie,22066,22079,VAR,,,,,,,,,,,,,,,,,
Sun,Varna Airport,Ravda,22066,22081,VAR,,,,,,,,,,,,,,,,,
Sun,Varna Airport,St. Konstantine & Helena,22066,22083,VAR,,,,,,,,,,,,,,,,,
Sun,Varna Airport,Sunny Beach,22066,22084,VAR,,,,,,,,,,,,,,,,,
Sun,Varna Airport,Tankovo (Burgas),22066,35427,VAR,,,,,,,,,,,,,,,,,
Sun,Venice Marco Polo Airport,Abano Terme,21648,21566,VCE,,,,,,,,,,,,,,,,,
Sun,Venice Marco Polo Airport,Alleghe,21648,21567,VCE,,,,,,,,,,,,,,,,,
Sun,Venice Marco Polo Airport,Arabba,21648,21569,VCE,,,,,,,,,,,,,,,,,
Sun,Venice Marco Polo Airport,Bibione,21648,21574,VCE,,,,,,,,,,,,,,,,,
Sun,Venice Marco Polo Airport,Bologna,21648,25518,VCE,,,,,,,,,,,,,,,,,
Sun,Venice Marco Polo Airport,Camping Ca'savio,21648,28648,VCE,,,,,,,,,,,,,,,,,
Sun,Venice Marco Polo Airport,Camping Centro Vacanze Pra Delle Torri,21648,28664,VCE,,,,,,,,,,,,,,,,,
Sun,Venice Marco Polo Airport,Camping Isamar,21648,30582,VCE,,,,,,,,,,,,,,,,,
Sun,Venice Marco Polo Airport,Camping Sant'angelo Village,21648,28670,VCE,,,,,,,,,,,,,,,,,
Sun,Venice Marco Polo Airport,Camping Serenissima,21648,35409,VCE,,,,,,,,,,,,,,,,,
Sun,Venice Marco Polo Airport,Camping Village Portofelice,21648,30873,VCE,,,,,,,,,,,,,,,,,
Sun,Venice Marco Polo Airport,Campitello Di Fassa,21648,21735,VCE,,,,,,,,,,,,,,,,,
Sun,Venice Marco Polo Airport,Canazei,21648,21578,VCE,,,,,,,,,,,,,,,,,
Sun,Venice Marco Polo Airport,Caorle,21648,21579,VCE,,,,,,,,,,,,,,,,,
Sun,Venice Marco Polo Airport,Castelfranco Veneto,21648,21580,VCE,,,,,,,,,,,,,,,,,
Sun,Venice Marco Polo Airport,Cavallino,21648,21581,VCE,,,,,,,,,,,,,,,,,
Sun,Venice Marco Polo Airport,Chioggia,21648,21582,VCE,,,,,,,,,,,,,,,,,
Sun,Venice Marco Polo Airport,Cison Di Valmarino,21648,38504,VCE,,,,,,,,,,,,,,,,,
Sun,Venice Marco Polo Airport,Conegliano,21648,21584,VCE,,,,,,,,,,,,,,,,,
Sun,Venice Marco Polo Airport,Cortina D'ampezzo,21648,21585,VCE,,,,,,,,,,,,,,,,,
Sun,Venice Marco Polo Airport,Koper,21648,25356,VCE,,,,,,,,,,,,,,,,,
Sun,Venice Marco Polo Airport,Lignano Sabbiadoro,21648,34570,VCE,,,,,,,,,,,,,,,,,
Sun,Venice Marco Polo Airport,Ljubljana,21648,25337,VCE,,,,,,,,,,,,,,,,,
Sun,Venice Marco Polo Airport,Ljubljana Airport,21648,25323,VCE,,,,,,,,,,,,,,,,,
Sun,Venice Marco Polo Airport,Longarone,21648,21745,VCE,,,,,,,,,,,,,,,,,
Sun,Venice Marco Polo Airport,Madonna Di Campiglio,21648,21601,VCE,,,,,,,,,,,,,,,,,
Sun,Venice Marco Polo Airport,Marghera,21648,21604,VCE,,,,,,,,,,,,,,,,,
Sun,Venice Marco Polo Airport,Mestre,21648,21606,VCE,,,,,,,,,,,,,,,,,
Sun,Venice Marco Polo Airport,Milan Malpensa Airport,21648,21752,VCE,,,,,,,,,,,,,,,,,
Sun,Venice Marco Polo Airport,Monastier Di Treviso,21648,28805,VCE,,,,,,,,,,,,,,,,,
Sun,Venice Marco Polo Airport,Monfalcone,21648,25651,VCE,,,,,,,,,,,,,,,,,
Sun,Venice Marco Polo Airport,Montegrotto Terme,21648,21609,VCE,,,,,,,,,,,,,,,,,
Sun,Venice Marco Polo Airport,Noventa Di Piave,21648,22792,VCE,,,,,,,,,,,,,,,,,
Sun,Venice Marco Polo Airport,Ortisei,21648,21610,VCE,,,,,,,,,,,,,,,,,
Sun,Venice Marco Polo Airport,Padova,21648,21611,VCE,,,,,,,,,,,,,,,,,
Sun,Venice Marco Polo Airport,Piran,21648,25345,VCE,,,,,,,,,,,,,,,,,
Sun,Venice Marco Polo Airport,Pordenone,21648,21614,VCE,,,,,,,,,,,,,,,,,
Sun,Venice Marco Polo Airport,Porto Corsini,21648,45062,VCE,,,,,,,,,,,,,,,,,
Sun,Venice Marco Polo Airport,Porto Santa Margherita,21648,21627,VCE,,,,,,,,,,,,,,,,,
Sun,Venice Marco Polo Airport,Punta Sabbioni,21648,21617,VCE,,,,,,,,,,,,,,,,,
Sun,Venice Marco Polo Airport,Quarto D'altino,21648,22487,VCE,,,,,,,,,,,,,,,,,
Sun,Venice Marco Polo Airport,Quinto Di Treviso,21648,28819,VCE,,,,,,,,,,,,,,,,,
Sun,Venice Marco Polo Airport,Rijeka,21648,25053,VCE,,,,,,,,,,,,,,,,,
Sun,Venice Marco Polo Airport,Rovinj,21648,25348,VCE,,,,,,,,,,,,,,,,,
Sun,Venice Marco Polo Airport,San Cassiano,21648,21621,VCE,,,,,,,,,,,,,,,,,
Sun,Venice Marco Polo Airport,San Dona Di Piave,21648,28816,VCE,,,,,,,,,,,,,,,,,
Sun,Venice Marco Polo Airport,Santa Cristina Val Gardena,21648,21626,VCE,,,,,,,,,,,,,,,,,
Sun,Venice Marco Polo Airport,Selva Di Val Gardena,21648,21765,VCE,,,,,,,,,,,,,,,,,
Sun,Venice Marco Polo Airport,Siusi,21648,21924,VCE,,,,,,,,,,,,,,,,,
Sun,Venice Marco Polo Airport,Trieste,21648,21636,VCE,,,,,,,,,,,,,,,,,
Sun,Venice Marco Polo Airport,Trieste Airport,21648,21637,VCE,,,,,,,,,,,,,,,,,
Sun,Venice Marco Polo Airport,Udine,21648,21638,VCE,,,,,,,,,,,,,,,,,
Sun,Venice Marco Polo Airport,Umag,21648,25357,VCE,,,,,,,,,,,,,,,,,
Sun,Venice Marco Polo Airport,Venice Cruise Port,21648,40051,VCE,,,,,,,,,,,,,,,,,
Sun,Venice Marco Polo Airport,Venice Marco Polo Airport,21648,21648,VCE,,,,,,,,,,,,,,,,,
Sun,Venice Marco Polo Airport,Venice Piazzale Roma,21648,21642,VCE,,,,,,,,,,,,,,,,,
Sun,Venice Marco Polo Airport,Verona,21648,21645,VCE,,,,,,,,,,,,,,,,,
Sun,Venice Marco Polo Airport,Vicenza,21648,21646,VCE,,,,,,,,,,,,,,,,,
Sun,Venice Marco Polo Airport,Zagreb Airport,21648,25464,VCE,,,,,,,,,,,,,,,,,
Sun,Venice Marco Polo Airport,Zoldo Alto,21648,21775,VCE,,,,,,,,,,,,,,,,,
Sun,Venice Treviso Airport (TSF),Abano Terme,21565,21566,TSF,,,,,,,,,,,,,,,,,
Sun,Venice Treviso Airport (TSF),Arabba,21565,21569,TSF,,,,,,,,,,,,,,,,,
Sun,Venice Treviso Airport (TSF),Bibione,21565,21574,TSF,,,,,,,,,,,,,,,,,
Sun,Venice Treviso Airport (TSF),Camping Bella Italia,21565,28659,TSF,,,,,,,,,,,,,,,,,
Sun,Venice Treviso Airport (TSF),Camping Ca'savio,21565,28648,TSF,,,,,,,,,,,,,,,,,
Sun,Venice Treviso Airport (TSF),Camping Village Portofelice,21565,30873,TSF,,,,,,,,,,,,,,,,,
Sun,Venice Treviso Airport (TSF),Caorle,21565,21579,TSF,,,,,,,,,,,,,,,,,
Sun,Venice Treviso Airport (TSF),Cavallino,21565,21581,TSF,,,,,,,,,,,,,,,,,
Sun,Venice Treviso Airport (TSF),Chioggia,21565,21582,TSF,,,,,,,,,,,,,,,,,
Sun,Venice Treviso Airport (TSF),Cortina D'ampezzo,21565,21585,TSF,,,,,,,,,,,,,,,,,
Sun,Venice Treviso Airport (TSF),Gardaland,21565,30495,TSF,,,,,,,,,,,,,,,,,
Sun,Venice Treviso Airport (TSF),Koper,21565,25356,TSF,,,,,,,,,,,,,,,,,
Sun,Venice Treviso Airport (TSF),Lido Di Spina,21565,29086,TSF,,,,,,,,,,,,,,,,,
Sun,Venice Treviso Airport (TSF),Lignano Sabbiadoro,21565,34570,TSF,,,,,,,,,,,,,,,,,
Sun,Venice Treviso Airport (TSF),Ljubljana,21565,25337,TSF,,,,,,,,,,,,,,,,,
Sun,Venice Treviso Airport (TSF),Marghera,21565,21604,TSF,,,,,,,,,,,,,,,,,
Sun,Venice Treviso Airport (TSF),Mestre,21565,21606,TSF,,,,,,,,,,,,,,,,,
Sun,Venice Treviso Airport (TSF),Monfalcone,21565,25651,TSF,,,,,,,,,,,,,,,,,
Sun,Venice Treviso Airport (TSF),Noventa Di Piave,21565,22792,TSF,,,,,,,,,,,,,,,,,
Sun,Venice Treviso Airport (TSF),Ortisei,21565,21610,TSF,,,,,,,,,,,,,,,,,
Sun,Venice Treviso Airport (TSF),Padova,21565,21611,TSF,,,,,,,,,,,,,,,,,
Sun,Venice Treviso Airport (TSF),Peschiera Del Garda,21565,21612,TSF,,,,,,,,,,,,,,,,,
Sun,Venice Treviso Airport (TSF),Pordenone,21565,21614,TSF,,,,,,,,,,,,,,,,,
Sun,Venice Treviso Airport (TSF),Prague Airport,21565,21849,TSF,,,,,,,,,,,,,,,,,
Sun,Venice Treviso Airport (TSF),Punta Sabbioni,21565,21617,TSF,,,,,,,,,,,,,,,,,
Sun,Venice Treviso Airport (TSF),Quarto D'altino,21565,22487,TSF,,,,,,,,,,,,,,,,,
Sun,Venice Treviso Airport (TSF),Ravenna,21565,25745,TSF,,,,,,,,,,,,,,,,,
Sun,Venice Treviso Airport (TSF),Santa Croce,21565,25656,TSF,,,,,,,,,,,,,,,,,
Sun,Venice Treviso Airport (TSF),Selva Di Val Gardena,21565,21765,TSF,,,,,,,,,,,,,,,,,
Sun,Venice Treviso Airport (TSF),Trento,21565,21772,TSF,,,,,,,,,,,,,,,,,
Sun,Venice Treviso Airport (TSF),Treporti,21565,21634,TSF,,,,,,,,,,,,,,,,,
Sun,Venice Treviso Airport (TSF),Trieste,21565,21636,TSF,,,,,,,,,,,,,,,,,
Sun,Venice Treviso Airport (TSF),Umag,21565,25357,TSF,,,,,,,,,,,,,,,,,
Sun,Venice Treviso Airport (TSF),Venice Cruise Port,21565,40051,TSF,,,,,,,,,,,,,,,,,
Sun,Venice Treviso Airport (TSF),Venice Piazzale Roma,21565,21642,TSF,,,,,,,,,,,,,,,,,
Sun,Venice Treviso Airport (TSF),Verona,21565,21645,TSF,,,,,,,,,,,,,,,,,
Sun,Venice Treviso Airport (TSF),Vicenza,21565,21646,TSF,,,,,,,,,,,,,,,,,
Sun,Verona Villafranca Airport,Bardolino,21727,21571,VRN,,,,,,,,,,,,,,,,,
Sun,Verona Villafranca Airport,Bologna Airport,21727,25189,VRN,,,,,,,,,,,,,,,,,
Sun,Verona Villafranca Airport,Bolzano,21727,21731,VRN,,,,,,,,,,,,,,,,,
Sun,Verona Villafranca Airport,Brenzone,21727,31463,VRN,,,,,,,,,,,,,,,,,
Sun,Verona Villafranca Airport,Brescia,21727,21733,VRN,,,,,,,,,,,,,,,,,
Sun,Verona Villafranca Airport,Camping Altomincio Family Park,21727,28680,VRN,,,,,,,,,,,,,,,,,
Sun,Verona Villafranca Airport,Camping Bella Italia,21727,28659,VRN,,,,,,,,,,,,,,,,,
Sun,Verona Villafranca Airport,Camping Cisano,21727,28655,VRN,,,,,,,,,,,,,,,,,
Sun,Verona Villafranca Airport,Canazei,21727,21578,VRN,,,,,,,,,,,,,,,,,
Sun,Verona Villafranca Airport,Castelnuovo Del Garda,21727,30494,VRN,,,,,,,,,,,,,,,,,
Sun,Verona Villafranca Airport,Desenzano Del Garda,21727,21588,VRN,,,,,,,,,,,,,,,,,
Sun,Verona Villafranca Airport,Folgaria,21727,21741,VRN,,,,,,,,,,,,,,,,,
Sun,Verona Villafranca Airport,Garda,21727,21591,VRN,,,,,,,,,,,,,,,,,
Sun,Verona Villafranca Airport,Gardaland,21727,30495,VRN,,,,,,,,,,,,,,,,,
Sun,Verona Villafranca Airport,Lazise,21727,21598,VRN,,,,,,,,,,,,,,,,,
Sun,Verona Villafranca Airport,Levico Terme,21727,21744,VRN,,,,,,,,,,,,,,,,,
Sun,Verona Villafranca Airport,Limone Sul Garda,21727,25709,VRN,,,,,,,,,,,,,,,,,
Sun,Verona Villafranca Airport,Madonna Di Campiglio,21727,21601,VRN,,,,,,,,,,,,,,,,,
Sun,Verona Villafranca Airport,Malcesine,21727,21602,VRN,,,,,,,,,,,,,,,,,
Sun,Verona Villafranca Airport,Manerba Del Garda,21727,30846,VRN,,,,,,,,,,,,,,,,,
Sun,Verona Villafranca Airport,Mantova,21727,25738,VRN,,,,,,,,,,,,,,,,,
Sun,Verona Villafranca Airport,Merano,21727,21749,VRN,,,,,,,,,,,,,,,,,
Sun,Verona Villafranca Airport,Milan Malpensa Airport,21727,21752,VRN,,,,,,,,,,,,,,,,,
Sun,Verona Villafranca Airport,Molveno,21727,21753,VRN,,,,,,,,,,,,,,,,,
Sun,Verona Villafranca Airport,Moniga Del Garda,21727,31485,VRN,,,,,,,,,,,,,,,,,
Sun,Verona Villafranca Airport,Ortisei,21727,21610,VRN,,,,,,,,,,,,,,,,,
Sun,Verona Villafranca Airport,Padova,21727,21611,VRN,,,,,,,,,,,,,,,,,
Sun,Verona Villafranca Airport,Peschiera Del Garda,21727,21612,VRN,,,,,,,,,,,,,,,,,
Sun,Verona Villafranca Airport,Riva Del Garda,21727,21618,VRN,,,,,,,,,,,,,,,,,
Sun,Verona Villafranca Airport,Salo,21727,34017,VRN,,,,,,,,,,,,,,,,,
Sun,Verona Villafranca Airport,San Felice Del Benaco,21727,21622,VRN,,,,,,,,,,,,,,,,,
Sun,Verona Villafranca Airport,Selva Di Val Gardena,21727,21765,VRN,,,,,,,,,,,,,,,,,
Sun,Verona Villafranca Airport,Sirmione,21727,21630,VRN,,,,,,,,,,,,,,,,,
Sun,Verona Villafranca Airport,Tignale,21727,37922,VRN,,,,,,,,,,,,,,,,,
Sun,Verona Villafranca Airport,Trento,21727,21772,VRN,,,,,,,,,,,,,,,,,
Sun,Verona Villafranca Airport,Venice Marco Polo Airport,21727,21648,VRN,,,,,,,,,,,,,,,,,
Sun,Verona Villafranca Airport,Verona,21727,21645,VRN,,,,,,,,,,,,,,,,,
Sun,Verona Villafranca Airport,Vicenza,21727,21646,VRN,,,,,,,,,,,,,,,,,
Sun,Vienna Airport,Bad Waltersdorf,23411,34792,VIE,,,,,,,,,,,,,,,,,
Sun,Vienna Airport,Bled,23411,25340,VIE,,,,,,,,,,,,,,,,,
Sun,Vienna Airport,Hallstatt,23411,34390,VIE,,,,,,,,,,,,,,,,,
Sun,Vienna Airport,Hlohovec,23411,25424,VIE,,,,,,,,,,,,,,,,,
Sun,Vienna Airport,Kitzbuhel,23411,22271,VIE,,,,,,,,,,,,,,,,,
Sun,Vienna Airport,Ljubljana,23411,25337,VIE,,,,,,,,,,,,,,,,,
Sun,Vienna Airport,Munich Airport,23411,21801,VIE,,,,,,,,,,,,,,,,,
Sun,Vienna Airport,Obertauern,23411,22284,VIE,,,,,,,,,,,,,,,,,
Sun,Vienna Airport,Parndorf,23411,33868,VIE,,,,,,,,,,,,,,,,,
Sun,Vienna Airport,Reichenau An Der Rax,23411,34089,VIE,,,,,,,,,,,,,,,,,
Sun,Vienna Airport,Rennweg Am Katschberg,23411,29070,VIE,,,,,,,,,,,,,,,,,
Sun,Vienna Airport,Salzburg,23411,22287,VIE,,,,,,,,,,,,,,,,,
Sun,Vienna Airport,Salzburg Airport,23411,22522,VIE,,,,,,,,,,,,,,,,,
Sun,Vienna Airport,Šamorin,23411,36304,VIE,,,,,,,,,,,,,,,,,
Sun,Vienna Airport,Schladming,23411,22534,VIE,,,,,,,,,,,,,,,,,
Sun,Vienna Airport,Spielberg,23411,34578,VIE,,,,,,,,,,,,,,,,,
Sun,Vienna Airport,Turracher Hohe,23411,28987,VIE,,,,,,,,,,,,,,,,,
Sun,Vienna Airport,Vienna Airport,23411,23411,VIE,,,,,,,,,,,,,,,,,
Sun,Vienna Airport,Vienna Meidling Train Station,23411,40509,VIE,,,,,,,,,,,,,,,,,
Sun,Vienna Airport,Zakopane,23411,25397,VIE,,,,,,,,,,,,,,,,,
Sun,Vienna Airport,Zell Am See,23411,22298,VIE,,,,,,,,,,,,,,,,,
Sun,Vigo Airport,La Coruna,24664,21082,VGO,,,,,,,,,,,,,,,,,
Sun,Vigo Airport,Monçao,24664,21829,VGO,,,,,,,,,,,,,,,,,
Sun,Vigo Airport,Paredes De Coura,24664,21834,VGO,,,,,,,,,,,,,,,,,
Sun,Vigo Airport,Pontevedra,24664,21163,VGO,,,,,,,,,,,,,,,,,
Sun,Vigo Airport,Porto Airport,24664,21810,VGO,,,,,,,,,,,,,,,,,
Sun,Vigo Airport,Sanxenxo,24664,23289,VGO,,,,,,,,,,,,,,,,,
Sun,Vigo Airport,Sarria (Lugo),24664,24662,VGO,,,,,,,,,,,,,,,,,
Sun,Vigo Airport,Vigo (Spain),24664,21846,VGO,,,,,,,,,,,,,,,,,
Sun,Vigo Airport,Vila Nova De Gaia,24664,22047,VGO,,,,,,,,,,,,,,,,,
Sun,Vilnius Airport,Kaunas,25330,26292,VNO,,,,,,,,,,,,,,,,,
Sun,Vilnius Airport,Kaunas Airport,25330,26389,VNO,,,,,,,,,,,,,,,,,
Sun,Vilnius Airport,Klaipeda,25330,26277,VNO,,,,,,,,,,,,,,,,,
Sun,Vilnius Airport,Palanga,25330,26296,VNO,,,,,,,,,,,,,,,,,
Sun,Vilnius Airport,Siauliai,25330,26298,VNO,,,,,,,,,,,,,,,,,
Sun,Viracopos Airport,Águas De São Pedro,32001,32645,VCP,,,,,,,,,,,,,,,,,
Sun,Viracopos Airport,Araras,32001,32711,VCP,,,,,,,,,,,,,,,,,
Sun,Viracopos Airport,Atibaia,32001,32459,VCP,,,,,,,,,,,,,,,,,
Sun,Viracopos Airport,Bragança Paulista,32001,32029,VCP,,,,,,,,,,,,,,,,,
Sun,Viracopos Airport,Guarulhos,32001,26516,VCP,,,,,,,,,,,,,,,,,
Sun,Viracopos Airport,Itapevi,32001,32708,VCP,,,,,,,,,,,,,,,,,
Sun,Viracopos Airport,Limeira,32001,32030,VCP,,,,,,,,,,,,,,,,,
Sun,Viracopos Airport,Monte Verde,32001,10435,VCP,,,,,,,,,,,,,,,,,
Sun,Viracopos Airport,Piracicaba,32001,32012,VCP,,,,,,,,,,,,,,,,,
Sun,Viracopos Airport,São Bernardo Do Campo,32001,34548,VCP,,,,,,,,,,,,,,,,,
Sun,Viracopos Airport,Sao Paulo,32001,26514,VCP,,,,,,,,,,,,,,,,,
Sun,Viracopos Airport,São Paulo Guarulhos Airport,32001,26488,VCP,,,,,,,,,,,,,,,,,
Sun,Vitoria Airport (VIT),Argómaniz,41193,31834,VIT,,,,,,,,,,,,,,,,,
Sun,Vitoria Airport (VIT),Barakaldo,41193,20726,VIT,,,,,,,,,,,,,,,,,
Sun,Vitoria Airport (VIT),Bermeo,41193,20728,VIT,,,,,,,,,,,,,,,,,
Sun,Vitoria Airport (VIT),Biarritz,41193,20739,VIT,,,,,,,,,,,,,,,,,
Sun,Vitoria Airport (VIT),Derio,41193,43920,VIT,,,,,,,,,,,,,,,,,
Sun,Vitoria Airport (VIT),Getxo,41193,20743,VIT,,,,,,,,,,,,,,,,,
Sun,Vitoria Airport (VIT),Hondarribia,41193,20745,VIT,,,,,,,,,,,,,,,,,
Sun,Vitoria Airport (VIT),Lekeitio,41193,20748,VIT,,,,,,,,,,,,,,,,,
Sun,Vitoria Airport (VIT),Logrono,41193,21116,VIT,,,,,,,,,,,,,,,,,
Sun,Vitoria Airport (VIT),Los Arcos,41193,10277,VIT,,,,,,,,,,,,,,,,,
Sun,Vitoria Airport (VIT),Miranda De Ebro,41193,21130,VIT,,,,,,,,,,,,,,,,,
Sun,Vitoria Airport (VIT),Mungia,41193,20750,VIT,,,,,,,,,,,,,,,,,
Sun,Vitoria Airport (VIT),Portugalete,41193,20757,VIT,,,,,,,,,,,,,,,,,
Sun,Vitória Airport (VIX),Belo Horizonte,43175,26586,VIX,,,,,,,,,,,,,,,,,
Sun,Vitória Airport (VIX),Linhares,43175,44259,VIX,,,,,,,,,,,,,,,,,
Sun,Vitória Airport (VIX),Pétropolis,43175,30092,VIX,,,,,,,,,,,,,,,,,
Sun,Vitória Airport (VIX),Praia Da Barra Do Jucu,43175,43195,VIX,,,,,,,,,,,,,,,,,
Sun,Vitória Airport (VIX),Vitória (Salvador),43175,27984,VIX,,,,,,,,,,,,,,,,,
Sun,Volos Airport,Afissos,33558,33782,VOL,,,,,,,,,,,,,,,,,
Sun,Volos Airport,Agriá,33558,33853,VOL,,,,,,,,,,,,,,,,,
Sun,Volos Airport,Chorefto,33558,33873,VOL,,,,,,,,,,,,,,,,,
Sun,Volos Airport,Chorto,33558,33765,VOL,,,,,,,,,,,,,,,,,
Sun,Volos Airport,Kala Nera,33558,33523,VOL,,,,,,,,,,,,,,,,,
Sun,Volos Airport,Koropi (Magnesia),33558,33766,VOL,,,,,,,,,,,,,,,,,
Sun,Volos Airport,Platania,33558,33870,VOL,,,,,,,,,,,,,,,,,
Sun,Volos Airport,Volos Port,33558,44105,VOL,,,,,,,,,,,,,,,,,
Sun,Warsaw Chopin Airport,Bialystok,25282,38468,WAW,,,,,,,,,,,,,,,,,
Sun,Warsaw Chopin Airport,Grojec,25282,25292,WAW,,,,,,,,,,,,,,,,,
Sun,Warsaw Chopin Airport,Jachranka,25282,34800,WAW,,,,,,,,,,,,,,,,,
Sun,Warsaw Chopin Airport,Krakow,25282,25396,WAW,,,,,,,,,,,,,,,,,
Sun,Warsaw Chopin Airport,Kutno,25282,28972,WAW,,,,,,,,,,,,,,,,,
Sun,Warsaw Chopin Airport,Lowicz,25282,25296,WAW,,,,,,,,,,,,,,,,,
Sun,Warsaw Chopin Airport,Lublin Airport,25282,30584,WAW,,,,,,,,,,,,,,,,,
Sun,Warsaw Chopin Airport,Nowy Dwór Mazowiecki,25282,35986,WAW,,,,,,,,,,,,,,,,,
Sun,Warsaw Chopin Airport,Olsztyn,25282,38324,WAW,,,,,,,,,,,,,,,,,
Sun,Warsaw Chopin Airport,Przemy?l,25282,34688,WAW,,,,,,,,,,,,,,,,,
Sun,Warsaw Chopin Airport,Zakopane,25282,25397,WAW,,,,,,,,,,,,,,,,,
Sun,Warsaw Modlin Airport (WMI),Biala Podlaska,25284,25290,WMI,,,,,,,,,,,,,,,,,
Sun,Warsaw Modlin Airport (WMI),Krakow,25284,25396,WMI,,,,,,,,,,,,,,,,,
Sun,Warsaw Modlin Airport (WMI),Kutna Hora,25284,21866,WMI,,,,,,,,,,,,,,,,,
Sun,Warsaw Modlin Airport (WMI),Mokotów,25284,37713,WMI,,,,,,,,,,,,,,,,,
Sun,Warsaw Modlin Airport (WMI),Nadarzyn,25284,37637,WMI,,,,,,,,,,,,,,,,,
Sun,Washington Dulles Airport,Allentown (Pennsylvania),31935,30645,IAD,,,,,,,,,,,,,,,,,
Sun,Washington Dulles Airport,Arlington,31935,21879,IAD,,,,,,,,,,,,,,,,,
Sun,Washington Dulles Airport,Baltimore Downtown,31935,31909,IAD,,,,,,,,,,,,,,,,,
Sun,Washington Dulles Airport,Bethesda,31935,34777,IAD,,,,,,,,,,,,,,,,,
Sun,Washington Dulles Airport,Blacksburg,31935,35156,IAD,,,,,,,,,,,,,,,,,
Sun,Washington Dulles Airport,Charlottesville,31935,33091,IAD,,,,,,,,,,,,,,,,,
Sun,Washington Dulles Airport,Culpeper,31935,34021,IAD,,,,,,,,,,,,,,,,,
Sun,Washington Dulles Airport,Fairfax,31935,34189,IAD,,,,,,,,,,,,,,,,,
Sun,Washington Dulles Airport,Frederick,31935,33826,IAD,,,,,,,,,,,,,,,,,
Sun,Washington Dulles Airport,Gaithersburg,31935,36749,IAD,,,,,,,,,,,,,,,,,
Sun,Washington Dulles Airport,Greencastle,31935,37427,IAD,,,,,,,,,,,,,,,,,
Sun,Washington Dulles Airport,Harrisonburg,31935,36391,IAD,,,,,,,,,,,,,,,,,
Sun,Washington Dulles Airport,Leesburg,31935,36526,IAD,,,,,,,,,,,,,,,,,
Sun,Washington Dulles Airport,Lincolnia,31935,34422,IAD,,,,,,,,,,,,,,,,,
Sun,Washington National Airport,Baltimore Downtown,29140,31909,DCA,,,,,,,,,,,,,,,,,
Sun,Washington National Airport,Blacksburg,29140,35156,DCA,,,,,,,,,,,,,,,,,
Sun,Washington National Airport,Bowie,29140,33063,DCA,,,,,,,,,,,,,,,,,
Sun,Washington National Airport,Boyds,29140,36254,DCA,,,,,,,,,,,,,,,,,
Sun,Washington National Airport,Burke,29140,35364,DCA,,,,,,,,,,,,,,,,,
Sun,Washington National Airport,Cape Liberty Cruise Port,29140,29535,DCA,,,,,,,,,,,,,,,,,
Sun,Washington National Airport,Catonsville,29140,36407,DCA,,,,,,,,,,,,,,,,,
Sun,Washington National Airport,Charlottesville,29140,33091,DCA,,,,,,,,,,,,,,,,,
Sun,Washington National Airport,Chevy Chase,29140,35634,DCA,,,,,,,,,,,,,,,,,
Sun,Washington National Airport,Fairfax,29140,34189,DCA,,,,,,,,,,,,,,,,,
Sun,Washington National Airport,Frederick,29140,33826,DCA,,,,,,,,,,,,,,,,,
Sun,Washington National Airport,Gaithersburg,29140,36749,DCA,,,,,,,,,,,,,,,,,
Sun,Washington National Airport,Harrisonburg,29140,36391,DCA,,,,,,,,,,,,,,,,,
Sun,Washington National Airport,Lincolnia,29140,34422,DCA,,,,,,,,,,,,,,,,,
Sun,Washington National Airport,Manhattan Cruise Terminal,29140,29536,DCA,,,,,,,,,,,,,,,,,
Sun,Washington National Airport,Owings Mills,29140,35455,DCA,,,,,,,,,,,,,,,,,
Sun,Washington National Airport,Philadelphia (Pennsylvania),29140,29916,DCA,,,,,,,,,,,,,,,,,
Sun,Washington National Airport,Waldorf,29140,34820,DCA,,,,,,,,,,,,,,,,,
Sun,Washington National Airport,Washington D.c. Downtown,29140,30948,DCA,,,,,,,,,,,,,,,,,
Sun,Waterford Airport (WAT),Cahir,22807,22814,WAT,,,,,,,,,,,,,,,,,
Sun,Waterford Airport (WAT),Carlow,22807,22685,WAT,,,,,,,,,,,,,,,,,
Sun,Waterford Airport (WAT),Clonmel,22807,22768,WAT,,,,,,,,,,,,,,,,,
Sun,Waterford Airport (WAT),Dungarvan,22807,22808,WAT,,,,,,,,,,,,,,,,,
Sun,Waterford Airport (WAT),Dunmore East,22807,22813,WAT,,,,,,,,,,,,,,,,,
Sun,Waterford Airport (WAT),Enniscorthy,22807,22809,WAT,,,,,,,,,,,,,,,,,
Sun,Waterford Airport (WAT),Kilkenny,22807,22683,WAT,,,,,,,,,,,,,,,,,
Sun,Waterford Airport (WAT),Kilmacthomas,22807,23101,WAT,,,,,,,,,,,,,,,,,
Sun,Waterford Airport (WAT),Limerick,22807,22546,WAT,,,,,,,,,,,,,,,,,
Sun,Waterford Airport (WAT),Listowel,22807,22974,WAT,,,,,,,,,,,,,,,,,
Sun,Waterford Airport (WAT),New Ross,22807,22810,WAT,,,,,,,,,,,,,,,,,
Sun,Waterford Airport (WAT),Rosslaire Habour,22807,22812,WAT,,,,,,,,,,,,,,,,,
Sun,Waterford Airport (WAT),Tipperary Town,22807,22549,WAT,,,,,,,,,,,,,,,,,
Sun,Waterford Airport (WAT),Tralee,22807,22550,WAT,,,,,,,,,,,,,,,,,
Sun,Waterford Airport (WAT),Wexford,22807,22811,WAT,,,,,,,,,,,,,,,,,
Sun,Wroclaw Airport,Boleslawiec,23888,36077,WRO,,,,,,,,,,,,,,,,,
Sun,Wroclaw Airport,Duszniki-Zdrój,23888,33831,WRO,,,,,,,,,,,,,,,,,
Sun,Wroclaw Airport,Karpacz,23888,29072,WRO,,,,,,,,,,,,,,,,,
Sun,Wroclaw Airport,Katowice,23888,25398,WRO,,,,,,,,,,,,,,,,,
Sun,Wroclaw Airport,Krakow,23888,25396,WRO,,,,,,,,,,,,,,,,,
Sun,Wroclaw Airport,Lubin,23888,37776,WRO,,,,,,,,,,,,,,,,,
Sun,Wroclaw Airport,Nysa,23888,33829,WRO,,,,,,,,,,,,,,,,,
Sun,Wroclaw Airport,Opole,23888,25407,WRO,,,,,,,,,,,,,,,,,
Sun,Wroclaw Airport,Trutnov,23888,30990,WRO,,,,,,,,,,,,,,,,,
Sun,Wroclaw Airport,Walbrzych,23888,26717,WRO,,,,,,,,,,,,,,,,,
Sun,Wroclaw Airport,Wroclaw City Centre,23888,26706,WRO,,,,,,,,,,,,,,,,,
Sun,Wroclaw Airport,Zakopane,23888,25397,WRO,,,,,,,,,,,,,,,,,
Sun,Zadar Airport,Gajac,25240,30541,ZAD,,,,,,,,,,,,,,,,,
Sun,Zadar Airport,Gata,25240,45070,ZAD,,,,,,,,,,,,,,,,,
Sun,Zadar Airport,Jakišnica,25240,27055,ZAD,,,,,,,,,,,,,,,,,
Sun,Zadar Airport,Karlobag,25240,25470,ZAD,,,,,,,,,,,,,,,,,
Sun,Zadar Airport,Kožino,25240,34871,ZAD,,,,,,,,,,,,,,,,,
Sun,Zadar Airport,Ku?ine,25240,41185,ZAD,,,,,,,,,,,,,,,,,
Sun,Zadar Airport,Kusti?i,25240,35062,ZAD,,,,,,,,,,,,,,,,,
Sun,Zadar Airport,Mandre,25240,27609,ZAD,,,,,,,,,,,,,,,,,
Sun,Zadar Airport,Maslenica,25240,37506,ZAD,,,,,,,,,,,,,,,,,
Sun,Zadar Airport,Seget Vranjica,25240,34940,ZAD,,,,,,,,,,,,,,,,,
Sun,Zadar Airport,Sveti Petar Na Moru,25240,29766,ZAD,,,,,,,,,,,,,,,,,
Sun,Zadar Airport,Tribunj,25240,27610,ZAD,,,,,,,,,,,,,,,,,
Sun,Zadar Airport,Trogir,25240,25047,ZAD,,,,,,,,,,,,,,,,,
Sun,Zadar Airport,Vidali?i,25240,30538,ZAD,,,,,,,,,,,,,,,,,
Sun,Zagreb Airport,Banja Luka,25464,27914,ZAG,,,,,,,,,,,,,,,,,
Sun,Zagreb Airport,Bled,25464,25340,ZAG,,,,,,,,,,,,,,,,,
Sun,Zagreb Airport,Cazin,25464,33452,ZAG,,,,,,,,,,,,,,,,,
Sun,Zagreb Airport,Koper,25464,25356,ZAG,,,,,,,,,,,,,,,,,
Sun,Zagreb Airport,Ljubljana,25464,25337,ZAG,,,,,,,,,,,,,,,,,
Sun,Zagreb Airport,Ljubljana Airport,25464,25323,ZAG,,,,,,,,,,,,,,,,,
Sun,Zagreb Airport,Maribor,25464,25339,ZAG,,,,,,,,,,,,,,,,,
Sun,Zagreb Airport,Osijek,25464,25471,ZAG,,,,,,,,,,,,,,,,,
Sun,Zagreb Airport,Petrinja,25464,29167,ZAG,,,,,,,,,,,,,,,,,
Sun,Zagreb Airport,Pod?etrtek,25464,25473,ZAG,,,,,,,,,,,,,,,,,
Sun,Zagreb Airport,Rijeka,25464,25053,ZAG,,,,,,,,,,,,,,,,,
Sun,Zagreb Airport,Rimske Toplice,25464,34518,ZAG,,,,,,,,,,,,,,,,,
Sun,Zagreb Airport,Rogaška Slatina,25464,32091,ZAG,,,,,,,,,,,,,,,,,
Sun,Zagreb Airport,Rovinj,25464,25348,ZAG,,,,,,,,,,,,,,,,,
Sun,Zagreb Airport,Samobor,25464,25476,ZAG,,,,,,,,,,,,,,,,,
Sun,Zagreb Airport,Senj,25464,25477,ZAG,,,,,,,,,,,,,,,,,
Sun,Zagreb Airport,Slavonski Brod,25464,25480,ZAG,,,,,,,,,,,,,,,,,
Sun,Zagreb Airport,Sveti Martin Na Muri,25464,38000,ZAG,,,,,,,,,,,,,,,,,
Sun,Zagreb Airport,Tuheljske Toplice,25464,25484,ZAG,,,,,,,,,,,,,,,,,
Sun,Zagreb Airport,Umag,25464,25357,ZAG,,,,,,,,,,,,,,,,,
Sun,Zagreb Airport,Varaždin,25464,25485,ZAG,,,,,,,,,,,,,,,,,
Sun,Zagreb Airport,Zapreši?,25464,25489,ZAG,,,,,,,,,,,,,,,,,
Sun,Zakynthos Airport,Agios Nikolaos (Zakynthos),26444,26445,ZTH,,,,,,,,,,,,,,,,,
Sun,Zakynthos Airport,Ammoudi,26444,26451,ZTH,,,,,,,,,,,,,,,,,
Sun,Zakynthos Airport,Bochali,26444,35221,ZTH,,,,,,,,,,,,,,,,,
Sun,Zakynthos Airport,Drosia (Zakynthos),26444,38578,ZTH,,,,,,,,,,,,,,,,,
Sun,Zakynthos Airport,Katastari,26444,26449,ZTH,,,,,,,,,,,,,,,,,
Sun,Zakynthos Airport,Lithakia,26444,26458,ZTH,,,,,,,,,,,,,,,,,
Sun,Zakynthos Airport,Marathias (Zakynthos),26444,36383,ZTH,,,,,,,,,,,,,,,,,
Sun,Zakynthos Airport,Porto Koukla,26444,34936,ZTH,,,,,,,,,,,,,,,,,
Sun,Zakynthos Airport,Skinaria,26444,26460,ZTH,,,,,,,,,,,,,,,,,
Sun,Zakynthos Airport,Tragaki,26444,26461,ZTH,,,,,,,,,,,,,,,,,
Sun,Zanzibar Airport,Bwejuu,31471,34617,ZNZ,,,,,,,,,,,,,,,,,
Sun,Zanzibar Airport,Chake Chake,31471,32007,ZNZ,,,,,,,,,,,,,,,,,
Sun,Zanzibar Airport,Chwaka,31471,33294,ZNZ,,,,,,,,,,,,,,,,,
Sun,Zanzibar Airport,Dongwe,31471,31498,ZNZ,,,,,,,,,,,,,,,,,
Sun,Zanzibar Airport,Fujoni,31471,32709,ZNZ,,,,,,,,,,,,,,,,,
Sun,Zanzibar Airport,Fumba,31471,31502,ZNZ,,,,,,,,,,,,,,,,,
Sun,Zanzibar Airport,Jambiani,31471,31499,ZNZ,,,,,,,,,,,,,,,,,
Sun,Zanzibar Airport,Kendwa,31471,31497,ZNZ,,,,,,,,,,,,,,,,,
Sun,Zanzibar Airport,Kiwengwa,31471,31496,ZNZ,,,,,,,,,,,,,,,,,
Sun,Zanzibar Airport,Kizimkazi,31471,31501,ZNZ,,,,,,,,,,,,,,,,,
Sun,Zanzibar Airport,Michamvi,31471,31506,ZNZ,,,,,,,,,,,,,,,,,
Sun,Zanzibar Airport,Nungwi,31471,31505,ZNZ,,,,,,,,,,,,,,,,,
Sun,Zanzibar Airport,Paje,31471,31500,ZNZ,,,,,,,,,,,,,,,,,
Sun,Zanzibar Airport,Pwani Mchangani,31471,31503,ZNZ,,,,,,,,,,,,,,,,,
Sun,Zanzibar Airport,Uroa,31471,31504,ZNZ,,,,,,,,,,,,,,,,,
Sun,Zanzibar Airport,Wete,31471,32008,ZNZ,,,,,,,,,,,,,,,,,
Sun,Zaragoza Airport,Alcaniz,24503,24513,ZAZ,,,,,,,,,,,,,,,,,
Sun,Zaragoza Airport,Barbastro,24503,21043,ZAZ,,,,,,,,,,,,,,,,,
Sun,Zaragoza Airport,Benasque,24503,20835,ZAZ,,,,,,,,,,,,,,,,,
Sun,Zaragoza Airport,Bielsa,24503,20837,ZAZ,,,,,,,,,,,,,,,,,
Sun,Zaragoza Airport,Calahorra,24503,21061,ZAZ,,,,,,,,,,,,,,,,,
Sun,Zaragoza Airport,Calatayud,24503,21062,ZAZ,,,,,,,,,,,,,,,,,
Sun,Zaragoza Airport,Camping El Molino (Pamplona),24503,27182,ZAZ,,,,,,,,,,,,,,,,,
Sun,Zaragoza Airport,Candanchú,24503,20847,ZAZ,,,,,,,,,,,,,,,,,
Sun,Zaragoza Airport,Caspe,24503,25231,ZAZ,,,,,,,,,,,,,,,,,
Sun,Zaragoza Airport,Huesca,24503,21005,ZAZ,,,,,,,,,,,,,,,,,
Sun,Zaragoza Airport,Jaca,24503,20892,ZAZ,,,,,,,,,,,,,,,,,
Sun,Zaragoza Airport,Jaraba,24503,24523,ZAZ,,,,,,,,,,,,,,,,,
Sun,Zaragoza Airport,Lleida,24503,10076,ZAZ,,,,,,,,,,,,,,,,,
Sun,Zaragoza Airport,Logrono,24503,21116,ZAZ,,,,,,,,,,,,,,,,,
Sun,Zaragoza Airport,Mequinenza,24503,27643,ZAZ,,,,,,,,,,,,,,,,,
Sun,Zaragoza Airport,Núevalos,24503,32308,ZAZ,,,,,,,,,,,,,,,,,
Sun,Zaragoza Airport,Pamplona / Iruna,24503,20755,ZAZ,,,,,,,,,,,,,,,,,
Sun,Zaragoza Airport,Paúles De Sarsa,24503,27499,ZAZ,,,,,,,,,,,,,,,,,
Sun,Zurich Airport,Aarau,23501,32494,ZRH,,,,,,,,,,,,,,,,,
Sun,Zurich Airport,Adelboden,23501,22576,ZRH,,,,,,,,,,,,,,,,,
Sun,Zurich Airport,Arosa,23501,23423,ZRH,,,,,,,,,,,,,,,,,
Sun,Zurich Airport,Baar,23501,27612,ZRH,,,,,,,,,,,,,,,,,
Sun,Zurich Airport,Baden,23501,31744,ZRH,,,,,,,,,,,,,,,,,
Sun,Zurich Airport,Basel Airport,23501,22446,ZRH,,,,,,,,,,,,,,,,,
Sun,Zurich Airport,Bregenz,23501,23425,ZRH,,,,,,,,,,,,,,,,,
Sun,Zurich Airport,Canazei,23501,21578,ZRH,,,,,,,,,,,,,,,,,
Sun,Zurich Airport,Chamonix,23501,10637,ZRH,,,,,,,,,,,,,,,,,
Sun,Zurich Airport,Chur,23501,26545,ZRH,,,,,,,,,,,,,,,,,
Sun,Zurich Airport,Colmar,23501,22447,ZRH,,,,,,,,,,,,,,,,,
Sun,Zurich Airport,Courchevel,23501,10641,ZRH,,,,,,,,,,,,,,,,,
Sun,Zurich Airport,Crans Montana,23501,10694,ZRH,,,,,,,,,,,,,,,,,
Sun,Zurich Airport,Damüls,23501,35884,ZRH,,,,,,,,,,,,,,,,,
Sun,Zurich Airport,Davos,23501,23427,ZRH,,,,,,,,,,,,,,,,,
Sun,Zurich Airport,Dornbirn,23501,23428,ZRH,,,,,,,,,,,,,,,,,
Sun,Zurich Airport,Feldkirch,23501,23429,ZRH,,,,,,,,,,,,,,,,,
Sun,Zurich Airport,Fiss,23501,22241,ZRH,,,,,,,,,,,,,,,,,
Sun,Zurich Airport,Flims,23501,23430,ZRH,,,,,,,,,,,,,,,,,
Sun,Zurich Airport,Freiburg Im Breisgau,23501,22449,ZRH,,,,,,,,,,,,,,,,,
Sun,Zurich Airport,Geneva Airport,23501,10668,ZRH,,,,,,,,,,,,,,,,,
Sun,Zurich Airport,Grindelwald,23501,10698,ZRH,,,,,,,,,,,,,,,,,
Sun,Zurich Airport,Gstaad,23501,22578,ZRH,,,,,,,,,,,,,,,,,
Sun,Zurich Airport,Ischgl,23501,22260,ZRH,,,,,,,,,,,,,,,,,
Sun,Zurich Airport,Klosters,23501,23436,ZRH,,,,,,,,,,,,,,,,,
Sun,Zurich Airport,Konstanz,23501,25171,ZRH,,,,,,,,,,,,,,,,,
Sun,Zurich Airport,Laax,23501,23431,ZRH,,,,,,,,,,,,,,,,,
Sun,Zurich Airport,Lech Am Arlberg,23501,22279,ZRH,,,,,,,,,,,,,,,,,
Sun,Zurich Airport,Lindenberg Im Allgäu,23501,35193,ZRH,,,,,,,,,,,,,,,,,
Sun,Zurich Airport,Livigno,23501,21982,ZRH,,,,,,,,,,,,,,,,,
Sun,Zurich Airport,Milan Malpensa Airport,23501,21752,ZRH,,,,,,,,,,,,,,,,,
Sun,Zurich Airport,Montreux,23501,22552,ZRH,,,,,,,,,,,,,,,,,
Sun,Zurich Airport,Nendaz,23501,22580,ZRH,,,,,,,,,,,,,,,,,
Sun,Zurich Airport,Obergurgl,23501,22283,ZRH,,,,,,,,,,,,,,,,,
Sun,Zurich Airport,Saas Fee,23501,10697,ZRH,,,,,,,,,,,,,,,,,
Sun,Zurich Airport,Schruns,23501,23433,ZRH,,,,,,,,,,,,,,,,,
Sun,Zurich Airport,Serfaus,23501,22291,ZRH,,,,,,,,,,,,,,,,,
Sun,Zurich Airport,Sölden,23501,22292,ZRH,,,,,,,,,,,,,,,,,
Sun,Zurich Airport,Strasbourg,23501,22455,ZRH,,,,,,,,,,,,,,,,,
Sun,Zurich Airport,Tasch,23501,10696,ZRH,,,,,,,,,,,,,,,,,
Sun,Zurich Airport,Verbier,23501,20693,ZRH,,,,,,,,,,,,,,,,,
Sun,Zurich Airport,Villingen-Schwenningen,23501,34409,ZRH,,,,,,,,,,,,,,,,,
Sun,Zurich Airport,Vitznau,23501,36645,ZRH,,,,,,,,,,,,,,,,,
Sun,Zurich Airport,Wädenswil,23501,35147,ZRH,,,,,,,,,,,,,,,,,
Sun,Zurich Airport,Warth,23501,40089,ZRH,,,,,,,,,,,,,,,,,
Sun,Zurich Airport,Weggis,23501,32888,ZRH,,,,,,,,,,,,,,,,,
Sun,Zurich Airport,Zofingen,23501,31920,ZRH,,,,,,,,,,,,,,,,,
